-- phpMyAdmin SQL Dump
-- version 5.2.1deb3
-- https://www.phpmyadmin.net/
--
-- Host: localhost:3306
-- Generation Time: Jun 20, 2026 at 07:48 PM
-- Server version: 8.4.8
-- PHP Version: 8.3.6

SET SQL_MODE = "NO_AUTO_VALUE_ON_ZERO";
START TRANSACTION;
SET time_zone = "+00:00";


/*!40101 SET @OLD_CHARACTER_SET_CLIENT=@@CHARACTER_SET_CLIENT */;
/*!40101 SET @OLD_CHARACTER_SET_RESULTS=@@CHARACTER_SET_RESULTS */;
/*!40101 SET @OLD_COLLATION_CONNECTION=@@COLLATION_CONNECTION */;
/*!40101 SET NAMES utf8mb4 */;

--
-- Database: `dialysis_db`
--

-- --------------------------------------------------------

--
-- Table structure for table `distributions`
--

CREATE TABLE `distributions` (
  `id` int NOT NULL,
  `dist_date` date NOT NULL,
  `office_id` int NOT NULL,
  `warehouse_id` int NOT NULL,
  `patient_id` int NOT NULL,
  `created_at` timestamp NULL DEFAULT CURRENT_TIMESTAMP,
  `time_period` varchar(10) CHARACTER SET utf8mb4 COLLATE utf8mb4_persian_ci DEFAULT '',
  `scan_image` varchar(255) CHARACTER SET utf8mb4 COLLATE utf8mb4_persian_ci DEFAULT NULL
) ENGINE=InnoDB DEFAULT CHARSET=utf8mb4 COLLATE=utf8mb4_persian_ci;

--
-- Dumping data for table `distributions`
--

INSERT INTO `distributions` (`id`, `dist_date`, `office_id`, `warehouse_id`, `patient_id`, `created_at`, `time_period`, `scan_image`) VALUES
(1, '2026-02-10', 1, 1, 9, '2026-04-23 09:10:09', 'noon', 'upfiles/distribution_scans/dist_1_ae6672679282a82a3ff939481b9abd17.jpeg'),
(2, '2026-02-11', 1, 1, 2, '2026-04-28 10:04:16', 'morning', 'upfiles/distribution_scans/dist_2_9a3f58b9b274780c93a877957dc8d130.jpeg'),
(3, '2026-02-11', 1, 1, 3, '2026-04-28 10:08:06', 'morning', 'upfiles/distribution_scans/dist_3_3c655a7a9da5059db25fb5789366b0af.jpeg'),
(4, '2026-02-11', 1, 1, 1, '2026-04-28 10:12:00', 'noon', 'upfiles/distribution_scans/dist_4_50fb3da99887d2c155a9e0a2f8116cec.jpeg'),
(5, '2026-02-11', 1, 1, 5, '2026-04-28 10:13:46', 'morning', 'upfiles/distribution_scans/dist_5_3493184beb93981bc6fa110662604b39.jpeg'),
(6, '2026-02-11', 1, 1, 6, '2026-04-28 10:16:30', 'morning', 'upfiles/distribution_scans/dist_6_f9c78290743136b6fd1dc08cdc44fe54.jpeg'),
(7, '2026-02-11', 1, 1, 4, '2026-04-28 10:18:38', 'morning', 'upfiles/distribution_scans/dist_7_749735d72923ca8ec21a2c43182187e2.jpeg'),
(8, '2026-02-11', 1, 1, 7, '2026-04-28 10:20:18', 'noon', 'upfiles/distribution_scans/dist_8_bd9fb49d8cf02d01e79aed9c17daafb7.jpeg'),
(9, '2026-02-12', 1, 1, 11, '2026-04-28 10:22:59', 'morning', 'upfiles/distribution_scans/dist_9_1f675a46fdea756f05bc7713cee850e9.jpeg'),
(10, '2026-02-12', 1, 1, 12, '2026-04-28 10:29:34', 'morning', 'upfiles/distribution_scans/dist_10_fe3e3f31f1b57df47eb97bffc4435908.jpeg'),
(11, '2026-02-14', 1, 1, 8, '2026-04-29 10:26:23', 'morning', 'upfiles/distribution_scans/dist_11_626e8361cf81fbd4ce49669612db5cb2.jpeg'),
(18, '2026-02-14', 1, 1, 13, '2026-04-29 11:14:36', 'noon', 'upfiles/distribution_scans/dist_18_7ab59cfc4b316ddbf53db3369c3db056.jpeg'),
(19, '2026-02-14', 1, 1, 14, '2026-04-29 11:15:38', 'morning', 'upfiles/distribution_scans/dist_19_d9cabd0d114bf9a3a62cbf6925759538.jpeg'),
(21, '2026-02-14', 1, 1, 10, '2026-04-29 11:18:19', 'morning', 'upfiles/distribution_scans/dist_21_5ae9885f037c0c0b77c2d76cff3de160.jpeg'),
(22, '2026-02-14', 1, 1, 24, '2026-04-29 11:21:22', 'morning', 'upfiles/distribution_scans/dist_22_e7e160d9460cb2acdec6217b7ce7620e.jpeg'),
(24, '2026-02-14', 1, 1, 27, '2026-04-29 11:23:11', 'morning', 'upfiles/distribution_scans/dist_24_8c716a4bdda911fbbd80e889dfac7c74.jpeg'),
(25, '2026-02-16', 1, 1, 34, '2026-04-29 11:53:56', 'morning', 'upfiles/distribution_scans/dist_25_10a28e88b370c309d1f7b827fe1ae6bc.jpeg'),
(26, '2026-02-16', 1, 1, 61, '2026-04-29 12:00:39', 'morning', 'upfiles/distribution_scans/dist_26_42ce10c8ccee367cfa2698c6d8a95347.jpeg'),
(27, '2026-02-16', 1, 1, 19, '2026-04-29 12:02:11', 'morning', 'upfiles/distribution_scans/dist_27_11bd6d45c71b72cc14fbd2f00bff244b.jpeg'),
(28, '2026-02-16', 1, 1, 16, '2026-04-29 12:04:45', 'morning', 'upfiles/distribution_scans/dist_28_ad5a0b52d2d8754c3baf61741200e128.jpeg'),
(29, '2026-02-14', 1, 1, 67, '2026-05-02 04:03:38', 'morning', 'upfiles/distribution_scans/dist_29_1eeaaa05fa2692fbe4b0cf6418a690ba.jpeg'),
(30, '2026-02-16', 1, 1, 29, '2026-05-02 04:56:11', 'morning', 'upfiles/distribution_scans/dist_30_12da81b4f8aa703ab28ec35d59df59ef.jpeg'),
(31, '2026-02-16', 1, 1, 18, '2026-05-02 04:58:27', 'morning', 'upfiles/distribution_scans/dist_31_b4d0f8ccb7cd5fdc78d0edf2cec83bc5.jpeg'),
(32, '2026-02-16', 1, 1, 26, '2026-05-02 04:59:52', 'morning', 'upfiles/distribution_scans/dist_32_7d23d7f60e1bcd1f084c99c421cc4cd6.jpeg'),
(33, '2026-02-16', 1, 1, 23, '2026-05-02 05:01:56', 'morning', 'upfiles/distribution_scans/dist_33_ef9a2dd26f0ca6fd0a338d725fcdde40.jpeg'),
(34, '2026-02-16', 1, 1, 45, '2026-05-02 05:03:16', 'noon', 'upfiles/distribution_scans/dist_34_003f94ec09d3a0e12f236d4d62648c0d.jpeg'),
(36, '2026-02-17', 1, 1, 40, '2026-05-02 10:12:22', 'morning', 'upfiles/distribution_scans/dist_36_f0542e6890678d375269822f27867e9c.jpeg'),
(37, '2026-02-17', 1, 1, 21, '2026-05-02 10:15:45', 'morning', 'upfiles/distribution_scans/dist_37_895f47e9a7b4f8c1467abeaf04f95544.jpeg'),
(38, '2026-02-17', 1, 1, 28, '2026-05-02 10:26:07', 'morning', 'upfiles/distribution_scans/dist_38_203629c3167105b0099d20596aa00621.jpeg'),
(39, '2026-02-17', 1, 1, 51, '2026-05-02 10:27:14', 'morning', 'upfiles/distribution_scans/dist_39_c049433096f156b66559641ba81ffe1a.jpeg'),
(40, '2026-02-17', 1, 1, 38, '2026-05-02 10:32:38', 'morning', 'upfiles/distribution_scans/dist_40_1bb72030d9aa82d42b061ff5bbb23b6e.jpeg'),
(41, '2026-02-17', 1, 1, 15, '2026-05-02 10:34:17', 'morning', 'upfiles/distribution_scans/dist_41_01ff121676003c475affa8a8b8230339.jpeg'),
(42, '2026-02-17', 1, 1, 31, '2026-05-02 10:35:51', 'morning', 'upfiles/distribution_scans/dist_42_4ea8b08f6d6698e719ad12ecda9609ef.jpeg'),
(43, '2026-02-17', 1, 1, 47, '2026-05-02 10:36:45', 'noon', 'upfiles/distribution_scans/dist_43_b5015e8ef64e8540150fa8c38bce99f3.jpeg'),
(45, '2026-02-17', 1, 1, 68, '2026-05-02 10:43:17', 'morning', 'upfiles/distribution_scans/dist_45_303cc3c37f6331a54e6e2026bc14a8b3.jpeg'),
(46, '2026-02-17', 1, 1, 69, '2026-05-02 10:53:42', 'noon', 'upfiles/distribution_scans/dist_46_d2127411a07e2fa70808de0b4b86a94e.jpeg'),
(47, '2026-02-18', 1, 1, 2, '2026-05-02 10:55:59', 'morning', 'upfiles/distribution_scans/dist_47_c7dd4ce2ffeb878294f6a0c5f5e4ed5b.jpeg'),
(48, '2026-02-18', 1, 1, 25, '2026-05-02 10:57:11', 'morning', 'upfiles/distribution_scans/dist_48_1f36af06738e93665aef80a4883ec46d.jpeg'),
(49, '2026-02-18', 1, 1, 22, '2026-05-02 10:58:12', 'morning', 'upfiles/distribution_scans/dist_49_f8a3670c724067c9b5beb3b4eeca87eb.jpeg'),
(50, '2026-02-18', 1, 1, 20, '2026-05-02 10:59:22', 'morning', 'upfiles/distribution_scans/dist_50_1570d699cbbb9dc57882b80fac8e3df5.jpeg'),
(51, '2026-02-18', 1, 1, 30, '2026-05-02 11:00:51', 'morning', 'upfiles/distribution_scans/dist_51_c66837cc0fe7e80a23343cb4d2c948ed.jpeg'),
(54, '2026-02-18', 1, 1, 70, '2026-05-02 11:08:41', 'morning', 'upfiles/distribution_scans/dist_54_899517acfe323406a9271d312139a73a.jpeg'),
(55, '2026-02-19', 1, 1, 5, '2026-05-02 11:11:15', 'morning', 'upfiles/distribution_scans/dist_55_6a57b6f3e9de7bafe57dee0f3f82af07.jpeg'),
(56, '2026-02-19', 1, 1, 17, '2026-05-02 11:14:44', 'morning', 'upfiles/distribution_scans/dist_56_5eb5b5282bc0e052b9267f724caee286.jpeg'),
(57, '2026-02-19', 1, 1, 37, '2026-05-02 11:15:38', 'morning', 'upfiles/distribution_scans/dist_57_e948b6fa67e2958fcd763c627b3b79e5.jpeg'),
(59, '2026-02-19', 1, 1, 48, '2026-05-02 11:17:43', 'morning', 'upfiles/distribution_scans/dist_59_a0e131dd1750461b2cc125d6ab17642d.jpeg'),
(60, '2026-02-18', 1, 1, 71, '2026-05-02 11:21:27', 'morning', 'upfiles/distribution_scans/dist_60_79b1b2981fa8d2f1ebfdaafa903804e8.jpeg'),
(61, '2026-02-25', 1, 1, 25, '2026-05-03 11:31:38', 'morning', 'upfiles/distribution_scans/dist_61_7f8e656249067958549037c8126d9f47.jpeg'),
(62, '2026-02-25', 1, 1, 36, '2026-05-03 11:32:39', 'morning', 'upfiles/distribution_scans/dist_62_37c371428dec0197875dfc4c3d6c6c83.jpeg'),
(63, '2026-02-25', 1, 1, 51, '2026-05-03 11:33:36', 'morning', 'upfiles/distribution_scans/dist_63_bfc2a2f4cc67166495209dd4d8d6b0fb.jpeg'),
(64, '2026-02-26', 1, 1, 9, '2026-05-04 08:31:40', 'morning', 'upfiles/distribution_scans/dist_64_720f3e1ccbb488a2103fff12496ba933.jpeg'),
(65, '2026-02-26', 1, 1, 44, '2026-05-04 09:45:15', 'morning', 'upfiles/distribution_scans/dist_65_fd35e770ac77fa1bd6ce78819fbb8393.jpeg'),
(66, '2026-02-26', 1, 1, 15, '2026-05-04 09:47:11', 'morning', 'upfiles/distribution_scans/dist_66_49181d194ed171048c232994a0a72698.jpeg'),
(67, '2026-02-26', 1, 1, 14, '2026-05-04 09:51:44', 'morning', 'upfiles/distribution_scans/dist_67_b0ebd4ca6113cd27f13239d9058f4153.jpeg'),
(68, '2026-02-26', 1, 1, 33, '2026-05-04 09:53:26', 'morning', 'upfiles/distribution_scans/dist_68_465444eec16dfe11b2c7f338b37dfaa8.jpeg'),
(69, '2026-02-28', 1, 1, 8, '2026-05-12 07:48:51', 'morning', 'upfiles/distribution_scans/dist_69_9f756a6305de3da6149b2505868d956c.jpeg'),
(70, '2026-02-28', 1, 1, 31, '2026-05-12 07:53:30', 'morning', 'upfiles/distribution_scans/dist_70_591d7047b3d5a67712d80e4ba48f0ca2.jpeg'),
(71, '2026-02-28', 1, 1, 43, '2026-05-12 07:54:22', 'morning', 'upfiles/distribution_scans/dist_71_d5a49e3efea6f4118ec470c7eb40c94e.jpeg'),
(72, '2026-02-28', 1, 1, 39, '2026-05-12 07:58:26', 'morning', 'upfiles/distribution_scans/dist_72_284d2e885949f3dbec97b3cc42d33d3b.jpeg'),
(73, '2026-03-01', 1, 1, 26, '2026-05-12 08:00:50', 'morning', 'upfiles/distribution_scans/dist_73_6f755ed5e7021dcf3b22fc399f56e1c1.jpeg'),
(74, '2026-03-01', 1, 1, 42, '2026-05-12 08:06:33', 'morning', 'upfiles/distribution_scans/dist_74_7ae13d44f3ac89733069613113904803.jpeg'),
(75, '2026-03-01', 1, 1, 50, '2026-05-12 08:08:11', 'morning', 'upfiles/distribution_scans/dist_75_2c8d2b98428a8db53c0c69b32b6da9bf.jpeg'),
(76, '2026-03-01', 1, 1, 35, '2026-05-12 08:10:45', 'morning', 'upfiles/distribution_scans/dist_76_e049d3c050771941f169702070b85b77.jpeg'),
(77, '2026-03-01', 1, 1, 2, '2026-05-12 08:18:56', 'morning', 'upfiles/distribution_scans/dist_77_02f63158cd9af188024abe0d9210058a.jpeg'),
(78, '2026-03-01', 1, 1, 5, '2026-05-12 08:33:38', 'morning', 'upfiles/distribution_scans/dist_78_d78d807f85e12038b78e0b91bd700ca8.jpeg'),
(79, '2026-03-01', 1, 1, 32, '2026-05-12 08:38:47', 'morning', 'upfiles/distribution_scans/dist_79_d646904aa5aa413059487ec705df6b02.jpeg'),
(80, '2026-03-02', 1, 1, 41, '2026-05-12 08:42:49', 'morning', 'upfiles/distribution_scans/dist_80_559ca4bb40fc9d825cde486abf3553c3.jpeg'),
(81, '2026-03-02', 1, 1, 30, '2026-05-12 08:46:38', 'morning', 'upfiles/distribution_scans/dist_81_9113577287abac45f8315e371852c203.jpeg'),
(82, '2026-03-02', 1, 1, 11, '2026-05-12 09:34:21', 'morning', 'upfiles/distribution_scans/dist_82_9247de8d63aee4f598fbf145c9ee9fb5.jpeg'),
(83, '2026-03-02', 1, 1, 51, '2026-05-12 10:27:06', 'morning', 'upfiles/distribution_scans/dist_83_0f57981bf3ad532c9ba61a2ca3abf183.jpeg'),
(86, '2026-03-03', 1, 1, 18, '2026-05-12 10:34:19', 'morning', 'upfiles/distribution_scans/dist_86_364384969a93fbd57f08f65674eca315.jpeg'),
(88, '2026-03-03', 1, 1, 21, '2026-05-12 10:36:13', 'morning', 'upfiles/distribution_scans/dist_88_37b0e3328dea3666f0cc038ae8ba3c0f.jpeg'),
(89, '2026-03-03', 1, 1, 33, '2026-05-12 10:38:00', 'morning', 'upfiles/distribution_scans/dist_89_eab4273afa5077533f1894dd8ced950d.jpeg'),
(90, '2026-03-03', 1, 1, 37, '2026-05-12 10:41:35', 'morning', 'upfiles/distribution_scans/dist_90_4b88db145bb45a77c155828c50cdf6d2.jpeg'),
(91, '2026-03-04', 1, 1, 4, '2026-05-12 11:14:31', 'morning', 'upfiles/distribution_scans/dist_91_0208f384204e97ae52d3dd234ce46ac3.jpeg'),
(92, '2026-03-04', 1, 1, 36, '2026-05-12 11:15:26', 'morning', 'upfiles/distribution_scans/dist_92_7c936e50a6a8d1ca70abfe3a78d6117f.jpeg'),
(93, '2026-03-04', 1, 1, 20, '2026-05-12 11:16:26', 'morning', 'upfiles/distribution_scans/dist_93_ffde7a936af4754d510273c6e4e9c51e.jpeg'),
(94, '2026-03-04', 1, 1, 14, '2026-05-12 11:17:46', 'morning', 'upfiles/distribution_scans/dist_94_0fa6602117461f62221731660d81e630.jpeg'),
(95, '2026-03-05', 1, 1, 17, '2026-05-12 11:20:16', 'morning', 'upfiles/distribution_scans/dist_95_92c6398b6676db4538a27b5720b8e0f8.jpeg'),
(96, '2026-03-05', 1, 1, 29, '2026-05-12 11:21:03', 'morning', 'upfiles/distribution_scans/dist_96_37fe7c640175d6fc9fc203bae3414a99.jpeg'),
(97, '2026-03-07', 1, 1, 8, '2026-05-13 11:25:25', 'morning', 'upfiles/distribution_scans/dist_97_aaafb3ddce3fd3a5fcd7ac04109adce2.jpeg'),
(98, '2026-03-07', 1, 1, 5, '2026-05-13 11:26:16', 'morning', 'upfiles/distribution_scans/dist_98_a0f0e281167dbb9f034a2c8335ca42b8.jpeg'),
(99, '2026-03-07', 1, 1, 28, '2026-05-13 11:27:36', 'morning', 'upfiles/distribution_scans/dist_99_773c748a3efd9dde68d48864b220bbe6.jpeg'),
(100, '2026-03-07', 1, 1, 49, '2026-05-13 11:28:31', 'morning', 'upfiles/distribution_scans/dist_100_c94fbbed6584c5ec94c7ef51a1bbb637.jpeg'),
(101, '2026-03-08', 1, 1, 39, '2026-05-16 10:15:05', 'morning', 'upfiles/distribution_scans/dist_101_6d0dda01ed3902bab78c94a49d817048.jpeg'),
(102, '2026-03-08', 1, 1, 45, '2026-05-16 10:16:34', 'morning', 'upfiles/distribution_scans/dist_102_6c67510956c0fdf5ff1808d98fa9590d.jpeg'),
(103, '2026-03-08', 1, 1, 9, '2026-05-16 10:18:07', 'morning', 'upfiles/distribution_scans/dist_103_939fad8bea0f72310bb172efe91e7c22.jpeg'),
(104, '2026-03-08', 1, 1, 47, '2026-05-16 10:19:02', 'morning', 'upfiles/distribution_scans/dist_104_acc19a30e2422afdb14094f1ea5a8b35.jpeg'),
(105, '2026-03-09', 1, 1, 15, '2026-05-16 10:56:23', 'morning', 'upfiles/distribution_scans/dist_105_c89f16084289c4e67be472daade1d173.jpeg'),
(106, '2026-03-09', 1, 1, 34, '2026-05-16 10:57:20', 'morning', 'upfiles/distribution_scans/dist_106_807a23be74296bb1fdbabbb5a4cfd7c5.jpeg'),
(107, '2026-03-09', 1, 1, 26, '2026-05-16 10:58:47', 'morning', 'upfiles/distribution_scans/dist_107_6ad761707da33e9c8182817dccd837c5.jpeg'),
(108, '2026-03-10', 1, 1, 54, '2026-05-16 11:00:18', 'morning', 'upfiles/distribution_scans/dist_108_2ff41b2b82f4f1ab622b12c6e0aec7e4.jpeg'),
(109, '2026-03-10', 1, 1, 35, '2026-05-16 11:01:23', 'morning', 'upfiles/distribution_scans/dist_109_61a422080c24a62240a249a30760d0bf.jpeg'),
(110, '2026-03-10', 1, 1, 1, '2026-05-16 11:02:42', 'noon', 'upfiles/distribution_scans/dist_110_f2df1b807c6b7ccfff422477ff673309.jpeg'),
(111, '2026-03-10', 1, 1, 14, '2026-05-16 11:03:42', 'noon', 'upfiles/distribution_scans/dist_111_3f6e4fb7b28204cb89d17fe33e5a3c40.jpeg'),
(112, '2026-03-14', 1, 1, 48, '2026-05-16 11:05:36', 'noon', 'upfiles/distribution_scans/dist_112_6407b808d7c1d0e0bd6c11c3aba7531d.jpeg'),
(113, '2026-03-15', 1, 1, 52, '2026-05-16 11:08:41', 'morning', 'upfiles/distribution_scans/dist_113_dec2624eee401d3c4476294545538dfc.jpeg'),
(114, '2026-03-15', 1, 1, 1, '2026-05-16 11:09:22', 'morning', 'upfiles/distribution_scans/dist_114_5731ac8959e5dbda3d520855f490b77f.jpeg'),
(115, '2026-03-16', 1, 1, 2, '2026-05-16 11:11:01', 'morning', 'upfiles/distribution_scans/dist_115_342c1b802bedbf1656405fbd03b5f1e2.jpeg'),
(116, '2026-03-16', 1, 1, 41, '2026-05-16 11:12:14', 'morning', 'upfiles/distribution_scans/dist_116_c3d0c4d1b9097a3e405a39e5eec946d5.jpeg'),
(117, '2026-03-16', 1, 1, 47, '2026-05-16 11:14:19', 'morning', 'upfiles/distribution_scans/dist_117_b486ddd16f51789c4decea2c79f1889b.jpeg'),
(119, '2026-03-17', 1, 1, 50, '2026-05-16 11:18:47', 'noon', 'upfiles/distribution_scans/dist_119_0932d67ea4920b044d03a5b339dfc693.jpeg'),
(120, '2026-03-17', 1, 1, 49, '2026-05-16 11:19:34', 'morning', 'upfiles/distribution_scans/dist_120_d21768f7f57f97562539c68c017e548c.jpeg'),
(121, '2026-03-24', 1, 1, 54, '2026-05-16 11:25:46', 'morning', 'upfiles/distribution_scans/dist_121_6484789bf24eea1111f89bb0ffb5dbe0.jpeg'),
(122, '2026-03-24', 1, 1, 46, '2026-05-16 11:27:05', 'morning', 'upfiles/distribution_scans/dist_122_86f833c2bc759ee9580f821eab8032c6.jpeg'),
(124, '2026-03-25', 1, 1, 26, '2026-05-16 11:30:55', 'morning', 'upfiles/distribution_scans/dist_124_559a62c82c0e18f97aaab5dd32332cdf.jpeg'),
(125, '2026-03-25', 1, 1, 15, '2026-05-16 11:32:15', 'morning', 'upfiles/distribution_scans/dist_125_2909841224b3699117ec20e32597dc1f.jpeg'),
(126, '2026-03-25', 1, 1, 51, '2026-05-16 11:33:38', 'morning', 'upfiles/distribution_scans/dist_126_11a04a9783da9911e52d729a91d285d8.jpeg'),
(127, '2026-03-25', 1, 1, 31, '2026-05-16 11:35:03', 'morning', 'upfiles/distribution_scans/dist_127_15fe30e34ef61bd0b8b861579714459c.jpeg'),
(128, '2026-03-26', 1, 1, 36, '2026-05-16 11:36:21', 'morning', 'upfiles/distribution_scans/dist_128_2a2faba5c8c0d6d945fa157a267f4d56.jpeg'),
(129, '2026-03-26', 1, 1, 19, '2026-05-16 11:37:38', 'morning', 'upfiles/distribution_scans/dist_129_38b33e85b47f47b225faa61d1705531b.jpeg'),
(130, '2026-03-28', 1, 1, 34, '2026-05-16 11:38:59', 'morning', 'upfiles/distribution_scans/dist_130_08dadc60e6a494744fbb51739e321343.jpeg'),
(131, '2026-03-28', 1, 1, 2, '2026-05-16 11:39:56', 'morning', 'upfiles/distribution_scans/dist_131_df5ede406539cd7ae1bf72dac9578b18.jpeg'),
(132, '2026-03-28', 1, 1, 47, '2026-05-16 11:41:33', 'morning', 'upfiles/distribution_scans/dist_132_800f4848dcb1305ca2cb0c76659c2158.jpeg'),
(133, '2026-03-28', 1, 1, 22, '2026-05-16 11:45:49', 'morning', 'upfiles/distribution_scans/dist_133_9e75b6eb56e050a7e0142411e4af1a6f.jpeg'),
(134, '2026-03-28', 1, 1, 38, '2026-05-16 11:46:29', 'morning', 'upfiles/distribution_scans/dist_134_e27995c798c8545ef780a09af5f1b278.jpeg'),
(135, '2026-03-29', 1, 1, 52, '2026-05-16 11:49:45', 'morning', 'upfiles/distribution_scans/dist_135_b65cf963983378ae305f36d48e3a5abf.jpeg'),
(136, '2026-03-29', 1, 1, 29, '2026-05-16 11:50:30', 'morning', 'upfiles/distribution_scans/dist_136_a125dafb20f0a11e4b4445f0f5605d08.jpeg'),
(137, '2026-03-29', 1, 1, 25, '2026-05-16 11:51:46', 'morning', 'upfiles/distribution_scans/dist_137_713ef5660a208c0f7de5c71da5132404.jpeg'),
(139, '2026-03-30', 1, 1, 45, '2026-05-16 18:59:36', 'morning', 'upfiles/distribution_scans/dist_139_13d69dc658a5f63b4aa4bd8a5658cdb2.jpeg'),
(140, '2026-03-30', 1, 1, 48, '2026-05-16 19:00:14', 'morning', 'upfiles/distribution_scans/dist_140_c2ba0046245cdebca1846da5b7bcde4d.jpeg'),
(141, '2026-03-30', 1, 1, 41, '2026-05-16 19:00:47', 'morning', 'upfiles/distribution_scans/dist_141_25ce6303e84daeffd752e432becba446.jpeg'),
(142, '2026-03-31', 1, 1, 11, '2026-05-16 19:05:12', 'morning', 'upfiles/distribution_scans/dist_142_48d8b27e2b7cdac1f2db458ce01a27e4.jpeg'),
(143, '2026-03-31', 1, 1, 1, '2026-05-16 19:05:44', 'morning', 'upfiles/distribution_scans/dist_143_abeb073d590c7f4e85ea264f46d985e8.jpeg'),
(144, '2026-03-31', 1, 1, 23, '2026-05-16 19:06:26', 'noon', 'upfiles/distribution_scans/dist_144_00305e532281e1901db36a08f6ead709.jpeg'),
(145, '2026-03-31', 1, 1, 14, '2026-05-16 19:07:29', 'noon', 'upfiles/distribution_scans/dist_145_145608af02ede9e49bf388a9c086ea84.jpeg'),
(146, '2026-04-01', 1, 1, 30, '2026-05-16 19:13:41', 'morning', 'upfiles/distribution_scans/dist_146_bc927d7e8bb8eb3f86a0bc13051d8208.jpeg'),
(147, '2026-04-01', 1, 1, 27, '2026-05-16 19:14:15', 'morning', 'upfiles/distribution_scans/dist_147_680244fcc32da2580016ccd95f32929f.jpeg'),
(148, '2026-04-01', 1, 1, 9, '2026-05-16 19:14:43', 'morning', 'upfiles/distribution_scans/dist_148_088b69e0e07cf5f3501fadd0d6d0c9ff.jpeg'),
(149, '2026-04-02', 1, 1, 4, '2026-05-16 19:16:52', 'morning', 'upfiles/distribution_scans/dist_149_0cfc98723f21c230f0f1325d8d5d728e.jpeg'),
(150, '2026-04-02', 1, 1, 17, '2026-05-16 19:17:46', 'morning', 'upfiles/distribution_scans/dist_150_48260c810a2c5ecdaf17ddfe6d8a2fe7.jpeg'),
(151, '2026-04-02', 1, 1, 33, '2026-05-16 19:18:43', 'morning', 'upfiles/distribution_scans/dist_151_031e4a140b25d8233c51a33d8d73b894.jpeg'),
(152, '2026-04-04', 1, 1, 18, '2026-05-16 19:20:03', 'morning', 'upfiles/distribution_scans/dist_152_f1117befeec576b722c076fda9237989.jpeg'),
(153, '2026-04-04', 1, 1, 50, '2026-05-16 19:20:53', 'morning', 'upfiles/distribution_scans/dist_153_990a8ac1d9362b056f98d3485db71cc3.jpeg'),
(154, '2026-04-04', 1, 1, 35, '2026-05-16 19:22:53', 'morning', 'upfiles/distribution_scans/dist_154_2e08c58462a9033d18d0a4e30001ea2b.jpeg'),
(155, '2026-04-05', 1, 1, 49, '2026-05-16 19:24:15', 'morning', 'upfiles/distribution_scans/dist_155_b89e213c7cdb25a7ba0cfca8bbf726df.jpeg'),
(156, '2026-04-05', 1, 1, 24, '2026-05-16 19:25:52', 'morning', 'upfiles/distribution_scans/dist_156_1ecf9f5883d99badeb0aec08bd356eac.jpeg'),
(157, '2026-04-05', 1, 1, 33, '2026-05-16 19:26:51', 'morning', 'upfiles/distribution_scans/dist_157_71688e8962b566d767d32c942334da4d.jpeg'),
(159, '2026-04-05', 1, 1, 47, '2026-05-16 19:28:53', 'morning', 'upfiles/distribution_scans/dist_159_63ea816dda18ed97beceff57117861c8.jpeg'),
(160, '2026-04-06', 1, 1, 8, '2026-05-16 23:43:40', 'morning', 'upfiles/distribution_scans/dist_160_521a7bc9ba839b75ae8071e3583802b5.jpeg'),
(161, '2026-04-06', 1, 1, 26, '2026-05-16 23:44:38', 'morning', 'upfiles/distribution_scans/dist_161_faaca7146d5bbb47004c8ad54fe4b35a.jpeg'),
(162, '2026-04-06', 1, 1, 46, '2026-05-16 23:46:09', 'morning', 'upfiles/distribution_scans/dist_162_df8632b05d999125545c3e5cd78b0eaa.jpeg'),
(163, '2026-04-06', 1, 1, 43, '2026-05-16 23:47:24', 'noon', 'upfiles/distribution_scans/dist_163_b077e413bb98f862e08793e70c9f2587.jpeg'),
(164, '2026-04-07', 1, 1, 21, '2026-05-17 00:00:01', 'morning', 'upfiles/distribution_scans/dist_164_ef34c1808938f6f52a14937c5958dae4.jpeg'),
(165, '2026-04-07', 1, 1, 15, '2026-05-17 00:00:59', 'morning', 'upfiles/distribution_scans/dist_165_28d94666deffe8eeca115f56a7564e13.jpeg'),
(166, '2026-04-07', 1, 1, 2, '2026-05-17 00:01:43', 'morning', 'upfiles/distribution_scans/dist_166_5a2013da044b4ab2ea190c32a8595a70.jpeg'),
(167, '2026-04-08', 1, 1, 45, '2026-05-17 00:02:57', 'noon', 'upfiles/distribution_scans/dist_167_e6cfc305d64832046ceff3e818783a00.jpeg'),
(168, '2026-04-08', 1, 1, 22, '2026-05-17 00:03:46', 'morning', 'upfiles/distribution_scans/dist_168_24e98565cf16831a07a7a9309b90d734.jpeg'),
(169, '2026-04-08', 1, 1, 78, '2026-05-17 00:06:01', 'noon', 'upfiles/distribution_scans/dist_169_9f69500bd49a9843ca8de6103a9eea7c.jpeg'),
(170, '2026-04-09', 1, 1, 5, '2026-05-17 00:07:54', 'morning', 'upfiles/distribution_scans/dist_170_8916c712438202b8ae849cf8a1436f17.jpeg'),
(171, '2026-04-09', 1, 1, 33, '2026-05-17 00:08:53', 'morning', 'upfiles/distribution_scans/dist_171_116650c2e0242628a87c3fe491bf58f3.jpeg'),
(172, '2026-04-09', 1, 1, 59, '2026-05-17 00:09:49', 'morning', NULL),
(173, '2026-04-09', 1, 1, 38, '2026-05-17 00:10:57', 'morning', 'upfiles/distribution_scans/dist_173_35d5a4a117cf0834113b2dfc13ccb7c9.jpeg'),
(174, '2026-04-09', 1, 1, 31, '2026-05-17 00:12:29', 'morning', 'upfiles/distribution_scans/dist_174_cc8a1eff3bb578e38a25b2fd5bd599ed.jpeg'),
(175, '2026-04-11', 1, 1, 30, '2026-05-17 00:13:59', 'morning', 'upfiles/distribution_scans/dist_175_776884e837bfab099db358c94c57c600.jpeg'),
(176, '2026-04-11', 1, 1, 32, '2026-05-17 00:14:51', 'morning', 'upfiles/distribution_scans/dist_176_46c6b88431f1257ec78ff9636023c81c.jpeg'),
(177, '2026-04-11', 1, 1, 9, '2026-05-17 00:15:28', 'morning', 'upfiles/distribution_scans/dist_177_e1b273647e8ced53b1cdc063f1dfd3ae.jpeg'),
(178, '2026-04-11', 1, 1, 78, '2026-05-17 00:16:15', 'morning', 'upfiles/distribution_scans/dist_178_667616263db9245fcb0928386cf65741.jpeg'),
(179, '2026-04-12', 1, 1, 52, '2026-05-17 00:17:15', 'morning', 'upfiles/distribution_scans/dist_179_6f3767d358a12f093a81f18fe52f69d3.jpeg'),
(180, '2026-04-12', 1, 1, 55, '2026-05-17 00:18:10', 'noon', 'upfiles/distribution_scans/dist_180_d0e0071fb823d7d0005cd3950d3655be.jpeg'),
(181, '2026-04-13', 1, 1, 31, '2026-05-17 00:19:20', 'morning', 'upfiles/distribution_scans/dist_181_9d3dd0ce0c261677b636320bb7a7e21e.jpeg'),
(182, '2026-04-13', 1, 1, 53, '2026-05-17 00:20:05', 'noon', 'upfiles/distribution_scans/dist_182_2b9438331b9facb4b197fb9e934ba0ed.jpeg'),
(183, '2026-04-13', 1, 1, 14, '2026-05-17 00:22:20', 'noon', 'upfiles/distribution_scans/dist_183_86b4e8d5265affe37246a78c2f67d11a.jpeg'),
(184, '2026-04-13', 1, 1, 47, '2026-05-17 00:23:12', 'morning', 'upfiles/distribution_scans/dist_184_0806e5fa9e1de6f9e97efd6423e9db01.jpeg'),
(185, '2026-04-13', 1, 1, 58, '2026-05-17 00:24:22', 'noon', 'upfiles/distribution_scans/dist_185_133db1b0a267190a1a4a44a0fbe1a15b.jpeg'),
(186, '2026-04-14', 1, 1, 57, '2026-05-17 00:25:37', 'morning', 'upfiles/distribution_scans/dist_186_2a444366c6e989995057420bb2b6f110.jpeg'),
(187, '2026-04-14', 1, 1, 45, '2026-05-17 00:26:31', 'morning', 'upfiles/distribution_scans/dist_187_273cc025c330811f0d2daddebc1e34c8.jpeg'),
(188, '2026-04-14', 1, 1, 56, '2026-05-17 00:27:31', 'morning', 'upfiles/distribution_scans/dist_188_c7615c59ebf9ba2af0ba19736d047f83.jpeg'),
(189, '2026-04-14', 1, 1, 43, '2026-05-17 00:28:10', 'noon', 'upfiles/distribution_scans/dist_189_bcdc581128235932b3370d86e2f74952.jpeg'),
(190, '2026-04-15', 1, 1, 18, '2026-05-17 00:29:57', 'morning', 'upfiles/distribution_scans/dist_190_6f502c40569e5b0ae3be8f535a2c39de.jpeg'),
(191, '2026-04-15', 1, 1, 20, '2026-05-17 00:30:43', 'morning', 'upfiles/distribution_scans/dist_191_1b8a831e9209ea9a6beef42d61cfd62a.jpeg'),
(192, '2026-04-15', 1, 1, 50, '2026-05-17 00:32:00', 'morning', 'upfiles/distribution_scans/dist_192_c1d4572871446a1023da01194c4a66cf.jpeg'),
(194, '2026-04-15', 1, 1, 48, '2026-05-17 00:33:31', 'noon', 'upfiles/distribution_scans/dist_194_dc06826b2ccb34b4795a0f5d80d6af56.jpeg'),
(195, '2026-04-15', 1, 1, 58, '2026-05-17 00:33:56', 'morning', 'upfiles/distribution_scans/dist_195_82440491378e581ef297baf789672abd.jpeg'),
(196, '2026-04-16', 1, 1, 15, '2026-05-17 00:35:12', 'morning', 'upfiles/distribution_scans/dist_196_03a38bc2006da3247ff194abfc7ea77c.jpeg'),
(197, '2026-04-16', 1, 1, 58, '2026-05-17 00:36:13', 'morning', 'upfiles/distribution_scans/dist_197_a7e0054430de02d99c4e97537779629d.jpeg'),
(198, '2026-04-16', 1, 1, 36, '2026-05-17 00:36:44', 'morning', 'upfiles/distribution_scans/dist_198_2f3a173050d038fd1f72c975ffbb7484.jpeg'),
(199, '2026-04-16', 1, 1, 29, '2026-05-17 00:37:50', 'morning', 'upfiles/distribution_scans/dist_199_2bfcaec83947c2361c745e3a68dc1798.jpeg'),
(201, '2026-04-18', 1, 1, 35, '2026-05-17 00:39:33', 'morning', 'upfiles/distribution_scans/dist_201_75fd381efba506b35667e507e12afe99.jpeg'),
(202, '2026-04-18', 1, 1, 2, '2026-05-17 00:40:46', 'noon', 'upfiles/distribution_scans/dist_202_f6b62ff1678c023d5bd96ad1fd7473a0.jpeg'),
(203, '2026-04-18', 1, 1, 1, '2026-05-17 00:41:31', 'noon', 'upfiles/distribution_scans/dist_203_7d66553d524bdcce14f27870a9354fac.jpeg'),
(204, '2026-04-18', 1, 1, 41, '2026-05-17 00:42:36', 'noon', 'upfiles/distribution_scans/dist_204_3be82f2a0fd9e0f7bb52af6cf5bcf085.jpeg'),
(205, '2026-04-19', 1, 1, 55, '2026-05-17 00:44:20', 'morning', 'upfiles/distribution_scans/dist_205_430c5a44ce915723c792d6c88a8646ca.jpeg'),
(206, '2026-04-19', 1, 1, 14, '2026-05-17 00:45:26', 'noon', 'upfiles/distribution_scans/dist_206_338e1884ff478083ecfd10d45c06e297.jpeg'),
(207, '2026-04-19', 1, 1, 51, '2026-05-17 00:46:26', 'noon', 'upfiles/distribution_scans/dist_207_eac077cc58175a912003fee257529ee9.jpeg'),
(208, '2026-04-20', 1, 1, 54, '2026-05-17 00:48:09', 'morning', 'upfiles/distribution_scans/dist_208_fdc70abdcc3d366a4f54d2192b9f9481.jpeg'),
(209, '2026-04-20', 1, 1, 59, '2026-05-17 00:49:47', 'morning', 'upfiles/distribution_scans/dist_209_80fae0116433fc1009fa11bb99df3b3c.jpeg'),
(210, '2026-04-20', 1, 1, 23, '2026-05-17 00:50:44', 'noon', 'upfiles/distribution_scans/dist_210_9c1dce4834b5d1d3b284fecd1ca28721.jpeg'),
(211, '2026-04-20', 1, 1, 65, '2026-05-17 00:51:46', 'morning', 'upfiles/distribution_scans/dist_211_78422cd5ab97ea77a4bd0c3fe80d058b.jpeg'),
(212, '2026-04-21', 1, 1, 64, '2026-05-17 00:54:39', 'morning', 'upfiles/distribution_scans/dist_212_78ba72e2f83a10ecf93ace63f0cc3729.jpeg'),
(213, '2026-04-21', 1, 1, 25, '2026-05-17 00:56:38', 'morning', 'upfiles/distribution_scans/dist_213_b33344142ce70a6cbe63c9d4e4e41409.jpeg'),
(214, '2026-04-21', 1, 1, 46, '2026-05-17 00:58:53', 'noon', 'upfiles/distribution_scans/dist_214_85f4d75725a09800281f83b19f6828c5.jpeg'),
(215, '2026-04-21', 1, 1, 56, '2026-05-17 01:03:07', 'morning', 'upfiles/distribution_scans/dist_215_86f387a3cabfa840f32f847136f1b495.jpeg'),
(217, '2026-04-21', 1, 1, 47, '2026-05-17 01:05:59', 'noon', 'upfiles/distribution_scans/dist_217_e9b9becd0ab8b29116c0a5d53bec63f1.jpeg'),
(218, '2026-04-22', 1, 1, 30, '2026-05-17 01:08:45', 'morning', 'upfiles/distribution_scans/dist_218_4ad8fdc450a0814765e2db1d876a4172.jpeg'),
(219, '2026-04-22', 1, 1, 20, '2026-05-17 01:09:17', 'morning', 'upfiles/distribution_scans/dist_219_de91d898a5fd947ad2041572e94a9c90.jpeg'),
(220, '2026-04-22', 1, 1, 21, '2026-05-17 01:10:02', 'noon', 'upfiles/distribution_scans/dist_220_17bfbe8be5591ad8f7d9d8534bdc182f.jpeg'),
(221, '2026-04-22', 1, 1, 43, '2026-05-17 01:11:04', 'noon', 'upfiles/distribution_scans/dist_221_32df5688a9c702dae7b393838acb64fc.jpeg'),
(222, '2026-04-23', 1, 1, 61, '2026-05-17 01:11:50', 'morning', 'upfiles/distribution_scans/dist_222_4cd7184bb952c74c746793184305ae3d.jpeg'),
(223, '2026-04-23', 1, 1, 63, '2026-05-17 01:13:36', 'morning', 'upfiles/distribution_scans/dist_223_31c19a045ab981d10d7e5d24641f7aec.jpeg'),
(224, '2026-04-23', 1, 1, 17, '2026-05-17 01:14:04', 'morning', 'upfiles/distribution_scans/dist_224_767f120cc3dde18b35b2db3c34ad9b9a.jpeg'),
(225, '2026-04-23', 1, 1, 9, '2026-05-17 01:14:29', 'morning', 'upfiles/distribution_scans/dist_225_b2fe2d9071b8b72ffb41061a96f1621a.jpeg'),
(226, '2026-04-25', 1, 1, 4, '2026-05-17 01:17:05', 'morning', 'upfiles/distribution_scans/dist_226_dd3e28931c611ac2f00d338b2ead44a8.jpeg'),
(227, '2026-04-25', 1, 1, 22, '2026-05-17 01:20:14', 'noon', 'upfiles/distribution_scans/dist_227_a40ba05a302e2a98cde4d1825cb3c833.jpeg'),
(228, '2026-04-25', 1, 1, 1, '2026-05-17 01:21:15', 'noon', 'upfiles/distribution_scans/dist_228_25034ddd60762a684ecebfa4213c8eba.jpeg'),
(229, '2026-04-25', 1, 1, 27, '2026-05-17 01:21:37', 'morning', 'upfiles/distribution_scans/dist_229_479cb5e7a4b5313106f22aba0278e6d2.jpeg'),
(230, '2026-04-26', 1, 1, 15, '2026-05-17 01:23:24', 'morning', 'upfiles/distribution_scans/dist_230_128c303f179a110981a13cbed794ac4f.jpeg'),
(231, '2026-04-26', 1, 1, 8, '2026-05-17 01:23:59', 'morning', 'upfiles/distribution_scans/dist_231_b7c71bdcc077c6021c42903726ef5977.jpeg'),
(232, '2026-04-26', 1, 1, 52, '2026-05-17 01:24:31', 'noon', 'upfiles/distribution_scans/dist_232_cfaa68df81accd099c1f2d758438a3f5.jpeg'),
(233, '2026-04-27', 1, 1, 54, '2026-05-17 01:25:32', 'morning', 'upfiles/distribution_scans/dist_233_953181edfba64eb3843bf0fa5064ebed.jpeg'),
(234, '2026-04-27', 1, 1, 60, '2026-05-17 01:27:05', 'morning', 'upfiles/distribution_scans/dist_234_42ae71c266a21dc2a8e4e3aebe5a04c5.jpeg'),
(235, '2026-04-27', 1, 1, 74, '2026-05-17 01:28:05', 'morning', 'upfiles/distribution_scans/dist_235_c02097180f57815a7e20cc7ebe723ce8.jpeg'),
(236, '2026-04-27', 1, 1, 14, '2026-05-17 01:29:11', 'noon', 'upfiles/distribution_scans/dist_236_cc60753bef959eb14f0b94213b75fc73.jpeg'),
(237, '2026-04-27', 1, 1, 45, '2026-05-17 01:30:17', 'noon', 'upfiles/distribution_scans/dist_237_9ad0fc881f057288bb3aca40f86ff76e.jpeg'),
(238, '2026-04-27', 1, 1, 9, '2026-05-17 01:31:28', 'noon', 'upfiles/distribution_scans/dist_238_d3f43a725ceb8e885ba45f19709131d0.jpeg'),
(239, '2026-04-28', 1, 1, 21, '2026-05-17 01:33:46', 'morning', 'upfiles/distribution_scans/dist_239_084e16957be7fdb916a6df791cdaed02.jpeg'),
(240, '2026-04-28', 1, 1, 18, '2026-05-17 01:34:36', 'morning', 'upfiles/distribution_scans/dist_240_51848d469435b331ff519d08ed1037b0.jpeg'),
(241, '2026-04-28', 1, 1, 43, '2026-05-17 01:35:10', 'morning', 'upfiles/distribution_scans/dist_241_4a21a20f856c82f04c857afe5b83c65f.jpeg'),
(243, '2026-04-28', 1, 1, 65, '2026-05-17 01:35:59', 'morning', 'upfiles/distribution_scans/dist_243_6375a2a013580c0cdac6c451cd8fcb49.jpeg'),
(244, '2026-04-28', 1, 1, 55, '2026-05-17 01:36:41', 'morning', 'upfiles/distribution_scans/dist_244_9b863f2258f46202469dfcef297ded77.jpeg'),
(245, '2026-04-28', 1, 1, 33, '2026-05-17 01:37:21', 'noon', 'upfiles/distribution_scans/dist_245_ffd949fc911008ecd2fe88411ca283c4.jpeg'),
(246, '2026-04-29', 1, 1, 20, '2026-05-17 01:40:26', 'morning', 'upfiles/distribution_scans/dist_246_5e04c54a91ba5dca1afd2decdc260fef.jpeg'),
(247, '2026-04-29', 1, 1, 25, '2026-05-17 01:41:03', 'morning', 'upfiles/distribution_scans/dist_247_b96566a44a48489bd1667251e8a47b01.jpeg'),
(248, '2026-04-29', 1, 1, 36, '2026-05-17 01:41:44', 'morning', 'upfiles/distribution_scans/dist_248_803d771f10a3aefdc297632bc82c91b6.jpeg'),
(250, '2026-04-29', 1, 1, 47, '2026-05-17 01:42:19', 'morning', 'upfiles/distribution_scans/dist_250_1c23526eba18eadf05e522178d0ab460.jpeg'),
(251, '2026-04-29', 1, 1, 38, '2026-05-17 01:42:56', 'morning', 'upfiles/distribution_scans/dist_251_19c0dc152e512455848a735aa4a3ea47.jpeg'),
(252, '2026-04-30', 1, 1, 31, '2026-05-17 01:44:17', 'morning', NULL),
(254, '2026-04-30', 1, 1, 2, '2026-05-17 01:44:57', 'morning', 'upfiles/distribution_scans/dist_254_24d01bf48cfed25fad15b344e903bb62.jpeg'),
(255, '2026-04-30', 1, 1, 35, '2026-05-17 01:45:37', 'morning', 'upfiles/distribution_scans/dist_255_b11d151a48e467a254d9aaafce170d9c.jpeg'),
(256, '2026-04-30', 1, 1, 29, '2026-05-17 01:46:34', 'morning', 'upfiles/distribution_scans/dist_256_788172b39c2ee03fa7c765083298134f.jpeg'),
(257, '2026-05-02', 1, 1, 64, '2026-05-17 01:47:38', 'morning', 'upfiles/distribution_scans/dist_257_075d4cb1b095ee5605d01cea793beb79.jpeg'),
(258, '2026-05-02', 1, 1, 55, '2026-05-17 01:48:15', 'morning', 'upfiles/distribution_scans/dist_258_7808b23bec9c0ee9e03d8613d22c192c.jpeg'),
(259, '2026-05-02', 1, 1, 11, '2026-05-17 01:49:28', 'morning', 'upfiles/distribution_scans/dist_259_e204b8a73f47d83b2f486b597b6ce800.jpeg'),
(260, '2026-05-02', 1, 1, 62, '2026-05-17 01:50:25', 'morning', 'upfiles/distribution_scans/dist_260_1e5482060b410227036219ea5347d29f.jpeg'),
(261, '2026-05-02', 1, 1, 75, '2026-05-17 01:50:53', 'morning', 'upfiles/distribution_scans/dist_261_e11ddbc73ea2d9c6abd4b65a512f93cd.jpeg'),
(262, '2026-05-03', 1, 1, 33, '2026-05-17 01:51:45', 'morning', 'upfiles/distribution_scans/dist_262_968a558cc9231c6be9abece668f63cb2.jpeg'),
(263, '2026-05-03', 1, 1, 66, '2026-05-17 01:52:27', 'morning', 'upfiles/distribution_scans/dist_263_eef6e851de1a6cf43dd0e43d933488c2.jpeg'),
(265, '2026-05-03', 1, 1, 19, '2026-05-17 01:53:17', 'noon', 'upfiles/distribution_scans/dist_265_ac67fa535d2a0a6c666819f9743542c3.jpeg'),
(266, '2026-05-03', 1, 1, 53, '2026-05-17 01:54:16', 'morning', 'upfiles/distribution_scans/dist_266_40a42cfea8c40872bb2018b898acd852.jpeg'),
(268, '2026-05-04', 1, 1, 41, '2026-05-17 01:55:15', 'morning', 'upfiles/distribution_scans/dist_268_96b9ab3b4bb21b92ddbdb063620f5a09.jpeg'),
(269, '2026-05-04', 1, 1, 56, '2026-05-17 01:56:05', 'noon', 'upfiles/distribution_scans/dist_269_cfb721a07a7672ca5e0e77763e6166c3.jpeg'),
(270, '2026-05-05', 1, 1, 75, '2026-05-17 01:57:09', 'morning', 'upfiles/distribution_scans/dist_270_03881983a03171d7844eb02dbc4caab7.jpeg'),
(271, '2026-05-05', 1, 1, 48, '2026-05-17 01:57:57', 'noon', 'upfiles/distribution_scans/dist_271_f95b995bb472ece33afbd26db9f1a6b8.jpeg'),
(272, '2026-05-05', 1, 1, 46, '2026-05-17 01:59:07', 'noon', 'upfiles/distribution_scans/dist_272_c13bbba6d8ff8306baab06fef9f86c43.jpeg'),
(273, '2026-05-06', 1, 1, 30, '2026-05-17 02:00:06', 'morning', 'upfiles/distribution_scans/dist_273_ba9839bd41baf937d2b3d8abb919aaf1.jpeg'),
(274, '2026-05-06', 1, 1, 1, '2026-05-17 02:01:06', 'morning', 'upfiles/distribution_scans/dist_274_690c5d0eed6391bbf6fc50d20b038cce.jpeg'),
(275, '2026-05-06', 1, 1, 14, '2026-05-17 02:01:43', 'noon', 'upfiles/distribution_scans/dist_275_abeff4ac32b13d65f37ad42ed482ecf8.jpeg'),
(276, '2026-05-07', 1, 1, 4, '2026-05-17 02:02:47', 'morning', 'upfiles/distribution_scans/dist_276_507d37c3382e98d3ab379d1f57463f92.jpeg'),
(278, '2026-05-07', 1, 1, 73, '2026-05-17 02:03:19', 'morning', 'upfiles/distribution_scans/dist_278_a826159544c167ddbd366235653c7e48.jpeg'),
(279, '2026-05-09', 1, 1, 65, '2026-05-17 02:04:24', 'morning', 'upfiles/distribution_scans/dist_279_0a5683203770a5188d30903e2ca23a50.jpeg'),
(280, '2026-05-09', 1, 1, 51, '2026-05-17 02:05:19', 'noon', 'upfiles/distribution_scans/dist_280_3b43a9118d57e30c933c1e6e37057f75.jpeg'),
(281, '2026-05-09', 1, 1, 35, '2026-05-17 02:05:56', 'morning', 'upfiles/distribution_scans/dist_281_0dcbce5d831abea9c335a9db4ca0efc6.jpeg'),
(282, '2026-05-09', 1, 1, 54, '2026-05-17 02:06:33', 'morning', 'upfiles/distribution_scans/dist_282_638243578089c81b52611c23de3d7230.jpeg'),
(283, '2026-05-10', 1, 1, 32, '2026-05-17 02:07:18', 'morning', 'upfiles/distribution_scans/dist_283_bde1fd1d222ee18bbc0fa911883598bf.jpeg'),
(284, '2026-05-10', 1, 1, 76, '2026-05-17 02:08:18', 'morning', 'upfiles/distribution_scans/dist_284_3310e48d778a3fab09afe127d142581a.jpeg'),
(285, '2026-05-10', 1, 1, 52, '2026-05-17 02:08:58', 'morning', 'upfiles/distribution_scans/dist_285_e549065a8df76fc623bddc5f059896ed.jpeg'),
(286, '2026-05-10', 1, 1, 25, '2026-05-17 02:10:41', 'morning', 'upfiles/distribution_scans/dist_286_2f801af5e917b740eaef459544506d8f.jpeg'),
(287, '2026-05-10', 1, 1, 45, '2026-05-17 02:11:27', 'morning', 'upfiles/distribution_scans/dist_287_bd92c5bf22cf0e2fa61ca0f980dc0341.jpeg'),
(288, '2026-05-10', 1, 1, 15, '2026-05-17 02:12:13', 'morning', 'upfiles/distribution_scans/dist_288_6f74596e02f744c9b8ba85fdc1692858.jpeg'),
(289, '2026-05-11', 1, 1, 75, '2026-05-17 02:13:14', 'morning', 'upfiles/distribution_scans/dist_289_d82a3eacb8490944b4cabc98319bd7ff.jpeg'),
(291, '2026-05-11', 1, 1, 63, '2026-05-17 02:14:08', 'morning', 'upfiles/distribution_scans/dist_291_6bde50d643ac6ab799abda7ec00022d8.jpeg'),
(293, '2026-05-11', 1, 1, 23, '2026-05-17 02:15:34', 'morning', 'upfiles/distribution_scans/dist_293_80dca378d958d7fd2bade3794ae17d86.jpeg'),
(296, '2026-05-11', 1, 1, 47, '2026-05-17 02:16:21', 'morning', 'upfiles/distribution_scans/dist_296_839792545422e5c18c323e511b17d9d3.jpeg'),
(297, '2026-05-12', 1, 1, 43, '2026-05-17 02:18:06', 'morning', 'upfiles/distribution_scans/dist_297_e3a95317a6bedfa4d6580552a7adaa54.jpeg'),
(298, '2026-05-12', 1, 1, 18, '2026-05-17 02:18:57', 'morning', 'upfiles/distribution_scans/dist_298_ae388c2c595c4a53329eae8d6043a7e9.jpeg'),
(299, '2026-05-12', 1, 1, 74, '2026-05-17 02:19:42', 'morning', 'upfiles/distribution_scans/dist_299_cbf1825d269a2c73fc37a87e9bc6ae5c.jpeg'),
(300, '2026-05-12', 1, 1, 2, '2026-05-17 02:20:25', 'morning', 'upfiles/distribution_scans/dist_300_12997a420868c1c802d9083c86970c1d.jpeg'),
(301, '2026-05-12', 1, 1, 38, '2026-05-17 02:21:16', 'noon', 'upfiles/distribution_scans/dist_301_b54f4df8584c3b45369cd84143a3d14a.jpeg'),
(302, '2026-05-13', 1, 1, 9, '2026-05-17 02:22:17', 'morning', 'upfiles/distribution_scans/dist_302_9b4e2ec32ac46b541d2fb3126d917278.jpeg'),
(303, '2026-05-13', 1, 1, 61, '2026-05-17 02:23:00', 'morning', 'upfiles/distribution_scans/dist_303_87f03ec01d0c3dd581286ecc3f717cbb.jpeg'),
(304, '2026-05-13', 1, 1, 20, '2026-05-17 02:23:45', 'morning', 'upfiles/distribution_scans/dist_304_aaa40b86e0afe32666902018b30f2ef2.jpeg'),
(305, '2026-05-13', 1, 1, 11, '2026-05-17 02:24:26', 'morning', 'upfiles/distribution_scans/dist_305_90829e8390741a22b8ab54c88c083d6c.jpeg'),
(306, '2026-05-13', 1, 1, 22, '2026-05-17 02:25:13', 'morning', 'upfiles/distribution_scans/dist_306_2cdd71fd56244ad64c274d4afb8a1aea.jpeg'),
(308, '2026-05-14', 1, 1, 24, '2026-05-17 02:26:11', 'morning', 'upfiles/distribution_scans/dist_308_2362813dab2762a78477bc2b99ee570c.jpeg'),
(310, '2026-05-14', 1, 1, 36, '2026-05-17 02:26:55', 'morning', 'upfiles/distribution_scans/dist_310_afd52d4a94446d5b89f9d581c1e560de.jpeg'),
(311, '2026-05-14', 1, 1, 56, '2026-05-17 02:27:32', 'morning', 'upfiles/distribution_scans/dist_311_0e66099e750028fd30fcc7ad30e857dc.jpeg'),
(312, '2026-05-16', 1, 1, 54, '2026-05-21 08:01:00', 'morning', 'upfiles/distribution_scans/dist_312_eec63d03fa5aa66a1cfa29d8a94b979e.jpeg'),
(313, '2026-05-16', 1, 1, 53, '2026-05-21 08:31:52', 'morning', 'upfiles/distribution_scans/dist_313_88df45e2704c0bc25807e7f6a8095fc4.jpeg'),
(314, '2026-05-16', 1, 1, 51, '2026-05-21 08:40:52', 'morning', 'upfiles/distribution_scans/dist_314_5ea44482c00aa68f260f19039b4c6973.jpeg'),
(315, '2026-05-17', 1, 1, 48, '2026-05-21 08:43:08', 'morning', 'upfiles/distribution_scans/dist_315_542445af2039a74ec5615bc69e1ed4f4.jpeg'),
(316, '2026-05-17', 1, 1, 76, '2026-05-21 08:44:09', 'morning', 'upfiles/distribution_scans/dist_316_e274c867e599313eb2a83eea258cf908.jpeg'),
(317, '2026-05-17', 1, 1, 72, '2026-05-21 08:45:07', 'morning', 'upfiles/distribution_scans/dist_317_001965d8c4fade59ddbd44c1d36f4338.jpeg'),
(318, '2026-05-18', 1, 1, 55, '2026-05-21 08:45:59', 'noon', 'upfiles/distribution_scans/dist_318_9311a962866a6002b4484e19d5b9c5eb.jpeg'),
(319, '2026-05-18', 1, 1, 41, '2026-05-21 08:47:13', 'noon', 'upfiles/distribution_scans/dist_319_eb862c1d16aabd9cdc49fed36065b47e.jpeg'),
(320, '2026-05-19', 1, 1, 45, '2026-05-21 08:48:58', 'noon', 'upfiles/distribution_scans/dist_320_20e0dd16b8be4ac6ea5171780a0153d6.jpeg'),
(322, '2026-05-19', 1, 1, 59, '2026-05-21 08:51:19', 'morning', 'upfiles/distribution_scans/dist_322_31581267e9bb4f6f3c74c1e6051c90b4.jpeg'),
(323, '2026-05-19', 1, 1, 80, '2026-05-21 08:51:58', 'morning', 'upfiles/distribution_scans/dist_323_86b67460c2ad3b12158e72312fbfe519.jpeg'),
(324, '2026-05-19', 1, 1, 15, '2026-05-21 08:57:22', 'morning', 'upfiles/distribution_scans/dist_324_7e2aaddb52f57bd8fcecc85a20438a4a.jpeg'),
(325, '2026-05-20', 1, 1, 36, '2026-05-21 08:59:35', 'noon', 'upfiles/distribution_scans/dist_325_dd4519ba42ac2c9a1f894258e20cea8f.jpeg'),
(326, '2026-05-20', 1, 1, 23, '2026-05-21 09:02:45', 'noon', 'upfiles/distribution_scans/dist_326_2956aaf433138f8a0c2a4afa1f08e139.jpeg'),
(327, '2026-05-20', 1, 1, 14, '2026-05-21 09:05:05', 'noon', 'upfiles/distribution_scans/dist_327_cd62dc2b07ce40f20743d53da310e8e2.jpeg'),
(328, '2026-05-20', 1, 1, 51, '2026-05-21 09:06:25', 'noon', 'upfiles/distribution_scans/dist_328_0da66a6eb7e2436be71c5d35ba141c67.jpeg'),
(329, '2026-05-21', 1, 1, 46, '2026-05-21 09:08:22', 'morning', 'upfiles/distribution_scans/dist_329_a4a790b94c8b55fcf3016b50aa3f4808.jpeg'),
(330, '2026-05-21', 1, 1, 29, '2026-05-21 09:08:59', 'morning', 'upfiles/distribution_scans/dist_330_5ba3bc601a3cd3fad949ba4063884896.jpeg'),
(331, '2026-05-21', 1, 1, 35, '2026-05-21 09:09:37', 'morning', 'upfiles/distribution_scans/dist_331_08242b58ed689ee1177296121901a213.jpeg'),
(332, '2026-05-13', 1, 1, 81, '2026-05-21 09:15:06', 'noon', 'upfiles/distribution_scans/dist_332_464ec5d8a8a05f0f35a913b9e22b7d62.jpeg'),
(333, '2026-05-11', 1, 1, 80, '2026-05-21 09:17:17', 'morning', 'upfiles/distribution_scans/dist_333_1d9297fcadbee69bcce858112937344d.jpeg'),
(335, '2026-05-23', 1, 1, 62, '2026-05-23 09:11:47', 'morning', 'upfiles/distribution_scans/dist_335_76c6f249909465a91693950b92863d0b.jpeg'),
(336, '2026-05-23', 1, 1, 27, '2026-05-23 09:12:33', 'morning', 'upfiles/distribution_scans/dist_336_2b60097496c1d3e51ad4e5ba70afe5e8.jpeg'),
(337, '2026-05-23', 1, 1, 47, '2026-05-23 09:12:58', 'noon', 'upfiles/distribution_scans/dist_337_03eb155d5fd4b7d4d592d6541bdf9f0d.jpeg'),
(338, '2026-05-23', 1, 1, 20, '2026-05-23 09:13:23', 'noon', 'upfiles/distribution_scans/dist_338_c6d9246cbbc8c32fb32df4f781cd1d1f.jpeg'),
(339, '2026-05-24', 1, 1, 25, '2026-05-24 11:53:48', 'morning', 'upfiles/distribution_scans/dist_339_8481d8f37f843aa0b346bb4491c86db4.jpeg'),
(340, '2026-05-24', 1, 1, 33, '2026-05-24 11:54:29', 'morning', 'upfiles/distribution_scans/dist_340_11b6511e079faf1d06806561879521a5.jpeg'),
(341, '2026-05-24', 1, 1, 6, '2026-05-24 11:55:06', 'morning', 'upfiles/distribution_scans/dist_341_483fcdf5b13a7691dfbb66e3d3ee202d.jpeg'),
(342, '2026-05-24', 1, 1, 76, '2026-05-24 11:57:05', 'noon', 'upfiles/distribution_scans/dist_342_6b42f1b84ae420626e7eae34a80cd899.jpeg'),
(343, '2026-05-24', 1, 1, 57, '2026-05-24 11:58:37', 'morning', 'upfiles/distribution_scans/dist_343_2206f1660f69827ddd4f128670231231.jpeg'),
(344, '2026-05-25', 1, 1, 9, '2026-05-25 06:02:03', 'morning', 'upfiles/distribution_scans/dist_344_fcee15c54994d01320d81ee67a7af675.jpeg'),
(345, '2026-05-25', 1, 1, 56, '2026-05-25 06:02:38', 'noon', 'upfiles/distribution_scans/dist_345_bafdb2c407d53f085a1e3b95ea0c3750.jpeg'),
(346, '2026-05-25', 1, 1, 80, '2026-05-25 06:52:27', 'morning', 'upfiles/distribution_scans/dist_346_646c7dc31b4482923258b00213a5e2fe.jpeg'),
(347, '2026-05-25', 1, 1, 75, '2026-05-25 07:45:42', 'morning', 'upfiles/distribution_scans/dist_347_da166e85e2758d35e4569807bf413c22.jpeg'),
(348, '2026-05-25', 1, 1, 54, '2026-05-25 07:47:20', 'noon', 'upfiles/distribution_scans/dist_348_cccdfad6c44345c954107f9e559480d8.jpeg'),
(349, '2026-05-31', 1, 1, 22, '2026-06-01 10:23:14', 'morning', 'upfiles/distribution_scans/dist_349_21b58c351dd22c2bcfc5a6d9c0632410.jpeg'),
(350, '2026-05-31', 1, 1, 47, '2026-06-01 10:24:11', 'morning', 'upfiles/distribution_scans/dist_350_329003a749fe03f6bff45c3cc8ea200b.jpeg'),
(351, '2026-05-31', 1, 1, 15, '2026-06-01 10:25:09', 'morning', 'upfiles/distribution_scans/dist_351_4b68e364f73c66427e05316ffe671ef5.jpeg'),
(352, '2026-05-31', 1, 1, 19, '2026-06-01 10:44:38', 'morning', 'upfiles/distribution_scans/dist_352_a97e15502b2113b1bd54be9065ac7307.jpeg'),
(353, '2026-05-31', 1, 1, 54, '2026-06-01 10:47:17', 'morning', 'upfiles/distribution_scans/dist_353_fda576ba5827ebb65510e8c541121aba.jpeg'),
(354, '2026-06-01', 1, 1, 86, '2026-06-01 10:52:38', 'morning', 'upfiles/distribution_scans/dist_354_55ccf9f86811a8c95ed95cf0f651c904.jpeg'),
(356, '2026-06-01', 1, 1, 20, '2026-06-01 10:53:54', 'morning', 'upfiles/distribution_scans/dist_356_7fad0adcccbb2998bf370d55dff4af1e.jpeg'),
(357, '2026-06-01', 1, 1, 85, '2026-06-01 10:55:34', 'morning', 'upfiles/distribution_scans/dist_357_f4dc27eb002ca5bae30016e96c7c409b.jpeg'),
(358, '2026-06-01', 1, 1, 14, '2026-06-01 10:56:57', 'morning', 'upfiles/distribution_scans/dist_358_91fee87cb0038a62aef08061f35f0ab6.jpeg'),
(359, '2026-06-01', 1, 1, 30, '2026-06-01 11:02:53', 'morning', 'upfiles/distribution_scans/dist_359_61072bc449d1fe60c67ecd2e2533d566.jpeg'),
(361, '2026-06-02', 1, 1, 43, '2026-06-02 11:13:19', 'morning', 'upfiles/distribution_scans/dist_361_20426e0c9dd2a3bfe1474da9703d05e0.jpeg'),
(363, '2026-06-02', 1, 1, 75, '2026-06-02 11:15:39', 'morning', 'upfiles/distribution_scans/dist_363_1e7a60bce186ac3877078778088f433f.jpeg'),
(364, '2026-06-02', 1, 1, 87, '2026-06-02 11:17:27', 'noon', 'upfiles/distribution_scans/dist_364_3d64ecb1bd2d9123a2f021e42fe033f4.jpeg'),
(365, '2026-06-02', 1, 1, 80, '2026-06-02 11:18:34', 'morning', 'upfiles/distribution_scans/dist_365_5a2361bef83290c414ec7744e3297b68.jpeg'),
(366, '2026-06-02', 1, 1, 92, '2026-06-02 11:23:49', 'noon', 'upfiles/distribution_scans/dist_366_6796bbb0f9699c770b818e74cd608a0a.jpeg'),
(367, '2026-06-02', 1, 1, 59, '2026-06-02 11:24:54', 'noon', 'upfiles/distribution_scans/dist_367_5d5fceda548a84d35c6f9db0ca029483.jpeg'),
(368, '2026-02-18', 1, 1, 9, '2026-06-03 11:17:19', 'morning', 'upfiles/distribution_scans/dist_368_8f5559259be4d0603711b9f0340c474f.jpeg'),
(369, '2026-02-18', 1, 1, 36, '2026-06-03 11:18:12', 'morning', 'upfiles/distribution_scans/dist_369_f52d040480d3e38f65636a20a541f9c9.jpeg'),
(370, '2026-06-03', 1, 1, 2, '2026-06-04 05:43:21', 'morning', 'upfiles/distribution_scans/dist_370_d07bd8f4acd5b1559e6615f8b16e6655.jpeg'),
(371, '2026-06-03', 1, 1, 55, '2026-06-04 05:44:19', 'noon', 'upfiles/distribution_scans/dist_371_4a745b07036362fd032e1decd3a10097.jpeg'),
(372, '2026-06-03', 1, 1, 56, '2026-06-04 05:45:15', 'morning', 'upfiles/distribution_scans/dist_372_9b7ade181b1073504ec9f65bf6e76ceb.jpeg'),
(373, '2026-06-03', 1, 1, 35, '2026-06-04 05:45:58', 'morning', 'upfiles/distribution_scans/dist_373_f10bbf835fd0d24d0c801684e1ad5606.jpeg'),
(374, '2026-06-03', 1, 1, 1, '2026-06-04 05:47:08', 'morning', 'upfiles/distribution_scans/dist_374_be4f02f77c669536a7fdbeecd444d9f1.jpeg'),
(375, '2026-06-03', 1, 1, 90, '2026-06-04 05:47:49', 'morning', 'upfiles/distribution_scans/dist_375_704a1c999cebbec88f66a9de08a316ff.jpeg'),
(376, '2026-06-04', 1, 1, 45, '2026-06-06 10:26:25', 'morning', 'upfiles/distribution_scans/dist_376_a78198fa24bfb6561079da46bf6ccab9.jpeg'),
(377, '2026-06-04', 1, 1, 25, '2026-06-06 10:29:44', 'morning', 'upfiles/distribution_scans/dist_377_97fc52c4f560033ad92501d9b482f8f9.jpeg'),
(378, '2026-06-06', 1, 1, 53, '2026-06-06 10:30:14', 'morning', 'upfiles/distribution_scans/dist_378_323ed5abdfe7f4caa6ecbfcc4b2f66d5.jpeg'),
(379, '2026-06-06', 1, 1, 11, '2026-06-06 10:32:03', 'morning', 'upfiles/distribution_scans/dist_379_c3db27e6e36f456742bebff4b50e152b.jpeg'),
(380, '2026-06-06', 1, 1, 91, '2026-06-06 10:33:03', 'noon', 'upfiles/distribution_scans/dist_380_1eaf6a458fc3c775c4f1c08c2ab4e625.jpeg'),
(381, '2026-06-06', 1, 1, 64, '2026-06-06 10:39:21', 'morning', 'upfiles/distribution_scans/dist_381_19ce7f9b952b5a64d9f2013da641cc92.jpeg'),
(382, '2026-06-07', 1, 1, 54, '2026-06-07 08:01:16', 'morning', 'upfiles/distribution_scans/dist_382_f5b870e2b3cb11730461b10c191865bd.jpeg'),
(383, '2026-06-07', 1, 1, 76, '2026-06-07 08:06:17', 'noon', 'upfiles/distribution_scans/dist_383_383a08ce1374890f1958c5f5fab50c3d.jpeg'),
(384, '2026-06-07', 1, 1, 52, '2026-06-07 08:07:03', 'morning', 'upfiles/distribution_scans/dist_384_c4e0e81db65f95019ef5472309dd9536.jpeg'),
(385, '2026-06-07', 1, 1, 88, '2026-06-07 08:08:39', 'morning', 'upfiles/distribution_scans/dist_385_bcdd68014e9768cb288b46568401c73d.jpeg'),
(386, '2026-06-07', 1, 1, 92, '2026-06-07 08:10:13', 'morning', 'upfiles/distribution_scans/dist_386_6ca78187386302b6532ffda3f8e0148e.jpeg'),
(387, '2026-06-08', 1, 1, 87, '2026-06-09 11:52:58', 'morning', 'upfiles/distribution_scans/dist_387_0699cbfe90b8a1c600713dfd3d168cb9.jpeg'),
(389, '2026-06-08', 1, 1, 16, '2026-06-09 11:54:33', 'morning', 'upfiles/distribution_scans/dist_389_e82442f29f75444ba7a2f8732fa6b1ff.jpeg'),
(393, '2026-06-08', 1, 1, 85, '2026-06-09 11:57:27', 'morning', 'upfiles/distribution_scans/dist_393_52604088de840b2f1f35cbcacedf9a39.jpeg'),
(394, '2026-06-08', 1, 1, 47, '2026-06-09 11:58:28', 'morning', 'upfiles/distribution_scans/dist_394_d3f99332b45d60e88b278688b8347549.jpeg'),
(395, '2026-06-08', 1, 1, 46, '2026-06-09 11:59:21', 'morning', 'upfiles/distribution_scans/dist_395_41b5e2ae98e8f8af275acaac85099a81.jpeg'),
(396, '2026-06-09', 1, 1, 89, '2026-06-09 12:01:40', 'noon', 'upfiles/distribution_scans/dist_396_13de5d026dfcfb75ffaa3fad7902f093.jpeg'),
(397, '2026-06-09', 1, 1, 74, '2026-06-09 12:03:06', 'noon', 'upfiles/distribution_scans/dist_397_362d374a29ff7ece1f69d5e4514b6ed7.jpeg'),
(398, '2026-06-09', 1, 1, 57, '2026-06-09 12:04:33', 'morning', 'upfiles/distribution_scans/dist_398_921891b093cbfbc2cd9dd98bb89c8de6.jpeg'),
(399, '2026-06-09', 1, 1, 38, '2026-06-09 12:05:27', 'noon', 'upfiles/distribution_scans/dist_399_9dd9eb9547538bcc6b9128edf4a7fb00.jpeg'),
(400, '2026-06-10', 1, 1, 36, '2026-06-10 09:59:01', 'morning', 'upfiles/distribution_scans/dist_400_83a012eaaa48aef5d6122f7548bf9dff.jpeg'),
(401, '2026-06-10', 1, 1, 101, '2026-06-10 10:00:36', 'noon', 'upfiles/distribution_scans/dist_401_7d7103d278fde226c71f95a547953507.jpeg'),
(403, '2026-06-10', 1, 1, 55, '2026-06-10 10:04:09', 'morning', 'upfiles/distribution_scans/dist_403_f7ff4ea026a97b2cede950f161c46a10.jpeg'),
(405, '2026-06-10', 1, 1, 9, '2026-06-10 10:05:37', 'noon', 'upfiles/distribution_scans/dist_405_852d5047d9cd1372b9d16c58fa9f001e.jpeg'),
(406, '2026-06-11', 1, 1, 93, '2026-06-11 09:01:22', 'morning', 'upfiles/distribution_scans/dist_406_7b94203b3b68bc0e97660d1257ab0489.jpeg');
INSERT INTO `distributions` (`id`, `dist_date`, `office_id`, `warehouse_id`, `patient_id`, `created_at`, `time_period`, `scan_image`) VALUES
(407, '2026-06-11', 1, 1, 35, '2026-06-11 09:03:28', 'morning', 'upfiles/distribution_scans/dist_407_40fe1243d42c003362485eafbbc9a450.jpeg'),
(408, '2026-06-11', 1, 1, 29, '2026-06-11 09:04:38', 'morning', 'upfiles/distribution_scans/dist_408_950cc30b7ece2a5f096748ac9a0133e7.jpeg'),
(409, '2026-06-13', 1, 1, 92, '2026-06-14 09:06:03', 'morning', 'upfiles/distribution_scans/dist_409_c13c2846c74242e4351367c0d377c2d2.jpeg'),
(410, '2026-06-13', 1, 1, 56, '2026-06-14 09:07:17', 'noon', 'upfiles/distribution_scans/dist_410_2f346db3c85fa17ef03e326803ddde48.jpeg'),
(411, '2026-06-13', 1, 1, 4, '2026-06-14 09:08:17', 'morning', 'upfiles/distribution_scans/dist_411_b5e0f4b3f5b7634f005728957cd5c96f.jpeg'),
(412, '2026-06-13', 1, 1, 14, '2026-06-14 09:09:08', 'noon', 'upfiles/distribution_scans/dist_412_4d0cdee15647dab706b59407ff64de92.jpeg'),
(413, '2026-06-13', 1, 1, 45, '2026-06-14 10:18:49', 'noon', 'upfiles/distribution_scans/dist_413_3bf1269bf96cc43e2efe54f6af7d3fa6.jpeg'),
(414, '2026-06-14', 1, 1, 12, '2026-06-14 10:21:26', 'noon', 'upfiles/distribution_scans/dist_414_bf9aec6593e23977d29469215292d76a.jpeg'),
(415, '2026-06-14', 1, 1, 20, '2026-06-14 10:28:11', 'noon', 'upfiles/distribution_scans/dist_415_d53c5ca533a2450e57071a8050d55d0f.jpeg'),
(416, '2026-06-14', 1, 1, 97, '2026-06-14 10:30:00', 'noon', 'upfiles/distribution_scans/dist_416_9a80335889cace48b76d3dd013e9af29.jpeg'),
(417, '2026-06-14', 1, 1, 90, '2026-06-14 10:31:02', 'morning', 'upfiles/distribution_scans/dist_417_c3baecd77d4d589722fc659a2d39aaa9.jpeg'),
(418, '2026-06-14', 1, 1, 48, '2026-06-14 10:31:51', 'morning', 'upfiles/distribution_scans/dist_418_1496c68deae254a7366edf4a7f3053b6.jpeg'),
(419, '2026-06-15', 1, 1, 46, '2026-06-15 08:08:02', 'morning', 'upfiles/distribution_scans/dist_419_1e79efadd0887ac7a54cec3f8bb4724f.jpeg'),
(420, '2026-06-15', 1, 1, 33, '2026-06-15 08:17:36', 'morning', 'upfiles/distribution_scans/dist_420_3c0cf5453eb6b1f1c5fef3b0424cd7b5.jpeg'),
(421, '2026-06-15', 1, 1, 103, '2026-06-15 08:19:10', 'morning', 'upfiles/distribution_scans/dist_421_0bdaa7c9f7270bec3d6a7119cf596f95.jpeg'),
(422, '2026-06-15', 1, 1, 96, '2026-06-15 08:20:21', 'noon', 'upfiles/distribution_scans/dist_422_2a6858da1090a04533bb2445a699560a.jpeg'),
(423, '2026-06-15', 1, 1, 23, '2026-06-15 08:21:12', 'morning', 'upfiles/distribution_scans/dist_423_e404d4ed2c3077e1cd18b70826184098.jpeg'),
(424, '2026-06-15', 1, 1, 36, '2026-06-15 08:22:21', 'morning', 'upfiles/distribution_scans/dist_424_aba990f16fe60f54a726629bff7d8c9d.jpeg'),
(506, '2026-06-16', 1, 1, 62, '2026-06-18 10:51:36', 'morning', 'upfiles/distribution_scans/dist_506_2e89f2c2a6f52b762686ecc52d73eb39.jpeg'),
(507, '2026-06-16', 1, 1, 80, '2026-06-18 11:00:07', 'morning', 'upfiles/distribution_scans/dist_507_ba07e7bc1f85ff8e01aa1a753229ba95.jpeg'),
(508, '2026-06-16', 1, 1, 91, '2026-06-18 11:01:11', 'noon', 'upfiles/distribution_scans/dist_508_60e70f83be4b871abb4bbcc4bcadeea7.jpeg'),
(509, '2026-06-16', 1, 1, 2, '2026-06-18 11:03:21', 'morning', 'upfiles/distribution_scans/dist_509_ed5a1fd9999219c3ca2021835bcb0bf5.jpeg'),
(510, '2026-06-16', 1, 1, 75, '2026-06-18 11:08:19', 'morning', 'upfiles/distribution_scans/dist_510_677e91bf33cbd129f343aa0b154f1fcd.jpeg'),
(511, '2026-06-17', 1, 1, 22, '2026-06-18 11:09:09', 'morning', 'upfiles/distribution_scans/dist_511_f063aac048e05946ec8178c9779a0bd9.jpeg'),
(512, '2026-06-17', 1, 1, 1, '2026-06-18 11:10:25', 'noon', 'upfiles/distribution_scans/dist_512_d7fee0ec184673a4d748dc531b39516c.jpeg'),
(513, '2026-06-17', 1, 1, 15, '2026-06-18 11:11:16', 'morning', 'upfiles/distribution_scans/dist_513_ed0e4e298e064ae0b8db894a48f7556c.jpeg'),
(514, '2026-06-17', 1, 1, 109, '2026-06-18 11:12:21', 'noon', 'upfiles/distribution_scans/dist_514_424488e300fcd18625a11b8d5691252e.jpeg'),
(515, '2026-06-18', 1, 1, 38, '2026-06-18 11:18:56', 'noon', 'upfiles/distribution_scans/dist_515_1dd0f5ec05f725174131244e76e7446b.jpeg'),
(516, '2026-06-18', 1, 1, 29, '2026-06-18 11:19:51', 'morning', 'upfiles/distribution_scans/dist_516_4e6466425e480b7610fab7cf5a1a2364.jpeg'),
(517, '2026-06-18', 1, 1, 35, '2026-06-18 11:22:02', 'morning', 'upfiles/distribution_scans/dist_517_366e66eb828a9f7012d07d22e72c418a.jpeg'),
(518, '2026-06-18', 1, 1, 57, '2026-06-18 11:22:51', 'morning', 'upfiles/distribution_scans/dist_518_4f021b551ce9839b48703641521619cd.jpeg'),
(611, '2026-02-10', 1, 1, 0, '2026-06-18 12:53:58', 'noon', ''),
(612, '2026-02-11', 1, 1, 0, '2026-06-18 12:53:58', 'noon', ''),
(613, '2026-02-12', 1, 1, 0, '2026-06-18 12:53:58', 'noon', ''),
(614, '2026-02-14', 1, 1, 0, '2026-06-18 12:53:58', 'noon', ''),
(615, '2026-02-16', 1, 1, 0, '2026-06-18 12:53:58', 'noon', ''),
(616, '2026-02-17', 1, 1, 0, '2026-06-18 12:53:58', 'noon', ''),
(617, '2026-02-18', 1, 1, 0, '2026-06-18 12:53:58', 'noon', ''),
(618, '2026-02-19', 1, 1, 0, '2026-06-18 12:53:58', 'noon', ''),
(619, '2026-02-28', 1, 1, 0, '2026-06-18 12:53:58', 'noon', ''),
(620, '2026-03-01', 1, 1, 0, '2026-06-18 12:53:58', 'noon', ''),
(621, '2026-03-02', 1, 1, 0, '2026-06-18 12:53:58', 'noon', ''),
(622, '2026-03-04', 1, 1, 0, '2026-06-18 12:53:59', 'noon', ''),
(623, '2026-03-05', 1, 1, 0, '2026-06-18 12:53:59', 'noon', ''),
(624, '2026-03-07', 1, 1, 0, '2026-06-18 12:53:59', 'noon', ''),
(625, '2026-03-08', 1, 1, 0, '2026-06-18 12:53:59', 'noon', ''),
(626, '2026-03-09', 1, 1, 0, '2026-06-18 12:53:59', 'noon', ''),
(627, '2026-03-10', 1, 1, 0, '2026-06-18 12:53:59', 'noon', ''),
(628, '2026-03-14', 1, 1, 0, '2026-06-18 12:53:59', 'noon', ''),
(629, '2026-03-15', 1, 1, 0, '2026-06-18 12:53:59', 'noon', ''),
(630, '2026-03-16', 1, 1, 0, '2026-06-18 12:53:59', 'noon', NULL),
(631, '2026-03-17', 1, 1, 0, '2026-06-18 12:53:59', 'noon', ''),
(632, '2026-03-24', 1, 1, 0, '2026-06-18 12:53:59', 'noon', ''),
(633, '2026-03-25', 1, 1, 0, '2026-06-18 12:53:59', 'noon', ''),
(634, '2026-03-26', 1, 1, 0, '2026-06-18 12:53:59', 'noon', ''),
(635, '2026-03-28', 1, 1, 0, '2026-06-18 12:53:59', 'noon', ''),
(636, '2026-03-29', 1, 1, 0, '2026-06-18 12:53:59', 'noon', ''),
(637, '2026-03-30', 1, 1, 0, '2026-06-18 12:53:59', 'noon', ''),
(638, '2026-03-31', 1, 1, 0, '2026-06-18 12:53:59', 'noon', ''),
(639, '2026-04-01', 1, 1, 0, '2026-06-18 12:53:59', 'noon', ''),
(640, '2026-04-02', 1, 1, 0, '2026-06-18 12:53:59', 'noon', ''),
(641, '2026-04-04', 1, 1, 0, '2026-06-18 12:53:59', 'noon', ''),
(642, '2026-04-05', 1, 1, 0, '2026-06-18 12:53:59', 'noon', ''),
(643, '2026-04-06', 1, 1, 0, '2026-06-18 12:53:59', 'noon', ''),
(644, '2026-04-07', 1, 1, 0, '2026-06-18 12:53:59', 'noon', ''),
(645, '2026-04-08', 1, 1, 0, '2026-06-18 12:53:59', 'noon', ''),
(646, '2026-04-09', 1, 1, 0, '2026-06-18 12:53:59', 'noon', ''),
(648, '2026-04-12', 1, 1, 0, '2026-06-18 12:53:59', 'noon', ''),
(649, '2026-04-13', 1, 1, 0, '2026-06-18 12:53:59', 'noon', ''),
(650, '2026-04-14', 1, 1, 0, '2026-06-18 12:53:59', 'noon', ''),
(651, '2026-04-15', 1, 1, 0, '2026-06-18 12:53:59', 'noon', ''),
(652, '2026-04-16', 1, 1, 0, '2026-06-18 12:53:59', 'noon', ''),
(653, '2026-04-18', 1, 1, 0, '2026-06-18 12:53:59', 'noon', ''),
(654, '2026-04-19', 1, 1, 0, '2026-06-18 12:53:59', 'noon', ''),
(655, '2026-04-20', 1, 1, 0, '2026-06-18 12:53:59', 'noon', ''),
(656, '2026-04-21', 1, 1, 0, '2026-06-18 12:53:59', 'noon', ''),
(657, '2026-04-22', 1, 1, 0, '2026-06-18 12:53:59', 'noon', ''),
(658, '2026-04-27', 1, 1, 0, '2026-06-18 12:53:59', 'noon', ''),
(659, '2026-04-28', 1, 1, 0, '2026-06-18 12:53:59', 'noon', ''),
(660, '2026-04-29', 1, 1, 0, '2026-06-18 12:53:59', 'noon', ''),
(661, '2026-04-30', 1, 1, 0, '2026-06-18 12:53:59', 'noon', ''),
(662, '2026-05-02', 1, 1, 0, '2026-06-18 12:53:59', 'noon', ''),
(663, '2026-05-03', 1, 1, 0, '2026-06-18 12:53:59', 'noon', ''),
(664, '2026-05-04', 1, 1, 0, '2026-06-18 12:53:59', 'noon', ''),
(665, '2026-05-05', 1, 1, 0, '2026-06-18 12:53:59', 'noon', ''),
(666, '2026-05-06', 1, 1, 0, '2026-06-18 12:53:59', 'noon', ''),
(667, '2026-05-07', 1, 1, 0, '2026-06-18 12:53:59', 'noon', ''),
(668, '2026-05-09', 1, 1, 0, '2026-06-18 12:53:59', 'noon', ''),
(669, '2026-05-10', 1, 1, 0, '2026-06-18 12:53:59', 'noon', ''),
(670, '2026-05-11', 1, 1, 0, '2026-06-18 12:53:59', 'noon', ''),
(671, '2026-05-12', 1, 1, 0, '2026-06-18 12:54:00', 'noon', ''),
(672, '2026-05-13', 1, 1, 0, '2026-06-18 12:54:00', 'noon', ''),
(673, '2026-05-14', 1, 1, 0, '2026-06-18 12:54:00', 'noon', ''),
(674, '2026-05-16', 1, 1, 0, '2026-06-18 12:54:00', 'noon', ''),
(675, '2026-05-17', 1, 1, 0, '2026-06-18 12:54:00', 'noon', ''),
(676, '2026-05-18', 1, 1, 0, '2026-06-18 12:54:00', 'noon', ''),
(677, '2026-05-19', 1, 1, 0, '2026-06-18 12:54:00', 'noon', ''),
(678, '2026-05-20', 1, 1, 0, '2026-06-18 12:54:00', 'noon', ''),
(679, '2026-05-21', 1, 1, 0, '2026-06-18 12:54:00', 'noon', ''),
(680, '2026-05-23', 1, 1, 0, '2026-06-18 12:54:00', 'noon', ''),
(681, '2026-05-24', 1, 1, 0, '2026-06-18 12:54:00', 'noon', ''),
(682, '2026-05-25', 1, 1, 0, '2026-06-18 12:54:00', 'noon', ''),
(685, '2026-06-02', 1, 1, 0, '2026-06-18 12:54:00', 'noon', ''),
(686, '2026-06-04', 1, 1, 0, '2026-06-18 12:54:00', 'noon', ''),
(687, '2026-06-06', 1, 1, 0, '2026-06-18 12:54:00', 'noon', ''),
(688, '2026-06-07', 1, 1, 0, '2026-06-18 12:54:00', 'noon', ''),
(689, '2026-06-08', 1, 1, 0, '2026-06-18 12:54:00', 'noon', ''),
(690, '2026-06-09', 1, 1, 0, '2026-06-18 12:54:00', 'noon', ''),
(691, '2026-06-10', 1, 1, 0, '2026-06-18 12:54:00', 'noon', ''),
(692, '2026-06-11', 1, 1, 0, '2026-06-18 12:54:00', 'noon', ''),
(693, '2026-06-13', 1, 1, 0, '2026-06-18 12:54:00', 'noon', ''),
(694, '2026-06-14', 1, 1, 0, '2026-06-18 12:54:01', 'noon', ''),
(695, '2026-06-15', 1, 1, 0, '2026-06-18 12:54:01', 'noon', ''),
(696, '2026-06-16', 1, 1, 0, '2026-06-18 12:54:01', 'noon', ''),
(697, '2026-06-17', 1, 1, 0, '2026-06-18 12:54:01', 'noon', ''),
(698, '2026-06-18', 1, 1, 0, '2026-06-18 18:07:47', 'morning', NULL),
(699, '2026-04-11', 1, 1, 0, '2026-06-20 09:44:36', 'noon', ''),
(700, '2026-05-31', 1, 1, 0, '2026-06-20 09:44:36', 'noon', ''),
(701, '2026-06-01', 1, 1, 0, '2026-06-20 09:44:36', 'noon', ''),
(702, '2026-06-20', 1, 1, 11, '2026-06-20 10:39:31', 'morning', 'upfiles/distribution_scans/dist_702_c4357a08a1c9e2f7ba4cee561cf1798f.jpeg'),
(703, '2026-06-20', 1, 1, 85, '2026-06-20 10:40:06', 'morning', 'upfiles/distribution_scans/dist_703_c32783d6c5d70e84ff1fa14f262cb059.jpeg'),
(704, '2026-06-20', 1, 1, 98, '2026-06-20 10:44:22', 'noon', 'upfiles/distribution_scans/dist_704_bd0fecaa92483a2563f578695df30f63.jpeg'),
(705, '2026-06-20', 1, 1, 9, '2026-06-20 10:45:08', 'noon', 'upfiles/distribution_scans/dist_705_ac8396844aa55291fac832027efa899e.jpeg'),
(706, '2026-06-20', 1, 1, 0, '2026-06-20 11:02:08', 'morning', NULL);

-- --------------------------------------------------------

--
-- Table structure for table `distribution_general_recipients`
--

CREATE TABLE `distribution_general_recipients` (
  `id` int NOT NULL,
  `distribution_id` int NOT NULL,
  `register_no` varchar(100) CHARACTER SET utf8mb4 COLLATE utf8mb4_persian_ci NOT NULL,
  `full_name` varchar(255) CHARACTER SET utf8mb4 COLLATE utf8mb4_persian_ci NOT NULL,
  `father_name` varchar(255) CHARACTER SET utf8mb4 COLLATE utf8mb4_persian_ci NOT NULL,
  `materials_json` text CHARACTER SET utf8mb4 COLLATE utf8mb4_persian_ci,
  `created_at` timestamp NULL DEFAULT CURRENT_TIMESTAMP
) ENGINE=InnoDB DEFAULT CHARSET=utf8mb4 COLLATE=utf8mb4_persian_ci;

--
-- Dumping data for table `distribution_general_recipients`
--

INSERT INTO `distribution_general_recipients` (`id`, `distribution_id`, `register_no`, `full_name`, `father_name`, `materials_json`, `created_at`) VALUES
(5, 611, 'عمومی 611', 'عمومی 611', 'عمومی 611', '[\"20\",\"20\",\"20\",\"20\",\"20\",\"20\",\"20\",\"20\"]', '2026-02-10 05:40:10'),
(6, 612, 'عمومی 612', 'عمومی 612', 'عمومی 612', '[\"13\",\"13\",\"13\",\"13\",\"13\",\"13\",\"13\",\"13\"]', '2026-02-11 05:40:10'),
(7, 613, 'عمومی 613', 'عمومی 613', 'عمومی 613', '[\"9\",\"9\",\"9\",\"9\",\"9\",\"9\",\"9\",\"9\"]', '2026-02-12 05:40:10'),
(8, 614, 'عمومی 614', 'عمومی 614', 'عمومی 614', '[\"19\",\"19\",\"19\",\"19\",\"19\",\"19\",\"19\",\"19\"]', '2026-02-14 05:40:10'),
(9, 615, 'عمومی 615', 'عمومی 615', 'عمومی 615', '[\"17\",\"17\",\"17\",\"17\",\"17\",\"17\",\"17\",\"17\"]', '2026-02-16 05:40:10'),
(10, 616, 'عمومی 616', 'عمومی 616', 'عمومی 616', '[\"15\",\"15\",\"15\",\"15\",\"15\",\"15\",\"15\",\"15\"]', '2026-02-17 05:40:10'),
(11, 617, 'عمومی 617', 'عمومی 617', 'عمومی 617', '[\"14\",\"14\",\"14\",\"14\",\"14\",\"14\",\"14\"]', '2026-02-18 05:40:10'),
(12, 618, 'عمومی 618', 'عمومی 618', 'عمومی 618', '[\"4\",\"4\",\"4\",\"4\",\"4\",\"4\",\"4\"]', '2026-02-19 05:40:10'),
(13, 619, 'عمومی 619', 'عمومی 619', 'عمومی 619', '[\"6\",\"6\",\"6\",\"6\",\"6\",\"6\",\"6\",\"6\"]', '2026-02-28 05:40:10'),
(14, 620, 'عمومی 620', 'عمومی 620', 'عمومی 620', '[\"8\",\"8\",\"8\",\"8\",\"8\",\"8\",\"8\",\"8\"]', '2026-03-01 05:40:10'),
(15, 621, 'عمومی 621', 'عمومی 621', 'عمومی 621', '[\"5\",\"5\",\"5\",\"5\",\"5\",\"5\",\"5\",\"5\"]', '2026-03-02 05:40:10'),
(16, 622, 'عمومی 622', 'عمومی 622', 'عمومی 622', '[\"11\",\"11\",\"11\",\"11\",\"11\",\"11\",\"11\",\"11\"]', '2026-03-04 05:40:10'),
(17, 623, 'عمومی 623', 'عمومی 623', 'عمومی 623', '[\"6\",\"6\",\"6\",\"6\",\"6\",\"6\",\"6\",\"6\"]', '2026-03-05 05:40:10'),
(18, 624, 'عمومی 624', 'عمومی 624', 'عمومی 624', '[\"15\",\"15\",\"15\",\"15\",\"15\",\"15\",\"15\",\"15\"]', '2026-03-07 05:40:10'),
(19, 625, 'عمومی 625', 'عمومی 625', 'عمومی 625', '[\"6\",\"6\",\"6\",\"6\",\"6\",\"6\",\"6\",\"6\"]', '2026-03-08 05:40:10'),
(20, 626, 'عمومی 626', 'عمومی 626', 'عمومی 626', '[\"5\",\"5\",\"5\",\"5\",\"5\",\"5\",\"5\",\"5\"]', '2026-03-09 05:40:10'),
(21, 627, 'عمومی 627', 'عمومی 627', 'عمومی 627', '[\"11\",\"11\",\"11\",\"11\",\"11\",\"11\",\"11\",\"11\"]', '2026-03-10 05:40:10'),
(22, 628, 'عمومی 628', 'عمومی 628', 'عمومی 628', '[\"7\",\"7\",\"7\",\"7\",\"7\",\"7\",\"7\",\"7\"]', '2026-03-14 05:40:10'),
(23, 629, 'عمومی 629', 'عمومی 629', 'عمومی 629', '[\"6\",\"6\",\"6\",\"6\",\"6\",\"6\",\"6\",\"6\"]', '2026-03-15 05:40:10'),
(25, 631, 'عمومی 631', 'عمومی 631', 'عمومی 631', '[\"9\",\"9\",\"9\",\"9\",\"9\",\"9\",\"9\",\"9\"]', '2026-03-17 05:40:10'),
(26, 632, 'عمومی 632', 'عمومی 632', 'عمومی 632', '[\"8\",\"8\",\"8\",\"8\",\"8\",\"8\",\"8\",\"8\"]', '2026-03-24 05:40:10'),
(27, 633, 'عمومی 633', 'عمومی 633', 'عمومی 633', '[\"6\",\"6\",\"6\",\"6\",\"6\",\"6\",\"6\",\"6\"]', '2026-03-25 05:40:10'),
(28, 634, 'عمومی 634', 'عمومی 634', 'عمومی 634', '[\"9\",\"9\",\"9\",\"9\",\"9\",\"9\",\"9\",\"9\"]', '2026-03-26 05:40:10'),
(29, 635, 'عمومی 635', 'عمومی 635', 'عمومی 635', '[\"13\",\"13\",\"13\",\"13\",\"13\",\"13\",\"13\",\"13\"]', '2026-03-28 05:40:10'),
(30, 636, 'عمومی 636', 'عمومی 636', 'عمومی 636', '[\"7\",\"7\",\"7\",\"7\",\"7\",\"7\",\"7\",\"7\"]', '2026-03-29 05:40:10'),
(31, 637, 'عمومی 637', 'عمومی 637', 'عمومی 637', '[\"6\",\"6\",\"6\",\"6\",\"6\",\"6\",\"6\",\"6\"]', '2026-03-30 05:40:10'),
(32, 638, 'عمومی 638', 'عمومی 638', 'عمومی 638', '[\"6\",\"6\",\"6\",\"6\",\"6\",\"6\",\"6\",\"6\"]', '2026-03-31 05:40:10'),
(33, 639, 'عمومی 639', 'عمومی 639', 'عمومی 639', '[\"7\",\"7\",\"7\",\"7\",\"7\",\"7\",\"7\",\"7\"]', '2026-04-01 05:40:10'),
(34, 640, 'عمومی 640', 'عمومی 640', 'عمومی 640', '[\"7\",\"7\",\"7\",\"7\",\"7\",\"7\",\"7\",\"7\"]', '2026-04-02 05:40:10'),
(35, 641, 'عمومی 641', 'عمومی 641', 'عمومی 641', '[\"17\",\"17\",\"17\",\"17\",\"17\",\"17\",\"17\",\"17\"]', '2026-04-04 05:40:10'),
(36, 642, 'عمومی 642', 'عمومی 642', 'عمومی 642', '[\"19\",\"19\",\"19\",\"19\",\"19\",\"19\",\"19\",\"19\"]', '2026-04-05 05:40:10'),
(37, 643, 'عمومی 643', 'عمومی 643', 'عمومی 643', '[\"16\",\"16\",\"16\",\"16\",\"16\",\"16\",\"16\",\"16\"]', '2026-04-06 05:40:10'),
(38, 644, 'عمومی 644', 'عمومی 644', 'عمومی 644', '[\"18\",\"18\",\"18\",\"18\",\"18\",\"18\",\"18\",\"18\"]', '2026-04-07 05:40:10'),
(39, 645, 'عمومی 645', 'عمومی 645', 'عمومی 645', '[\"15\",\"15\",\"15\",\"15\",\"15\",\"15\",\"15\",\"15\"]', '2026-04-08 05:40:10'),
(40, 646, 'عمومی 646', 'عمومی 646', 'عمومی 646', '[\"8\",\"8\",\"8\",\"8\",\"8\",\"8\",\"8\",\"8\"]', '2026-04-09 05:40:10'),
(42, 648, 'عمومی 648', 'عمومی 648', 'عمومی 648', '[\"17\",\"17\",\"17\",\"17\",\"17\",\"17\",\"17\",\"17\"]', '2026-04-12 05:40:10'),
(43, 649, 'عمومی 649', 'عمومی 649', 'عمومی 649', '[\"12\",\"12\",\"12\",\"12\",\"12\",\"12\",\"12\",\"12\"]', '2026-04-13 05:40:10'),
(44, 650, 'عمومی 650', 'عمومی 650', 'عمومی 650', '[\"13\",\"13\",\"13\",\"13\",\"13\",\"13\",\"13\",\"13\"]', '2026-04-14 05:40:10'),
(45, 651, 'عمومی 651', 'عمومی 651', 'عمومی 651', '[\"10\",\"10\",\"10\",\"10\",\"10\",\"10\",\"10\",\"10\"]', '2026-04-15 05:40:10'),
(46, 652, 'عمومی 652', 'عمومی 652', 'عمومی 652', '[\"6\",\"6\",\"6\",\"6\",\"6\",\"6\",\"6\",\"6\"]', '2026-04-16 05:40:10'),
(47, 653, 'عمومی 653', 'عمومی 653', 'عمومی 653', '[\"15\",\"15\",\"15\",\"15\",\"15\",\"15\",\"15\",\"15\"]', '2026-04-18 05:40:10'),
(48, 654, 'عمومی 654', 'عمومی 654', 'عمومی 654', '[\"12\",\"12\",\"12\",\"12\",\"12\",\"12\",\"12\",\"12\"]', '2026-04-19 05:40:10'),
(49, 655, 'عمومی 655', 'عمومی 655', 'عمومی 655', '[\"12\",\"12\",\"12\",\"12\",\"12\",\"12\",\"12\",\"12\"]', '2026-04-20 05:40:10'),
(50, 656, 'عمومی 656', 'عمومی 656', 'عمومی 656', '[\"11\",\"11\",\"11\",\"11\",\"11\",\"11\",\"11\",\"11\"]', '2026-04-21 05:40:10'),
(51, 657, 'عمومی 657', 'عمومی 657', 'عمومی 657', '[\"5\",\"5\",\"5\",\"5\",\"5\",\"5\",\"5\",\"5\"]', '2026-04-22 05:40:10'),
(52, 658, 'عمومی 658', 'عمومی 658', 'عمومی 658', '[\"13\",\"13\",\"13\",\"13\",\"13\",\"13\",\"13\",\"13\"]', '2026-04-27 05:40:10'),
(53, 659, 'عمومی 659', 'عمومی 659', 'عمومی 659', '[\"10\",\"10\",\"10\",\"10\",\"10\",\"10\",\"10\",\"10\"]', '2026-04-28 05:40:10'),
(54, 660, 'عمومی 660', 'عمومی 660', 'عمومی 660', '[\"14\",\"14\",\"14\",\"14\",\"14\",\"14\",\"14\",\"14\"]', '2026-04-29 05:40:10'),
(55, 661, 'عمومی 661', 'عمومی 661', 'عمومی 661', '[\"6\",\"6\",\"6\",\"6\",\"6\",\"6\",\"6\",\"6\"]', '2026-04-30 05:40:10'),
(56, 662, 'عمومی 662', 'عمومی 662', 'عمومی 662', '[\"6\",\"6\",\"6\",\"6\",\"6\",\"6\",\"6\",\"6\"]', '2026-05-02 05:40:10'),
(57, 663, 'عمومی 663', 'عمومی 663', 'عمومی 663', '[\"12\",\"12\",\"12\",\"12\",\"12\",\"12\",\"12\",\"12\"]', '2026-05-03 05:40:10'),
(58, 664, 'عمومی 664', 'عمومی 664', 'عمومی 664', '[\"11\",\"11\",\"11\",\"11\",\"11\",\"11\",\"11\",\"11\"]', '2026-05-04 05:40:10'),
(59, 665, 'عمومی 665', 'عمومی 665', 'عمومی 665', '[\"15\",\"15\",\"15\",\"15\",\"15\",\"15\",\"15\",\"15\"]', '2026-05-05 05:40:10'),
(60, 666, 'عمومی 666', 'عمومی 666', 'عمومی 666', '[\"16\",\"16\",\"16\",\"16\",\"16\",\"16\",\"16\",\"16\"]', '2026-05-06 05:40:10'),
(61, 667, 'عمومی 667', 'عمومی 667', 'عمومی 667', '[\"8\",\"8\",\"8\",\"8\",\"8\",\"8\",\"8\",\"8\"]', '2026-05-07 05:40:10'),
(62, 668, 'عمومی 668', 'عمومی 668', 'عمومی 668', '[\"7\",\"7\",\"7\",\"7\",\"7\",\"7\",\"7\",\"7\"]', '2026-05-09 05:40:10'),
(63, 669, 'عمومی 669', 'عمومی 669', 'عمومی 669', '[\"4\",\"4\",\"4\",\"4\",\"4\",\"4\",\"4\",\"4\"]', '2026-05-10 05:40:10'),
(64, 670, 'عمومی 670', 'عمومی 670', 'عمومی 670', '[\"13\",\"13\",\"13\",\"13\",\"13\",\"13\",\"13\",\"13\"]', '2026-05-11 05:40:10'),
(65, 671, 'عمومی 671', 'عمومی 671', 'عمومی 671', '[\"10\",\"10\",\"10\",\"10\",\"10\",\"10\",\"10\",\"10\"]', '2026-05-12 05:40:10'),
(66, 672, 'عمومی 672', 'عمومی 672', 'عمومی 672', '[\"16\",\"16\",\"16\",\"16\",\"16\",\"16\",\"16\",\"16\"]', '2026-05-13 05:40:10'),
(67, 673, 'عمومی 673', 'عمومی 673', 'عمومی 673', '[\"9\",\"9\",\"9\",\"9\",\"9\",\"9\",\"9\",\"9\"]', '2026-05-14 05:40:10'),
(68, 674, 'عمومی 674', 'عمومی 674', 'عمومی 674', '[\"15\",\"15\",\"15\",\"15\",\"15\",\"15\",\"15\",\"15\"]', '2026-05-16 05:40:10'),
(69, 675, 'عمومی 675', 'عمومی 675', 'عمومی 675', '[\"15\",\"15\",\"15\",\"15\",\"15\",\"15\",\"15\",\"15\"]', '2026-05-17 05:40:10'),
(70, 676, 'عمومی 676', 'عمومی 676', 'عمومی 676', '[\"6\",\"6\",\"6\",\"6\",\"6\",\"6\",\"6\",\"6\"]', '2026-05-18 05:40:10'),
(71, 677, 'عمومی 677', 'عمومی 677', 'عمومی 677', '[\"14\",\"14\",\"14\",\"14\",\"14\",\"14\",\"14\",\"14\"]', '2026-05-19 05:40:10'),
(72, 678, 'عمومی 678', 'عمومی 678', 'عمومی 678', '[\"14\",\"14\",\"14\",\"14\",\"14\",\"14\",\"14\",\"14\"]', '2026-05-20 05:40:10'),
(73, 679, 'عمومی 679', 'عمومی 679', 'عمومی 679', '[\"11\",\"11\",\"11\",\"11\",\"11\",\"11\",\"11\",\"11\"]', '2026-05-21 05:40:10'),
(74, 680, 'عمومی 680', 'عمومی 680', 'عمومی 680', '[\"10\",\"10\",\"10\",\"10\",\"10\",\"10\",\"10\",\"10\"]', '2026-05-23 05:40:10'),
(75, 681, 'عمومی 681', 'عمومی 681', 'عمومی 681', '[\"6\",\"6\",\"6\",\"6\",\"6\",\"6\",\"6\",\"6\"]', '2026-05-24 05:40:10'),
(76, 682, 'عمومی 682', 'عمومی 682', 'عمومی 682', '[\"8\",\"8\",\"8\",\"8\",\"8\",\"8\",\"8\",\"8\"]', '2026-05-25 05:40:10'),
(79, 685, 'عمومی 685', 'عمومی 685', 'عمومی 685', '[\"11\"]', '2026-06-02 05:40:10'),
(80, 686, 'عمومی 686', 'عمومی 686', 'عمومی 686', '[\"13\"]', '2026-06-04 05:40:10'),
(81, 687, 'عمومی 687', 'عمومی 687', 'عمومی 687', '[\"13\"]', '2026-06-06 05:40:10'),
(82, 688, 'عمومی 688', 'عمومی 688', 'عمومی 688', '[\"8\"]', '2026-06-07 05:40:10'),
(83, 689, 'عمومی 689', 'عمومی 689', 'عمومی 689', '[\"6\"]', '2026-06-08 05:40:10'),
(84, 690, 'عمومی 690', 'عمومی 690', 'عمومی 690', '[\"16\",\"16\",\"16\",\"16\",\"16\",\"16\",\"16\",\"16\"]', '2026-06-09 05:40:10'),
(85, 691, 'عمومی 691', 'عمومی 691', 'عمومی 691', '[\"13\",\"13\",\"13\",\"13\",\"13\",\"13\",\"13\",\"13\"]', '2026-06-10 05:40:10'),
(86, 692, 'عمومی 692', 'عمومی 692', 'عمومی 692', '[\"9\",\"9\",\"9\",\"9\",\"9\",\"9\",\"9\",\"9\"]', '2026-06-11 05:40:10'),
(87, 693, 'عمومی 693', 'عمومی 693', 'عمومی 693', '[\"14\",\"14\",\"14\",\"14\",\"14\",\"14\",\"14\",\"14\"]', '2026-06-13 05:40:10'),
(88, 694, 'عمومی 694', 'عمومی 694', 'عمومی 694', '[\"10\",\"10\",\"10\",\"10\",\"10\",\"10\",\"10\",\"10\"]', '2026-06-14 05:40:10'),
(89, 695, 'عمومی 695', 'عمومی 695', 'عمومی 695', '[\"12\",\"12\",\"12\",\"12\",\"12\",\"12\",\"12\",\"12\"]', '2026-06-15 05:40:10'),
(90, 696, 'عمومی 696', 'عمومی 696', 'عمومی 696', '[\"12\",\"12\",\"12\",\"12\",\"12\",\"12\",\"12\",\"12\"]', '2026-06-16 05:40:10'),
(91, 697, 'عمومی 697', 'عمومی 697', 'عمومی 697', '[\"12\",\"12\",\"12\",\"12\",\"12\",\"12\",\"12\",\"12\"]', '2026-06-17 05:40:10'),
(119, 698, '1495', 'مریم', 'اسدالله', '[9,10,11,12,13,15,16,17]', '2026-06-18 18:16:09'),
(120, 698, '2623', 'فریدون', 'عبدالمجید', '[9,10,11,12,13,15,16,17]', '2026-06-18 18:16:09'),
(121, 698, '2913', 'مریم', 'احمد نوید', '[9,10,11,12,13,15,16,17]', '2026-06-18 18:16:09'),
(122, 698, '2850', 'عاتیکه', 'محمد اسماعیل', '[9,10,11,12,13,15,16,17]', '2026-06-18 18:16:09'),
(123, 698, '2128', 'ظاهر خان', 'محمد داد', '[9,10,11,12,13,15,16,17]', '2026-06-18 18:16:09'),
(124, 698, '2463', 'محمد اکرم', 'محمد ظفر', '[9,10,11,12,13,15,16,17]', '2026-06-18 18:16:09'),
(125, 698, '2915', 'محمد قاسم', 'عبدالرشید', '[9,10,11,12,13,15,16,17]', '2026-06-18 18:16:09'),
(126, 698, '0000', 'مدیر توزیع کیت', 'برای صبحانه', '[9,10,11,12,13,15,16,17]', '2026-06-18 18:16:09'),
(127, 698, '2615', 'حمیدالله', 'عبدالاحد', '[9,10,11,12,13,15,16,17]', '2026-06-18 18:16:09'),
(130, 630, 'عمومی 12-25-1', 'عمومی 12-25-1', 'عمومی 12-25-1', '[10,11,12,13,15,16,17]', '2026-06-20 09:28:16'),
(131, 630, 'عمومی 12-25-2', 'عمومی 12-25-2', 'عمومی 12-25-2', '[10,11,12,13,15,16,17]', '2026-06-20 09:28:16'),
(132, 630, 'عمومی 12-25-3', 'عمومی 12-25-3', 'عمومی 12-25-3', '[10,11,12,13,15,16,17]', '2026-06-20 09:28:16'),
(133, 630, 'عمومی 12-25-4', 'عمومی 12-25-4', 'عمومی 12-25-4', '[10,11,12,13,15,16,17]', '2026-06-20 09:28:16'),
(134, 630, 'عمومی 12-25-5', 'عمومی 12-25-5', 'عمومی 12-25-5', '[10,11,12,13,15,16,17]', '2026-06-20 09:28:16'),
(135, 630, 'عمومی 12-25-6', 'عمومی 12-25-6', 'عمومی 12-25-6', '[10,11,12,13,15,16,17]', '2026-06-20 09:28:16'),
(136, 699, 'عمومی 699', 'عمومی 699', 'عمومی 699', '[\"14\",\"14\",\"14\",\"14\",\"14\",\"14\",\"14\",\"14\"]', '2026-04-11 05:40:10'),
(137, 700, 'عمومی 700', 'عمومی 700', 'عمومی 700', '[\"5\",\"5\",\"5\",\"5\",\"5\",\"5\",\"5\",\"5\"]', '2026-05-31 05:40:10'),
(138, 701, 'عمومی 701', 'عمومی 701', 'عمومی 701', '[\"12\",\"12\",\"12\",\"12\",\"12\",\"12\",\"12\",\"12\"]', '2026-06-01 05:40:10'),
(164, 706, '2849', 'نور بی بی', 'عبدالرووف', '[9,10,11,12,13,15,16,17]', '2026-06-20 11:12:39'),
(165, 706, '2732', 'غلام حسین', 'غلام فاروق', '[9,10,11,12,13,15,16,17]', '2026-06-20 11:12:39'),
(166, 706, '2852', 'غلام سخی', 'گل میر', '[9,10,11,12,13,15,16,17]', '2026-06-20 11:12:39'),
(167, 706, '2945', 'زرغونه', 'آق محمد', '[9,10,11,12,13,15,16,17]', '2026-06-20 11:12:39'),
(168, 706, '2820', 'اناهیتا', 'محمد عطا', '[9,10,11,12,13,15,16,17]', '2026-06-20 11:12:39'),
(169, 706, '1852', 'کریمه', 'سخی داد', '[9,10,11,12,13,15,16,17]', '2026-06-20 11:12:39'),
(170, 706, '2902', 'ابراهیم', 'عبدالقیوم', '[9,10,11,12,13,15,16,17]', '2026-06-20 11:12:39'),
(171, 706, '2923', 'محمد ظاهر', 'حبیب الله', '[9,10,11,12,13,15,16,17]', '2026-06-20 11:12:39'),
(172, 706, '2949', 'حمیده', 'میر سلام', '[9,10,11,12,13,15,16,17]', '2026-06-20 11:12:39'),
(173, 706, '2757', 'بریالی', 'نجیب الله', '[9,10,11,12,13,15,16,17]', '2026-06-20 11:12:39'),
(174, 706, '670', 'نجیبه', 'سید اکبر', '[9,10,11,12,13,15,16,17]', '2026-06-20 11:12:39'),
(175, 706, '2276', 'سید محمد', 'علی محمد', '[9,10,11,12,13,15,16,17]', '2026-06-20 11:12:39');

-- --------------------------------------------------------

--
-- Table structure for table `distribution_items`
--

CREATE TABLE `distribution_items` (
  `id` int NOT NULL,
  `distribution_id` int NOT NULL,
  `material_id` int NOT NULL,
  `qty` decimal(10,2) DEFAULT '0.00'
) ENGINE=InnoDB DEFAULT CHARSET=utf8mb4 COLLATE=utf8mb4_persian_ci;

--
-- Dumping data for table `distribution_items`
--

INSERT INTO `distribution_items` (`id`, `distribution_id`, `material_id`, `qty`) VALUES
(35, 3, 1, 1.00),
(36, 3, 2, 1.00),
(37, 3, 3, 1.00),
(38, 3, 4, 1.00),
(39, 3, 5, 1.00),
(40, 3, 9, 1.00),
(41, 3, 10, 1.00),
(42, 3, 11, 1.00),
(43, 3, 12, 1.00),
(44, 3, 13, 1.00),
(45, 3, 14, 1.00),
(46, 3, 15, 1.00),
(47, 3, 16, 1.00),
(62, 5, 1, 1.00),
(63, 5, 2, 1.00),
(64, 5, 3, 1.00),
(65, 5, 4, 1.00),
(66, 5, 5, 1.00),
(67, 5, 8, 1.00),
(68, 5, 9, 1.00),
(69, 5, 10, 1.00),
(70, 5, 11, 1.00),
(71, 5, 12, 1.00),
(72, 5, 13, 1.00),
(73, 5, 14, 1.00),
(74, 5, 15, 1.00),
(75, 5, 16, 1.00),
(104, 8, 1, 1.00),
(105, 8, 2, 1.00),
(106, 8, 3, 1.00),
(107, 8, 4, 1.00),
(108, 8, 5, 1.00),
(109, 8, 7, 1.00),
(110, 8, 9, 1.00),
(111, 8, 10, 1.00),
(112, 8, 11, 1.00),
(113, 8, 12, 1.00),
(114, 8, 13, 1.00),
(115, 8, 14, 1.00),
(116, 8, 15, 1.00),
(117, 8, 16, 1.00),
(118, 9, 1, 1.00),
(119, 9, 2, 1.00),
(120, 9, 3, 1.00),
(121, 9, 4, 1.00),
(122, 9, 5, 1.00),
(123, 9, 8, 1.00),
(124, 9, 9, 1.00),
(125, 9, 10, 1.00),
(126, 9, 11, 1.00),
(127, 9, 12, 1.00),
(128, 9, 13, 1.00),
(129, 9, 14, 1.00),
(130, 9, 15, 1.00),
(131, 9, 16, 1.00),
(145, 10, 1, 1.00),
(146, 10, 2, 1.00),
(147, 10, 3, 1.00),
(148, 10, 4, 1.00),
(149, 10, 5, 1.00),
(150, 10, 9, 1.00),
(151, 10, 10, 1.00),
(152, 10, 11, 1.00),
(153, 10, 12, 1.00),
(154, 10, 13, 1.00),
(155, 10, 14, 1.00),
(156, 10, 15, 1.00),
(157, 10, 16, 1.00),
(158, 11, 1, 1.00),
(159, 11, 2, 1.00),
(160, 11, 3, 1.00),
(161, 11, 4, 1.00),
(162, 11, 5, 1.00),
(163, 11, 9, 1.00),
(164, 11, 10, 1.00),
(165, 11, 11, 1.00),
(166, 11, 12, 1.00),
(167, 11, 13, 1.00),
(168, 11, 14, 1.00),
(169, 11, 15, 1.00),
(170, 11, 16, 1.00),
(249, 18, 1, 1.00),
(250, 18, 2, 1.00),
(251, 18, 3, 1.00),
(252, 18, 4, 1.00),
(253, 18, 5, 1.00),
(254, 18, 9, 1.00),
(255, 18, 10, 1.00),
(256, 18, 11, 1.00),
(257, 18, 12, 1.00),
(258, 18, 13, 1.00),
(259, 18, 14, 1.00),
(260, 18, 15, 1.00),
(261, 18, 16, 1.00),
(262, 19, 1, 1.00),
(263, 19, 2, 1.00),
(264, 19, 3, 1.00),
(265, 19, 4, 1.00),
(266, 19, 5, 1.00),
(267, 19, 8, 1.00),
(268, 19, 9, 1.00),
(269, 19, 10, 1.00),
(270, 19, 11, 1.00),
(271, 19, 12, 1.00),
(272, 19, 13, 1.00),
(273, 19, 14, 1.00),
(274, 19, 15, 1.00),
(275, 19, 16, 1.00),
(290, 21, 1, 1.00),
(291, 21, 2, 1.00),
(292, 21, 3, 1.00),
(293, 21, 4, 1.00),
(294, 21, 5, 1.00),
(295, 21, 8, 1.00),
(296, 21, 9, 1.00),
(297, 21, 10, 1.00),
(298, 21, 11, 1.00),
(299, 21, 12, 1.00),
(300, 21, 13, 1.00),
(301, 21, 14, 1.00),
(302, 21, 15, 1.00),
(303, 21, 16, 1.00),
(304, 22, 1, 1.00),
(305, 22, 2, 1.00),
(306, 22, 3, 1.00),
(307, 22, 4, 1.00),
(308, 22, 5, 1.00),
(309, 22, 8, 1.00),
(310, 22, 9, 1.00),
(311, 22, 10, 1.00),
(312, 22, 11, 1.00),
(313, 22, 12, 1.00),
(314, 22, 13, 1.00),
(315, 22, 14, 1.00),
(316, 22, 15, 1.00),
(317, 22, 16, 1.00),
(332, 24, 1, 1.00),
(333, 24, 2, 1.00),
(334, 24, 3, 1.00),
(335, 24, 4, 1.00),
(336, 24, 5, 1.00),
(337, 24, 9, 1.00),
(338, 24, 10, 1.00),
(339, 24, 11, 1.00),
(340, 24, 12, 1.00),
(341, 24, 13, 1.00),
(342, 24, 14, 1.00),
(343, 24, 15, 1.00),
(344, 24, 16, 1.00),
(345, 25, 1, 1.00),
(346, 25, 2, 1.00),
(347, 25, 3, 1.00),
(348, 25, 4, 1.00),
(349, 25, 5, 1.00),
(350, 25, 9, 1.00),
(351, 25, 10, 1.00),
(352, 25, 11, 1.00),
(353, 25, 12, 1.00),
(354, 25, 13, 1.00),
(355, 25, 14, 1.00),
(356, 25, 15, 1.00),
(357, 25, 16, 1.00),
(358, 26, 1, 1.00),
(359, 26, 2, 1.00),
(360, 26, 3, 1.00),
(361, 26, 4, 1.00),
(362, 26, 5, 1.00),
(363, 26, 8, 1.00),
(364, 26, 9, 1.00),
(365, 26, 10, 1.00),
(366, 26, 11, 1.00),
(367, 26, 12, 1.00),
(368, 26, 13, 1.00),
(369, 26, 14, 1.00),
(370, 26, 15, 1.00),
(371, 26, 16, 1.00),
(372, 27, 1, 1.00),
(373, 27, 2, 1.00),
(374, 27, 3, 1.00),
(375, 27, 4, 1.00),
(376, 27, 5, 1.00),
(377, 27, 9, 1.00),
(378, 27, 10, 1.00),
(379, 27, 11, 1.00),
(380, 27, 12, 1.00),
(381, 27, 13, 1.00),
(382, 27, 14, 1.00),
(383, 27, 15, 1.00),
(384, 27, 16, 1.00),
(399, 29, 1, 1.00),
(400, 29, 2, 1.00),
(401, 29, 3, 1.00),
(402, 29, 4, 1.00),
(403, 29, 5, 1.00),
(404, 29, 9, 1.00),
(405, 29, 10, 1.00),
(406, 29, 11, 1.00),
(407, 29, 12, 1.00),
(408, 29, 13, 1.00),
(409, 29, 14, 1.00),
(410, 29, 15, 1.00),
(411, 29, 16, 1.00),
(412, 30, 1, 1.00),
(413, 30, 2, 1.00),
(414, 30, 3, 1.00),
(415, 30, 4, 1.00),
(416, 30, 5, 1.00),
(417, 30, 9, 1.00),
(418, 30, 10, 1.00),
(419, 30, 11, 1.00),
(420, 30, 12, 1.00),
(421, 30, 13, 1.00),
(422, 30, 14, 1.00),
(423, 30, 15, 1.00),
(424, 30, 16, 1.00),
(425, 31, 1, 1.00),
(426, 31, 2, 1.00),
(427, 31, 3, 1.00),
(428, 31, 4, 1.00),
(429, 31, 5, 1.00),
(430, 31, 9, 1.00),
(431, 31, 10, 1.00),
(432, 31, 11, 1.00),
(433, 31, 12, 1.00),
(434, 31, 13, 1.00),
(435, 31, 14, 1.00),
(436, 31, 15, 1.00),
(437, 31, 16, 1.00),
(438, 32, 1, 1.00),
(439, 32, 2, 1.00),
(440, 32, 3, 1.00),
(441, 32, 4, 1.00),
(442, 32, 5, 1.00),
(443, 32, 9, 1.00),
(444, 32, 10, 1.00),
(445, 32, 11, 1.00),
(446, 32, 12, 1.00),
(447, 32, 13, 1.00),
(448, 32, 14, 1.00),
(449, 32, 15, 1.00),
(450, 32, 16, 1.00),
(451, 33, 1, 1.00),
(452, 33, 2, 1.00),
(453, 33, 3, 1.00),
(454, 33, 4, 1.00),
(455, 33, 5, 1.00),
(456, 33, 9, 1.00),
(457, 33, 10, 1.00),
(458, 33, 11, 1.00),
(459, 33, 12, 1.00),
(460, 33, 13, 1.00),
(461, 33, 14, 1.00),
(462, 33, 15, 1.00),
(463, 33, 16, 1.00),
(478, 34, 1, 1.00),
(479, 34, 2, 1.00),
(480, 34, 3, 1.00),
(481, 34, 4, 1.00),
(482, 34, 5, 1.00),
(483, 34, 8, 1.00),
(484, 34, 9, 1.00),
(485, 34, 10, 1.00),
(486, 34, 11, 1.00),
(487, 34, 12, 1.00),
(488, 34, 13, 1.00),
(489, 34, 14, 1.00),
(490, 34, 15, 1.00),
(491, 34, 16, 1.00),
(506, 36, 1, 1.00),
(507, 36, 2, 1.00),
(508, 36, 3, 1.00),
(509, 36, 4, 1.00),
(510, 36, 5, 1.00),
(511, 36, 9, 1.00),
(512, 36, 10, 1.00),
(513, 36, 11, 1.00),
(514, 36, 12, 1.00),
(515, 36, 13, 1.00),
(516, 36, 14, 1.00),
(517, 36, 15, 1.00),
(518, 36, 16, 1.00),
(544, 37, 1, 1.00),
(545, 37, 2, 1.00),
(546, 37, 3, 1.00),
(547, 37, 4, 1.00),
(548, 37, 5, 1.00),
(549, 37, 9, 1.00),
(550, 37, 10, 1.00),
(551, 37, 11, 1.00),
(552, 37, 12, 1.00),
(553, 37, 13, 1.00),
(554, 37, 15, 1.00),
(555, 37, 16, 1.00),
(569, 39, 1, 1.00),
(570, 39, 2, 1.00),
(571, 39, 3, 1.00),
(572, 39, 4, 1.00),
(573, 39, 5, 1.00),
(574, 39, 8, 1.00),
(575, 39, 9, 1.00),
(576, 39, 10, 1.00),
(577, 39, 11, 1.00),
(578, 39, 12, 1.00),
(579, 39, 13, 1.00),
(580, 39, 15, 1.00),
(581, 39, 16, 1.00),
(582, 40, 1, 1.00),
(583, 40, 2, 1.00),
(584, 40, 3, 1.00),
(585, 40, 4, 1.00),
(586, 40, 5, 1.00),
(587, 40, 8, 1.00),
(588, 40, 9, 1.00),
(589, 40, 10, 1.00),
(590, 40, 11, 1.00),
(591, 40, 12, 1.00),
(592, 40, 13, 1.00),
(593, 40, 15, 1.00),
(594, 40, 16, 1.00),
(595, 41, 1, 1.00),
(596, 41, 2, 1.00),
(597, 41, 3, 1.00),
(598, 41, 4, 1.00),
(599, 41, 5, 1.00),
(600, 41, 9, 1.00),
(601, 41, 10, 1.00),
(602, 41, 11, 1.00),
(603, 41, 12, 1.00),
(604, 41, 13, 1.00),
(605, 41, 15, 1.00),
(606, 41, 16, 1.00),
(607, 42, 1, 1.00),
(608, 42, 2, 1.00),
(609, 42, 3, 1.00),
(610, 42, 4, 1.00),
(611, 42, 5, 1.00),
(612, 42, 7, 1.00),
(613, 42, 9, 1.00),
(614, 42, 10, 1.00),
(615, 42, 11, 1.00),
(616, 42, 12, 1.00),
(617, 42, 13, 1.00),
(618, 42, 15, 1.00),
(619, 42, 16, 1.00),
(620, 43, 1, 1.00),
(621, 43, 2, 1.00),
(622, 43, 3, 1.00),
(623, 43, 4, 1.00),
(624, 43, 5, 1.00),
(625, 43, 8, 1.00),
(626, 43, 9, 1.00),
(627, 43, 10, 1.00),
(628, 43, 11, 1.00),
(629, 43, 12, 1.00),
(630, 43, 13, 1.00),
(631, 43, 15, 1.00),
(632, 43, 16, 1.00),
(659, 45, 1, 1.00),
(660, 45, 2, 1.00),
(661, 45, 3, 1.00),
(662, 45, 4, 1.00),
(663, 45, 5, 1.00),
(664, 45, 7, 1.00),
(665, 45, 9, 1.00),
(666, 45, 10, 1.00),
(667, 45, 11, 1.00),
(668, 45, 12, 1.00),
(669, 45, 13, 1.00),
(670, 45, 15, 1.00),
(671, 45, 16, 1.00),
(672, 46, 2, 1.00),
(673, 46, 9, 1.00),
(674, 46, 10, 1.00),
(675, 46, 11, 1.00),
(676, 46, 12, 1.00),
(677, 46, 13, 1.00),
(678, 46, 15, 1.00),
(679, 46, 16, 1.00),
(891, 47, 1, 1.00),
(892, 47, 2, 1.00),
(893, 47, 3, 1.00),
(894, 47, 4, 1.00),
(895, 47, 5, 1.00),
(896, 47, 8, 1.00),
(897, 47, 10, 1.00),
(898, 47, 11, 1.00),
(899, 47, 12, 1.00),
(900, 47, 13, 1.00),
(901, 47, 15, 1.00),
(902, 47, 16, 1.00),
(915, 49, 1, 1.00),
(916, 49, 2, 1.00),
(917, 49, 3, 1.00),
(918, 49, 4, 1.00),
(919, 49, 5, 1.00),
(920, 49, 8, 1.00),
(921, 49, 10, 1.00),
(922, 49, 11, 1.00),
(923, 49, 12, 1.00),
(924, 49, 13, 1.00),
(925, 49, 15, 1.00),
(926, 49, 16, 1.00),
(927, 50, 1, 1.00),
(928, 50, 2, 1.00),
(929, 50, 3, 1.00),
(930, 50, 4, 1.00),
(931, 50, 5, 1.00),
(932, 50, 10, 1.00),
(933, 50, 11, 1.00),
(934, 50, 12, 1.00),
(935, 50, 13, 1.00),
(936, 50, 15, 1.00),
(937, 50, 16, 1.00),
(938, 51, 1, 1.00),
(939, 51, 2, 1.00),
(940, 51, 3, 1.00),
(941, 51, 4, 1.00),
(942, 51, 5, 1.00),
(943, 51, 8, 1.00),
(944, 51, 10, 1.00),
(945, 51, 11, 1.00),
(946, 51, 12, 1.00),
(947, 51, 13, 1.00),
(948, 51, 15, 1.00),
(949, 51, 16, 1.00),
(973, 54, 1, 1.00),
(974, 54, 2, 1.00),
(975, 54, 3, 1.00),
(976, 54, 4, 1.00),
(977, 54, 5, 1.00),
(978, 54, 10, 1.00),
(979, 54, 11, 1.00),
(980, 54, 12, 1.00),
(981, 54, 13, 1.00),
(982, 54, 15, 1.00),
(983, 54, 16, 1.00),
(984, 55, 1, 1.00),
(985, 55, 2, 1.00),
(986, 55, 3, 1.00),
(987, 55, 4, 1.00),
(988, 55, 5, 1.00),
(989, 55, 8, 1.00),
(990, 55, 10, 1.00),
(991, 55, 11, 1.00),
(992, 55, 12, 1.00),
(993, 55, 13, 1.00),
(994, 55, 15, 1.00),
(995, 55, 16, 1.00),
(996, 56, 1, 1.00),
(997, 56, 2, 1.00),
(998, 56, 3, 1.00),
(999, 56, 4, 1.00),
(1000, 56, 5, 1.00),
(1001, 56, 10, 1.00),
(1002, 56, 11, 1.00),
(1003, 56, 12, 1.00),
(1004, 56, 13, 1.00),
(1005, 56, 15, 1.00),
(1006, 56, 16, 1.00),
(1007, 57, 1, 1.00),
(1008, 57, 2, 1.00),
(1009, 57, 3, 1.00),
(1010, 57, 4, 1.00),
(1011, 57, 5, 1.00),
(1012, 57, 10, 1.00),
(1013, 57, 11, 1.00),
(1014, 57, 12, 1.00),
(1015, 57, 13, 1.00),
(1016, 57, 15, 1.00),
(1017, 57, 16, 1.00),
(1018, 59, 1, 1.00),
(1019, 59, 2, 1.00),
(1020, 59, 3, 1.00),
(1021, 59, 4, 1.00),
(1022, 59, 5, 1.00),
(1023, 59, 8, 1.00),
(1024, 59, 10, 1.00),
(1025, 59, 11, 1.00),
(1026, 59, 12, 1.00),
(1027, 59, 13, 1.00),
(1028, 59, 15, 1.00),
(1029, 59, 16, 1.00),
(1030, 60, 1, 1.00),
(1031, 60, 2, 1.00),
(1032, 60, 3, 1.00),
(1033, 60, 4, 1.00),
(1034, 60, 5, 1.00),
(1035, 60, 10, 1.00),
(1036, 60, 11, 1.00),
(1037, 60, 12, 1.00),
(1038, 60, 13, 1.00),
(1039, 60, 15, 1.00),
(1040, 60, 16, 1.00),
(1063, 48, 1, 1.00),
(1064, 48, 2, 1.00),
(1065, 48, 3, 1.00),
(1066, 48, 4, 1.00),
(1067, 48, 5, 1.00),
(1068, 48, 8, 1.00),
(1069, 48, 10, 1.00),
(1070, 48, 11, 1.00),
(1071, 48, 12, 1.00),
(1072, 48, 13, 1.00),
(1073, 48, 15, 1.00),
(1074, 48, 16, 1.00),
(1075, 65, 1, 1.00),
(1076, 65, 2, 1.00),
(1077, 65, 3, 1.00),
(1078, 65, 4, 1.00),
(1079, 65, 5, 1.00),
(1080, 65, 8, 1.00),
(1081, 66, 1, 1.00),
(1082, 66, 2, 1.00),
(1083, 66, 3, 1.00),
(1084, 66, 4, 1.00),
(1085, 66, 5, 1.00),
(1086, 67, 1, 1.00),
(1087, 67, 2, 1.00),
(1088, 67, 3, 1.00),
(1089, 67, 4, 1.00),
(1090, 67, 5, 1.00),
(1091, 67, 8, 1.00),
(1092, 68, 1, 1.00),
(1093, 68, 2, 1.00),
(1094, 68, 3, 1.00),
(1095, 68, 4, 1.00),
(1096, 68, 5, 1.00),
(1097, 64, 1, 1.00),
(1098, 64, 2, 1.00),
(1099, 64, 3, 1.00),
(1100, 64, 4, 1.00),
(1101, 64, 5, 1.00),
(1102, 61, 1, 1.00),
(1103, 61, 2, 1.00),
(1104, 61, 3, 1.00),
(1105, 61, 4, 1.00),
(1106, 61, 5, 1.00),
(1107, 61, 8, 1.00),
(1108, 62, 1, 1.00),
(1109, 62, 2, 1.00),
(1110, 62, 3, 1.00),
(1111, 62, 4, 1.00),
(1112, 62, 5, 1.00),
(1113, 62, 8, 1.00),
(1114, 63, 1, 1.00),
(1115, 63, 2, 1.00),
(1116, 63, 3, 1.00),
(1117, 63, 4, 1.00),
(1118, 63, 5, 1.00),
(1131, 70, 1, 1.00),
(1132, 70, 2, 1.00),
(1133, 70, 3, 1.00),
(1134, 70, 4, 1.00),
(1135, 70, 5, 1.00),
(1136, 70, 9, 1.00),
(1137, 70, 10, 1.00),
(1138, 70, 11, 1.00),
(1139, 70, 12, 1.00),
(1140, 70, 13, 1.00),
(1141, 70, 15, 1.00),
(1142, 70, 16, 1.00),
(1156, 71, 1, 1.00),
(1157, 71, 2, 1.00),
(1158, 71, 3, 1.00),
(1159, 71, 4, 1.00),
(1160, 71, 5, 1.00),
(1161, 71, 7, 1.00),
(1162, 71, 9, 1.00),
(1163, 71, 10, 1.00),
(1164, 71, 11, 1.00),
(1165, 71, 12, 1.00),
(1166, 71, 13, 1.00),
(1167, 71, 15, 1.00),
(1168, 71, 16, 1.00),
(1181, 69, 1, 1.00),
(1182, 69, 2, 1.00),
(1183, 69, 3, 1.00),
(1184, 69, 4, 1.00),
(1185, 69, 5, 1.00),
(1186, 69, 9, 1.00),
(1187, 69, 10, 1.00),
(1188, 69, 11, 1.00),
(1189, 69, 12, 1.00),
(1190, 69, 13, 1.00),
(1191, 69, 15, 1.00),
(1192, 69, 16, 1.00),
(1193, 72, 1, 1.00),
(1194, 72, 2, 1.00),
(1195, 72, 3, 1.00),
(1196, 72, 4, 1.00),
(1197, 72, 5, 1.00),
(1198, 72, 9, 1.00),
(1199, 72, 10, 1.00),
(1200, 72, 11, 1.00),
(1201, 72, 12, 1.00),
(1202, 72, 13, 1.00),
(1203, 72, 15, 1.00),
(1204, 72, 16, 1.00),
(1205, 73, 1, 1.00),
(1206, 73, 2, 1.00),
(1207, 73, 3, 1.00),
(1208, 73, 4, 1.00),
(1209, 73, 5, 1.00),
(1210, 73, 9, 1.00),
(1211, 73, 10, 1.00),
(1212, 73, 11, 1.00),
(1213, 73, 12, 1.00),
(1214, 73, 13, 1.00),
(1215, 73, 15, 1.00),
(1216, 73, 16, 1.00),
(1217, 74, 1, 1.00),
(1218, 74, 2, 1.00),
(1219, 74, 3, 1.00),
(1220, 74, 4, 1.00),
(1221, 74, 5, 1.00),
(1222, 74, 9, 1.00),
(1223, 74, 10, 1.00),
(1224, 74, 11, 1.00),
(1225, 74, 12, 1.00),
(1226, 74, 13, 1.00),
(1227, 74, 15, 1.00),
(1228, 74, 16, 1.00),
(1238, 76, 1, 1.00),
(1239, 76, 2, 1.00),
(1240, 76, 3, 1.00),
(1241, 76, 4, 1.00),
(1242, 76, 5, 1.00),
(1243, 76, 8, 1.00),
(1244, 76, 9, 1.00),
(1245, 76, 10, 1.00),
(1246, 76, 11, 1.00),
(1247, 76, 12, 1.00),
(1248, 76, 13, 1.00),
(1249, 76, 15, 1.00),
(1250, 76, 16, 1.00),
(1251, 77, 1, 1.00),
(1252, 77, 2, 1.00),
(1253, 77, 8, 1.00),
(1254, 77, 9, 1.00),
(1255, 77, 10, 1.00),
(1256, 77, 11, 1.00),
(1257, 77, 12, 1.00),
(1258, 77, 13, 1.00),
(1259, 77, 15, 1.00),
(1260, 77, 16, 1.00),
(1261, 78, 1, 1.00),
(1262, 78, 2, 1.00),
(1263, 78, 3, 1.00),
(1264, 78, 4, 1.00),
(1265, 78, 5, 1.00),
(1266, 78, 8, 1.00),
(1267, 78, 9, 1.00),
(1268, 78, 10, 1.00),
(1269, 78, 11, 1.00),
(1270, 78, 12, 1.00),
(1271, 78, 13, 1.00),
(1272, 78, 15, 1.00),
(1273, 78, 16, 1.00),
(1274, 75, 3, 1.00),
(1275, 75, 4, 1.00),
(1276, 75, 9, 1.00),
(1277, 75, 10, 1.00),
(1278, 75, 11, 1.00),
(1279, 75, 12, 1.00),
(1280, 75, 13, 1.00),
(1281, 75, 15, 1.00),
(1282, 75, 16, 1.00),
(1283, 79, 1, 1.00),
(1284, 79, 2, 1.00),
(1285, 79, 3, 1.00),
(1286, 79, 4, 1.00),
(1287, 79, 5, 1.00),
(1288, 79, 9, 1.00),
(1289, 79, 10, 1.00),
(1290, 79, 11, 1.00),
(1291, 79, 12, 1.00),
(1292, 79, 13, 1.00),
(1293, 79, 15, 1.00),
(1294, 79, 16, 1.00),
(1295, 80, 1, 1.00),
(1296, 80, 2, 1.00),
(1297, 80, 3, 1.00),
(1298, 80, 4, 1.00),
(1299, 80, 5, 1.00),
(1300, 80, 9, 1.00),
(1301, 80, 10, 1.00),
(1302, 80, 11, 1.00),
(1303, 80, 12, 1.00),
(1304, 80, 13, 1.00),
(1305, 80, 15, 1.00),
(1306, 80, 16, 1.00),
(1307, 81, 1, 1.00),
(1308, 81, 2, 1.00),
(1309, 81, 3, 1.00),
(1310, 81, 4, 1.00),
(1311, 81, 5, 1.00),
(1312, 81, 8, 1.00),
(1313, 81, 9, 1.00),
(1314, 81, 10, 1.00),
(1315, 81, 11, 1.00),
(1316, 81, 12, 1.00),
(1317, 81, 13, 1.00),
(1318, 81, 15, 1.00),
(1319, 81, 16, 1.00),
(1320, 82, 1, 1.00),
(1321, 82, 2, 1.00),
(1322, 82, 3, 1.00),
(1323, 82, 4, 1.00),
(1324, 82, 5, 1.00),
(1325, 82, 8, 1.00),
(1326, 82, 9, 1.00),
(1327, 82, 10, 1.00),
(1328, 82, 11, 1.00),
(1329, 82, 12, 1.00),
(1330, 82, 13, 1.00),
(1331, 82, 15, 1.00),
(1332, 82, 16, 1.00),
(1431, 90, 1, 1.00),
(1432, 90, 2, 1.00),
(1433, 90, 3, 1.00),
(1434, 90, 4, 1.00),
(1435, 90, 5, 1.00),
(1436, 89, 1, 1.00),
(1437, 89, 2, 1.00),
(1438, 89, 3, 1.00),
(1439, 89, 4, 1.00),
(1440, 89, 5, 1.00),
(1441, 88, 1, 1.00),
(1442, 88, 2, 1.00),
(1443, 88, 3, 1.00),
(1444, 88, 4, 1.00),
(1445, 88, 5, 1.00),
(1446, 86, 1, 1.00),
(1447, 86, 2, 1.00),
(1448, 86, 3, 1.00),
(1449, 86, 4, 1.00),
(1450, 86, 5, 1.00),
(1520, 91, 1, 1.00),
(1521, 91, 2, 1.00),
(1522, 91, 3, 1.00),
(1523, 91, 4, 1.00),
(1524, 91, 5, 1.00),
(1525, 91, 9, 1.00),
(1526, 91, 10, 1.00),
(1527, 91, 11, 1.00),
(1528, 91, 12, 1.00),
(1529, 91, 13, 1.00),
(1530, 91, 15, 1.00),
(1531, 91, 16, 1.00),
(1532, 92, 1, 1.00),
(1533, 92, 2, 1.00),
(1534, 92, 3, 1.00),
(1535, 92, 4, 1.00),
(1536, 92, 5, 1.00),
(1537, 92, 8, 1.00),
(1538, 92, 9, 1.00),
(1539, 92, 10, 1.00),
(1540, 92, 11, 1.00),
(1541, 92, 12, 1.00),
(1542, 92, 13, 1.00),
(1543, 92, 15, 1.00),
(1544, 92, 16, 1.00),
(1545, 93, 1, 1.00),
(1546, 93, 2, 1.00),
(1547, 93, 3, 1.00),
(1548, 93, 4, 1.00),
(1549, 93, 5, 1.00),
(1550, 93, 9, 1.00),
(1551, 93, 10, 1.00),
(1552, 93, 11, 1.00),
(1553, 93, 12, 1.00),
(1554, 93, 13, 1.00),
(1555, 93, 15, 1.00),
(1556, 93, 16, 1.00),
(1566, 95, 1, 1.00),
(1567, 95, 2, 1.00),
(1568, 95, 3, 1.00),
(1569, 95, 4, 1.00),
(1570, 95, 5, 1.00),
(1571, 95, 9, 1.00),
(1572, 95, 10, 1.00),
(1573, 95, 11, 1.00),
(1574, 95, 12, 1.00),
(1575, 95, 13, 1.00),
(1576, 95, 15, 1.00),
(1577, 95, 16, 1.00),
(1578, 96, 1, 1.00),
(1579, 96, 3, 1.00),
(1580, 96, 4, 1.00),
(1581, 96, 5, 1.00),
(1582, 96, 9, 1.00),
(1583, 96, 10, 1.00),
(1584, 96, 11, 1.00),
(1585, 96, 12, 1.00),
(1586, 96, 13, 1.00),
(1587, 96, 15, 1.00),
(1588, 96, 16, 1.00),
(1589, 97, 1, 1.00),
(1590, 97, 2, 1.00),
(1591, 97, 3, 1.00),
(1592, 97, 4, 1.00),
(1593, 97, 5, 1.00),
(1594, 97, 9, 1.00),
(1595, 97, 10, 1.00),
(1596, 97, 11, 1.00),
(1597, 97, 12, 1.00),
(1598, 97, 13, 1.00),
(1599, 97, 15, 1.00),
(1600, 97, 16, 1.00),
(1601, 98, 1, 1.00),
(1602, 98, 2, 1.00),
(1603, 98, 3, 1.00),
(1604, 98, 4, 1.00),
(1605, 98, 5, 1.00),
(1606, 98, 8, 1.00),
(1607, 98, 9, 1.00),
(1608, 98, 10, 1.00),
(1609, 98, 11, 1.00),
(1610, 98, 12, 1.00),
(1611, 98, 13, 1.00),
(1612, 98, 15, 1.00),
(1613, 98, 16, 1.00),
(1626, 100, 2, 1.00),
(1627, 100, 9, 1.00),
(1628, 100, 10, 1.00),
(1629, 100, 11, 1.00),
(1630, 100, 12, 1.00),
(1631, 100, 13, 1.00),
(1632, 100, 15, 1.00),
(1633, 100, 16, 1.00),
(1634, 101, 1, 1.00),
(1635, 101, 2, 1.00),
(1636, 101, 3, 1.00),
(1637, 101, 4, 1.00),
(1638, 101, 5, 1.00),
(1639, 101, 9, 1.00),
(1640, 101, 10, 1.00),
(1641, 101, 11, 1.00),
(1642, 101, 12, 1.00),
(1643, 101, 13, 1.00),
(1644, 101, 15, 1.00),
(1645, 101, 16, 1.00),
(1646, 102, 1, 1.00),
(1647, 102, 2, 1.00),
(1648, 102, 3, 1.00),
(1649, 102, 4, 1.00),
(1650, 102, 5, 1.00),
(1651, 102, 8, 1.00),
(1652, 102, 9, 1.00),
(1653, 102, 10, 1.00),
(1654, 102, 11, 1.00),
(1655, 102, 12, 1.00),
(1656, 102, 13, 1.00),
(1657, 102, 15, 1.00),
(1658, 102, 16, 1.00),
(1659, 103, 1, 1.00),
(1660, 103, 2, 1.00),
(1661, 103, 3, 1.00),
(1662, 103, 4, 1.00),
(1663, 103, 5, 1.00),
(1664, 103, 9, 1.00),
(1665, 103, 10, 1.00),
(1666, 103, 11, 1.00),
(1667, 103, 12, 1.00),
(1668, 103, 13, 1.00),
(1669, 103, 15, 1.00),
(1670, 103, 16, 1.00),
(1671, 104, 1, 1.00),
(1672, 104, 2, 1.00),
(1673, 104, 3, 1.00),
(1674, 104, 4, 1.00),
(1675, 104, 5, 1.00),
(1676, 104, 8, 1.00),
(1677, 104, 9, 1.00),
(1678, 104, 10, 1.00),
(1679, 104, 11, 1.00),
(1680, 104, 12, 1.00),
(1681, 104, 13, 1.00),
(1682, 104, 15, 1.00),
(1683, 104, 16, 1.00),
(2573, 172, 1, 1.00),
(2574, 172, 2, 1.00),
(2575, 172, 3, 1.00),
(2576, 172, 4, 1.00),
(2577, 172, 5, 1.00),
(2578, 172, 9, 1.00),
(2579, 172, 10, 1.00),
(2580, 172, 11, 1.00),
(2581, 172, 12, 1.00),
(2582, 172, 13, 1.00),
(2583, 172, 15, 1.00),
(2584, 172, 16, 1.00),
(3588, 252, 1, 1.00),
(3589, 252, 2, 1.00),
(3590, 252, 3, 1.00),
(3591, 252, 4, 1.00),
(3592, 252, 5, 1.00),
(3593, 252, 7, 1.00),
(3594, 252, 9, 1.00),
(3595, 252, 10, 1.00),
(3596, 252, 11, 1.00),
(3597, 252, 12, 1.00),
(3598, 252, 13, 1.00),
(3599, 252, 15, 1.00),
(3600, 252, 16, 1.00),
(4346, 105, 1, 1.00),
(4347, 105, 2, 1.00),
(4348, 105, 3, 1.00),
(4349, 105, 4, 1.00),
(4350, 105, 5, 1.00),
(4351, 105, 9, 1.00),
(4352, 105, 10, 1.00),
(4353, 105, 11, 1.00),
(4354, 105, 12, 1.00),
(4355, 105, 13, 1.00),
(4356, 105, 15, 1.00),
(4357, 105, 16, 1.00),
(4358, 106, 1, 1.00),
(4359, 106, 2, 1.00),
(4360, 106, 3, 1.00),
(4361, 106, 4, 1.00),
(4362, 106, 5, 1.00),
(4363, 106, 9, 1.00),
(4364, 106, 10, 1.00),
(4365, 106, 11, 1.00),
(4366, 106, 12, 1.00),
(4367, 106, 13, 1.00),
(4368, 106, 15, 1.00),
(4369, 106, 16, 1.00),
(4370, 107, 1, 1.00),
(4371, 107, 2, 1.00),
(4372, 107, 3, 1.00),
(4373, 107, 4, 1.00),
(4374, 107, 5, 1.00),
(4375, 107, 9, 1.00),
(4376, 107, 10, 1.00),
(4377, 107, 11, 1.00),
(4378, 107, 12, 1.00),
(4379, 107, 13, 1.00),
(4380, 107, 15, 1.00),
(4381, 107, 16, 1.00),
(4382, 109, 1, 1.00),
(4383, 109, 2, 1.00),
(4384, 109, 3, 1.00),
(4385, 109, 4, 1.00),
(4386, 109, 5, 1.00),
(4387, 109, 8, 1.00),
(4388, 109, 9, 1.00),
(4389, 109, 10, 1.00),
(4390, 109, 11, 1.00),
(4391, 109, 12, 1.00),
(4392, 109, 13, 1.00),
(4393, 109, 15, 1.00),
(4394, 109, 16, 1.00),
(4395, 110, 1, 1.00),
(4396, 110, 2, 1.00),
(4397, 110, 3, 1.00),
(4398, 110, 4, 1.00),
(4399, 110, 5, 1.00),
(4400, 110, 8, 1.00),
(4401, 110, 9, 1.00),
(4402, 110, 10, 1.00),
(4403, 110, 11, 1.00),
(4404, 110, 12, 1.00),
(4405, 110, 13, 1.00),
(4406, 110, 15, 1.00),
(4407, 110, 16, 1.00),
(4408, 111, 1, 1.00),
(4409, 111, 2, 1.00),
(4410, 111, 3, 1.00),
(4411, 111, 4, 1.00),
(4412, 111, 5, 1.00),
(4413, 111, 8, 1.00),
(4414, 111, 9, 1.00),
(4415, 111, 10, 1.00),
(4416, 111, 11, 1.00),
(4417, 111, 12, 1.00),
(4418, 111, 13, 1.00),
(4419, 111, 15, 1.00),
(4420, 111, 16, 1.00),
(4421, 112, 1, 1.00),
(4422, 112, 2, 1.00),
(4423, 112, 3, 1.00),
(4424, 112, 4, 1.00),
(4425, 112, 5, 1.00),
(4426, 112, 8, 1.00),
(4427, 112, 9, 1.00),
(4428, 112, 10, 1.00),
(4429, 112, 11, 1.00),
(4430, 112, 12, 1.00),
(4431, 112, 13, 1.00),
(4432, 112, 15, 1.00),
(4433, 112, 16, 1.00),
(4458, 113, 2, 1.00),
(4459, 113, 9, 1.00),
(4460, 113, 10, 1.00),
(4461, 113, 11, 1.00),
(4462, 113, 12, 1.00),
(4463, 113, 13, 1.00),
(4464, 113, 15, 1.00),
(4465, 113, 16, 1.00),
(4466, 114, 1, 1.00),
(4467, 114, 2, 1.00),
(4468, 114, 3, 1.00),
(4469, 114, 4, 1.00),
(4470, 114, 5, 1.00),
(4471, 114, 8, 1.00),
(4472, 114, 9, 1.00),
(4473, 114, 10, 1.00),
(4474, 114, 11, 1.00),
(4475, 114, 12, 1.00),
(4476, 114, 13, 1.00),
(4477, 114, 15, 1.00),
(4478, 114, 16, 1.00),
(4516, 119, 1, 1.00),
(4517, 119, 2, 1.00),
(4518, 119, 3, 1.00),
(4519, 119, 4, 1.00),
(4520, 119, 5, 1.00),
(4521, 119, 9, 1.00),
(4522, 119, 10, 1.00),
(4523, 119, 11, 1.00),
(4524, 119, 12, 1.00),
(4525, 119, 13, 1.00),
(4526, 119, 15, 1.00),
(4527, 119, 16, 1.00),
(4562, 120, 1, 1.00),
(4563, 120, 2, 1.00),
(4564, 120, 3, 1.00),
(4565, 120, 4, 1.00),
(4566, 120, 5, 1.00),
(4567, 120, 9, 1.00),
(4568, 120, 10, 1.00),
(4569, 120, 11, 1.00),
(4570, 120, 12, 1.00),
(4571, 120, 13, 1.00),
(4572, 120, 15, 1.00),
(4573, 120, 16, 1.00),
(4586, 121, 1, 1.00),
(4587, 121, 2, 1.00),
(4588, 121, 3, 1.00),
(4589, 121, 4, 1.00),
(4590, 121, 5, 1.00),
(4591, 121, 9, 1.00),
(4592, 121, 10, 1.00),
(4593, 121, 11, 1.00),
(4594, 121, 12, 1.00),
(4595, 121, 13, 1.00),
(4596, 121, 15, 1.00),
(4597, 121, 16, 1.00),
(4610, 124, 1, 1.00),
(4611, 124, 2, 1.00),
(4612, 124, 3, 1.00),
(4613, 124, 4, 1.00),
(4614, 124, 5, 1.00),
(4615, 124, 9, 1.00),
(4616, 124, 10, 1.00),
(4617, 124, 11, 1.00),
(4618, 124, 12, 1.00),
(4619, 124, 13, 1.00),
(4620, 124, 15, 1.00),
(4621, 124, 16, 1.00),
(4622, 125, 1, 1.00),
(4623, 125, 2, 1.00),
(4624, 125, 3, 1.00),
(4625, 125, 4, 1.00),
(4626, 125, 5, 1.00),
(4627, 125, 9, 1.00),
(4628, 125, 10, 1.00),
(4629, 125, 11, 1.00),
(4630, 125, 12, 1.00),
(4631, 125, 13, 1.00),
(4632, 125, 15, 1.00),
(4633, 125, 16, 1.00),
(4659, 122, 1, 1.00),
(4660, 122, 2, 1.00),
(4661, 122, 3, 1.00),
(4662, 122, 4, 1.00),
(4663, 122, 5, 1.00),
(4664, 122, 8, 1.00),
(4665, 122, 9, 1.00),
(4666, 122, 10, 1.00),
(4667, 122, 11, 1.00),
(4668, 122, 12, 1.00),
(4669, 122, 13, 1.00),
(4670, 122, 15, 1.00),
(4671, 122, 16, 1.00),
(4672, 127, 1, 1.00),
(4673, 127, 2, 1.00),
(4674, 127, 3, 1.00),
(4675, 127, 4, 1.00),
(4676, 127, 5, 1.00),
(4677, 127, 9, 1.00),
(4678, 127, 10, 1.00),
(4679, 127, 11, 1.00),
(4680, 127, 12, 1.00),
(4681, 127, 13, 1.00),
(4682, 127, 15, 1.00),
(4683, 127, 16, 1.00),
(4684, 128, 1, 1.00),
(4685, 128, 2, 1.00),
(4686, 128, 3, 1.00),
(4687, 128, 4, 1.00),
(4688, 128, 5, 1.00),
(4689, 128, 8, 1.00),
(4690, 128, 9, 1.00),
(4691, 128, 10, 1.00),
(4692, 128, 11, 1.00),
(4693, 128, 12, 1.00),
(4694, 128, 13, 1.00),
(4695, 128, 15, 1.00),
(4696, 128, 16, 1.00),
(4697, 129, 1, 1.00),
(4698, 129, 2, 1.00),
(4699, 129, 3, 1.00),
(4700, 129, 4, 1.00),
(4701, 129, 5, 1.00),
(4702, 129, 9, 1.00),
(4703, 129, 10, 1.00),
(4704, 129, 11, 1.00),
(4705, 129, 12, 1.00),
(4706, 129, 13, 1.00),
(4707, 129, 15, 1.00),
(4708, 129, 16, 1.00),
(4709, 130, 1, 1.00),
(4710, 130, 2, 1.00),
(4711, 130, 3, 1.00),
(4712, 130, 4, 1.00),
(4713, 130, 5, 1.00),
(4714, 130, 9, 1.00),
(4715, 130, 10, 1.00),
(4716, 130, 11, 1.00),
(4717, 130, 12, 1.00),
(4718, 130, 13, 1.00),
(4719, 130, 15, 1.00),
(4720, 130, 16, 1.00),
(4721, 131, 1, 1.00),
(4722, 131, 2, 1.00),
(4723, 131, 3, 1.00),
(4724, 131, 4, 1.00),
(4725, 131, 5, 1.00),
(4726, 131, 8, 1.00),
(4727, 131, 9, 1.00),
(4728, 131, 10, 1.00),
(4729, 131, 11, 1.00),
(4730, 131, 12, 1.00),
(4731, 131, 13, 1.00),
(4732, 131, 15, 1.00),
(4733, 131, 16, 1.00),
(4734, 132, 1, 1.00),
(4735, 132, 2, 1.00),
(4736, 132, 3, 1.00),
(4737, 132, 4, 1.00),
(4738, 132, 5, 1.00),
(4739, 132, 8, 1.00),
(4740, 132, 9, 1.00),
(4741, 132, 10, 1.00),
(4742, 132, 11, 1.00),
(4743, 132, 12, 1.00),
(4744, 132, 13, 1.00),
(4745, 132, 15, 1.00),
(4746, 132, 16, 1.00),
(4747, 133, 1, 1.00),
(4748, 133, 2, 1.00),
(4749, 133, 3, 1.00),
(4750, 133, 4, 1.00),
(4751, 133, 5, 1.00),
(4752, 133, 8, 1.00),
(4753, 133, 9, 1.00),
(4754, 133, 10, 1.00),
(4755, 133, 11, 1.00),
(4756, 133, 12, 1.00),
(4757, 133, 13, 1.00),
(4758, 133, 15, 1.00),
(4759, 133, 16, 1.00),
(4760, 134, 1, 1.00),
(4761, 134, 2, 1.00),
(4762, 134, 3, 1.00),
(4763, 134, 4, 1.00),
(4764, 134, 5, 1.00),
(4765, 134, 8, 1.00),
(4766, 134, 9, 1.00),
(4767, 134, 10, 1.00),
(4768, 134, 11, 1.00),
(4769, 134, 12, 1.00),
(4770, 134, 13, 1.00),
(4771, 134, 15, 1.00),
(4772, 134, 16, 1.00),
(4773, 135, 1, 1.00),
(4774, 135, 2, 1.00),
(4775, 135, 3, 1.00),
(4776, 135, 4, 1.00),
(4777, 135, 5, 1.00),
(4778, 135, 9, 1.00),
(4779, 135, 10, 1.00),
(4780, 135, 11, 1.00),
(4781, 135, 12, 1.00),
(4782, 135, 13, 1.00),
(4783, 135, 15, 1.00),
(4784, 135, 16, 1.00),
(4785, 136, 1, 1.00),
(4786, 136, 3, 1.00),
(4787, 136, 4, 1.00),
(4788, 136, 5, 1.00),
(4789, 136, 9, 1.00),
(4790, 136, 10, 1.00),
(4791, 136, 11, 1.00),
(4792, 136, 12, 1.00),
(4793, 136, 13, 1.00),
(4794, 136, 15, 1.00),
(4795, 136, 16, 1.00),
(4796, 137, 1, 1.00),
(4797, 137, 2, 1.00),
(4798, 137, 3, 1.00),
(4799, 137, 4, 1.00),
(4800, 137, 5, 1.00),
(4801, 137, 8, 1.00),
(4802, 137, 9, 1.00),
(4803, 137, 10, 1.00),
(4804, 137, 11, 1.00),
(4805, 137, 12, 1.00),
(4806, 137, 13, 1.00),
(4807, 137, 15, 1.00),
(4808, 137, 16, 1.00),
(4809, 139, 1, 1.00),
(4810, 139, 2, 1.00),
(4811, 139, 3, 1.00),
(4812, 139, 4, 1.00),
(4813, 139, 5, 1.00),
(4814, 139, 8, 1.00),
(4815, 139, 9, 1.00),
(4816, 139, 10, 1.00),
(4817, 139, 11, 1.00),
(4818, 139, 12, 1.00),
(4819, 139, 13, 1.00),
(4820, 139, 15, 1.00),
(4821, 139, 16, 1.00),
(4822, 140, 1, 1.00),
(4823, 140, 2, 1.00),
(4824, 140, 3, 1.00),
(4825, 140, 4, 1.00),
(4826, 140, 5, 1.00),
(4827, 140, 8, 1.00),
(4828, 140, 9, 1.00),
(4829, 140, 10, 1.00),
(4830, 140, 11, 1.00),
(4831, 140, 12, 1.00),
(4832, 140, 13, 1.00),
(4833, 140, 15, 1.00),
(4834, 140, 16, 1.00),
(4835, 141, 1, 1.00),
(4836, 141, 2, 1.00),
(4837, 141, 3, 1.00),
(4838, 141, 4, 1.00),
(4839, 141, 5, 1.00),
(4840, 141, 9, 1.00),
(4841, 141, 10, 1.00),
(4842, 141, 11, 1.00),
(4843, 141, 12, 1.00),
(4844, 141, 13, 1.00),
(4845, 141, 15, 1.00),
(4846, 141, 16, 1.00),
(4847, 142, 1, 1.00),
(4848, 142, 2, 1.00),
(4849, 142, 3, 1.00),
(4850, 142, 4, 1.00),
(4851, 142, 5, 1.00),
(4852, 142, 8, 1.00),
(4853, 142, 9, 1.00),
(4854, 142, 10, 1.00),
(4855, 142, 11, 1.00),
(4856, 142, 12, 1.00),
(4857, 142, 13, 1.00),
(4858, 142, 15, 1.00),
(4859, 142, 16, 1.00),
(4860, 143, 1, 1.00),
(4861, 143, 2, 1.00),
(4862, 143, 3, 1.00),
(4863, 143, 4, 1.00),
(4864, 143, 5, 1.00),
(4865, 143, 8, 1.00),
(4866, 143, 9, 1.00),
(4867, 143, 10, 1.00),
(4868, 143, 11, 1.00),
(4869, 143, 12, 1.00),
(4870, 143, 13, 1.00),
(4871, 143, 15, 1.00),
(4872, 143, 16, 1.00),
(4873, 144, 1, 1.00),
(4874, 144, 2, 1.00),
(4875, 144, 3, 1.00),
(4876, 144, 4, 1.00),
(4877, 144, 5, 1.00),
(4878, 144, 9, 1.00),
(4879, 144, 10, 1.00),
(4880, 144, 11, 1.00),
(4881, 144, 12, 1.00),
(4882, 144, 13, 1.00),
(4883, 144, 15, 1.00),
(4884, 144, 16, 1.00),
(4910, 146, 1, 1.00),
(4911, 146, 2, 1.00),
(4912, 146, 3, 1.00),
(4913, 146, 4, 1.00),
(4914, 146, 5, 1.00),
(4915, 146, 8, 1.00),
(4916, 146, 9, 1.00),
(4917, 146, 10, 1.00),
(4918, 146, 11, 1.00),
(4919, 146, 12, 1.00),
(4920, 146, 13, 1.00),
(4921, 146, 15, 1.00),
(4922, 146, 16, 1.00),
(4923, 147, 1, 1.00),
(4924, 147, 2, 1.00),
(4925, 147, 3, 1.00),
(4926, 147, 4, 1.00),
(4927, 147, 5, 1.00),
(4928, 147, 9, 1.00),
(4929, 147, 10, 1.00),
(4930, 147, 11, 1.00),
(4931, 147, 12, 1.00),
(4932, 147, 13, 1.00),
(4933, 147, 15, 1.00),
(4934, 147, 16, 1.00),
(4935, 148, 1, 1.00),
(4936, 148, 2, 1.00),
(4937, 148, 3, 1.00),
(4938, 148, 4, 1.00),
(4939, 148, 5, 1.00),
(4940, 148, 9, 1.00),
(4941, 148, 10, 1.00),
(4942, 148, 11, 1.00),
(4943, 148, 12, 1.00),
(4944, 148, 13, 1.00),
(4945, 148, 15, 1.00),
(4946, 148, 16, 1.00),
(4947, 149, 1, 1.00),
(4948, 149, 2, 1.00),
(4949, 149, 3, 1.00),
(4950, 149, 4, 1.00),
(4951, 149, 5, 1.00),
(4952, 149, 8, 1.00),
(4953, 149, 9, 1.00),
(4954, 149, 10, 1.00),
(4955, 149, 11, 1.00),
(4956, 149, 12, 1.00),
(4957, 149, 13, 1.00),
(4958, 149, 15, 1.00),
(4959, 149, 16, 1.00),
(4960, 150, 1, 1.00),
(4961, 150, 2, 1.00),
(4962, 150, 3, 1.00),
(4963, 150, 4, 1.00),
(4964, 150, 5, 1.00),
(4965, 150, 9, 1.00),
(4966, 150, 10, 1.00),
(4967, 150, 11, 1.00),
(4968, 150, 12, 1.00),
(4969, 150, 13, 1.00),
(4970, 150, 15, 1.00),
(4971, 150, 16, 1.00),
(4972, 151, 1, 1.00),
(4973, 151, 2, 1.00),
(4974, 151, 3, 1.00),
(4975, 151, 4, 1.00),
(4976, 151, 5, 1.00),
(4977, 151, 9, 1.00),
(4978, 151, 10, 1.00),
(4979, 151, 11, 1.00),
(4980, 151, 12, 1.00),
(4981, 151, 13, 1.00),
(4982, 151, 15, 1.00),
(4983, 151, 16, 1.00),
(4984, 152, 1, 1.00),
(4985, 152, 2, 1.00),
(4986, 152, 3, 1.00),
(4987, 152, 4, 1.00),
(4988, 152, 5, 1.00),
(4989, 152, 9, 1.00),
(4990, 152, 10, 1.00),
(4991, 152, 11, 1.00),
(4992, 152, 12, 1.00),
(4993, 152, 13, 1.00),
(4994, 152, 15, 1.00),
(4995, 152, 16, 1.00),
(5020, 153, 1, 1.00),
(5021, 153, 2, 1.00),
(5022, 153, 3, 1.00),
(5023, 153, 4, 1.00),
(5024, 153, 5, 1.00),
(5025, 153, 9, 1.00),
(5026, 153, 10, 1.00),
(5027, 153, 11, 1.00),
(5028, 153, 12, 1.00),
(5029, 153, 13, 1.00),
(5030, 153, 15, 1.00),
(5031, 153, 16, 1.00),
(5032, 154, 1, 1.00),
(5033, 154, 2, 1.00),
(5034, 154, 3, 1.00),
(5035, 154, 4, 1.00),
(5036, 154, 5, 1.00),
(5037, 154, 8, 1.00),
(5038, 154, 9, 1.00),
(5039, 154, 10, 1.00),
(5040, 154, 11, 1.00),
(5041, 154, 12, 1.00),
(5042, 154, 13, 1.00),
(5043, 154, 15, 1.00),
(5044, 154, 16, 1.00),
(5045, 155, 1, 1.00),
(5046, 155, 2, 1.00),
(5047, 155, 3, 1.00),
(5048, 155, 4, 1.00),
(5049, 155, 5, 1.00),
(5050, 155, 9, 1.00),
(5051, 155, 10, 1.00),
(5052, 155, 11, 1.00),
(5053, 155, 12, 1.00),
(5054, 155, 13, 1.00),
(5055, 155, 15, 1.00),
(5056, 155, 16, 1.00),
(5057, 156, 1, 1.00),
(5058, 156, 2, 1.00),
(5059, 156, 3, 1.00),
(5060, 156, 4, 1.00),
(5061, 156, 5, 1.00),
(5062, 156, 8, 1.00),
(5063, 156, 9, 1.00),
(5064, 156, 10, 1.00),
(5065, 156, 11, 1.00),
(5066, 156, 12, 1.00),
(5067, 156, 13, 1.00),
(5068, 156, 15, 1.00),
(5069, 156, 16, 1.00),
(5070, 157, 1, 1.00),
(5071, 157, 2, 1.00),
(5072, 157, 3, 1.00),
(5073, 157, 4, 1.00),
(5074, 157, 5, 1.00),
(5075, 157, 9, 1.00),
(5076, 157, 10, 1.00),
(5077, 157, 11, 1.00),
(5078, 157, 12, 1.00),
(5079, 157, 13, 1.00),
(5080, 157, 15, 1.00),
(5081, 157, 16, 1.00),
(5082, 159, 1, 1.00),
(5083, 159, 2, 1.00),
(5084, 159, 3, 1.00),
(5085, 159, 4, 1.00),
(5086, 159, 5, 1.00),
(5087, 159, 8, 1.00),
(5088, 159, 9, 1.00),
(5089, 159, 10, 1.00),
(5090, 159, 11, 1.00),
(5091, 159, 12, 1.00),
(5092, 159, 13, 1.00),
(5093, 159, 15, 1.00),
(5094, 159, 16, 1.00),
(5095, 160, 1, 1.00),
(5096, 160, 2, 1.00),
(5097, 160, 3, 1.00),
(5098, 160, 4, 1.00),
(5099, 160, 5, 1.00),
(5100, 160, 9, 1.00),
(5101, 160, 10, 1.00),
(5102, 160, 11, 1.00),
(5103, 160, 12, 1.00),
(5104, 160, 13, 1.00),
(5105, 160, 15, 1.00),
(5106, 160, 16, 1.00),
(5107, 161, 1, 1.00),
(5108, 161, 2, 1.00),
(5109, 161, 3, 1.00),
(5110, 161, 4, 1.00),
(5111, 161, 5, 1.00),
(5112, 161, 9, 1.00),
(5113, 161, 10, 1.00),
(5114, 161, 11, 1.00),
(5115, 161, 12, 1.00),
(5116, 161, 13, 1.00),
(5117, 161, 15, 1.00),
(5118, 161, 16, 1.00),
(5119, 162, 1, 1.00),
(5120, 162, 2, 1.00),
(5121, 162, 3, 1.00),
(5122, 162, 4, 1.00),
(5123, 162, 5, 1.00),
(5124, 162, 8, 1.00),
(5125, 162, 9, 1.00),
(5126, 162, 10, 1.00),
(5127, 162, 11, 1.00),
(5128, 162, 12, 1.00),
(5129, 162, 13, 1.00),
(5130, 162, 15, 1.00),
(5131, 162, 16, 1.00),
(5132, 163, 1, 1.00),
(5133, 163, 2, 1.00),
(5134, 163, 3, 1.00),
(5135, 163, 4, 1.00),
(5136, 163, 5, 1.00),
(5137, 163, 7, 1.00),
(5138, 163, 9, 1.00),
(5139, 163, 10, 1.00),
(5140, 163, 11, 1.00),
(5141, 163, 12, 1.00),
(5142, 163, 13, 1.00),
(5143, 163, 15, 1.00),
(5144, 163, 16, 1.00),
(5145, 164, 1, 1.00),
(5146, 164, 2, 1.00),
(5147, 164, 3, 1.00),
(5148, 164, 4, 1.00),
(5149, 164, 5, 1.00),
(5150, 164, 9, 1.00),
(5151, 164, 10, 1.00),
(5152, 164, 11, 1.00),
(5153, 164, 12, 1.00),
(5154, 164, 13, 1.00),
(5155, 164, 15, 1.00),
(5156, 164, 16, 1.00),
(5157, 165, 1, 1.00),
(5158, 165, 2, 1.00),
(5159, 165, 3, 1.00),
(5160, 165, 4, 1.00),
(5161, 165, 5, 1.00),
(5162, 165, 9, 1.00),
(5163, 165, 10, 1.00),
(5164, 165, 11, 1.00),
(5165, 165, 12, 1.00),
(5166, 165, 13, 1.00),
(5167, 165, 15, 1.00),
(5168, 165, 16, 1.00),
(5169, 166, 1, 1.00),
(5170, 166, 2, 1.00),
(5171, 166, 3, 1.00),
(5172, 166, 4, 1.00),
(5173, 166, 5, 1.00),
(5174, 166, 8, 1.00),
(5175, 166, 9, 1.00),
(5176, 166, 10, 1.00),
(5177, 166, 11, 1.00),
(5178, 166, 12, 1.00),
(5179, 166, 13, 1.00),
(5180, 166, 15, 1.00),
(5181, 166, 16, 1.00),
(5182, 167, 1, 1.00),
(5183, 167, 2, 1.00),
(5184, 167, 3, 1.00),
(5185, 167, 4, 1.00),
(5186, 167, 5, 1.00),
(5187, 167, 8, 1.00),
(5188, 167, 9, 1.00),
(5189, 167, 10, 1.00),
(5190, 167, 11, 1.00),
(5191, 167, 12, 1.00),
(5192, 167, 13, 1.00),
(5193, 167, 15, 1.00),
(5194, 167, 16, 1.00),
(5195, 168, 1, 1.00),
(5196, 168, 2, 1.00),
(5197, 168, 3, 1.00),
(5198, 168, 4, 1.00),
(5199, 168, 5, 1.00),
(5200, 168, 8, 1.00),
(5201, 168, 9, 1.00),
(5202, 168, 10, 1.00),
(5203, 168, 11, 1.00),
(5204, 168, 12, 1.00),
(5205, 168, 13, 1.00),
(5206, 168, 15, 1.00),
(5207, 168, 16, 1.00),
(5208, 169, 1, 1.00),
(5209, 169, 2, 1.00),
(5210, 169, 3, 1.00),
(5211, 169, 4, 1.00),
(5212, 169, 5, 1.00),
(5213, 169, 7, 1.00),
(5214, 169, 9, 1.00),
(5215, 169, 10, 1.00),
(5216, 169, 11, 1.00),
(5217, 169, 12, 1.00),
(5218, 169, 13, 1.00),
(5219, 169, 15, 1.00),
(5220, 169, 16, 1.00),
(5221, 170, 1, 1.00),
(5222, 170, 2, 1.00),
(5223, 170, 3, 1.00),
(5224, 170, 4, 1.00),
(5225, 170, 5, 1.00),
(5226, 170, 8, 1.00),
(5227, 170, 9, 1.00),
(5228, 170, 10, 1.00),
(5229, 170, 11, 1.00),
(5230, 170, 12, 1.00),
(5231, 170, 13, 1.00),
(5232, 170, 15, 1.00),
(5233, 170, 16, 1.00),
(5234, 171, 2, 1.00),
(5235, 171, 5, 1.00),
(5236, 171, 9, 1.00),
(5237, 171, 10, 1.00),
(5238, 171, 11, 1.00),
(5239, 171, 12, 1.00),
(5240, 171, 13, 1.00),
(5241, 171, 15, 1.00),
(5242, 171, 16, 1.00),
(5243, 173, 1, 1.00),
(5244, 173, 2, 1.00),
(5245, 173, 3, 1.00),
(5246, 173, 4, 1.00),
(5247, 173, 5, 1.00),
(5248, 173, 8, 1.00),
(5249, 173, 9, 1.00),
(5250, 173, 10, 1.00),
(5251, 173, 11, 1.00),
(5252, 173, 12, 1.00),
(5253, 173, 13, 1.00),
(5254, 173, 15, 1.00),
(5255, 173, 16, 1.00),
(5256, 174, 1, 1.00),
(5257, 174, 2, 1.00),
(5258, 174, 3, 1.00),
(5259, 174, 4, 1.00),
(5260, 174, 5, 1.00),
(5261, 174, 9, 1.00),
(5262, 174, 10, 1.00),
(5263, 174, 11, 1.00),
(5264, 174, 12, 1.00),
(5265, 174, 13, 1.00),
(5266, 174, 15, 1.00),
(5267, 174, 16, 1.00),
(5317, 179, 1, 1.00),
(5318, 179, 2, 1.00),
(5319, 179, 3, 1.00),
(5320, 179, 4, 1.00),
(5321, 179, 5, 1.00),
(5322, 179, 9, 1.00),
(5323, 179, 10, 1.00),
(5324, 179, 11, 1.00),
(5325, 179, 12, 1.00),
(5326, 179, 13, 1.00),
(5327, 179, 15, 1.00),
(5328, 179, 16, 1.00),
(5329, 180, 1, 1.00),
(5330, 180, 2, 1.00),
(5331, 180, 3, 1.00),
(5332, 180, 4, 1.00),
(5333, 180, 5, 1.00),
(5334, 180, 8, 1.00),
(5335, 180, 9, 1.00),
(5336, 180, 10, 1.00),
(5337, 180, 11, 1.00),
(5338, 180, 12, 1.00),
(5339, 180, 13, 1.00),
(5340, 180, 15, 1.00),
(5341, 180, 16, 1.00),
(5342, 181, 1, 1.00),
(5343, 181, 2, 1.00),
(5344, 181, 3, 1.00),
(5345, 181, 4, 1.00),
(5346, 181, 5, 1.00),
(5347, 181, 9, 1.00),
(5348, 181, 10, 1.00),
(5349, 181, 11, 1.00),
(5350, 181, 12, 1.00),
(5351, 181, 13, 1.00),
(5352, 181, 15, 1.00),
(5353, 181, 16, 1.00),
(5354, 182, 1, 1.00),
(5355, 182, 2, 1.00),
(5356, 182, 3, 1.00),
(5357, 182, 4, 1.00),
(5358, 182, 5, 1.00),
(5359, 182, 8, 1.00),
(5360, 182, 9, 1.00),
(5361, 182, 10, 1.00),
(5362, 182, 11, 1.00),
(5363, 182, 12, 1.00),
(5364, 182, 13, 1.00),
(5365, 182, 15, 1.00),
(5366, 182, 16, 1.00),
(5367, 183, 1, 1.00),
(5368, 183, 2, 1.00),
(5369, 183, 3, 1.00),
(5370, 183, 4, 1.00),
(5371, 183, 5, 1.00),
(5372, 183, 8, 1.00),
(5373, 183, 9, 1.00),
(5374, 183, 10, 1.00),
(5375, 183, 11, 1.00),
(5376, 183, 12, 1.00),
(5377, 183, 13, 1.00),
(5378, 183, 15, 1.00),
(5379, 183, 16, 1.00),
(5380, 184, 1, 1.00),
(5381, 184, 2, 1.00),
(5382, 184, 3, 1.00),
(5383, 184, 4, 1.00),
(5384, 184, 5, 1.00),
(5385, 184, 8, 1.00),
(5386, 184, 9, 1.00),
(5387, 184, 10, 1.00),
(5388, 184, 11, 1.00),
(5389, 184, 12, 1.00),
(5390, 184, 13, 1.00),
(5391, 184, 15, 1.00),
(5392, 184, 16, 1.00),
(5393, 185, 1, 1.00),
(5394, 185, 2, 1.00),
(5395, 185, 3, 1.00),
(5396, 185, 4, 1.00),
(5397, 185, 5, 1.00),
(5398, 185, 7, 1.00),
(5399, 185, 9, 1.00),
(5400, 185, 10, 1.00),
(5401, 185, 11, 1.00),
(5402, 185, 12, 1.00),
(5403, 185, 13, 1.00),
(5404, 185, 15, 1.00),
(5405, 185, 16, 1.00),
(5406, 186, 1, 1.00),
(5407, 186, 2, 1.00),
(5408, 186, 3, 1.00),
(5409, 186, 4, 1.00),
(5410, 186, 5, 1.00),
(5411, 186, 8, 1.00),
(5412, 186, 9, 1.00),
(5413, 186, 10, 1.00),
(5414, 186, 11, 1.00),
(5415, 186, 12, 1.00),
(5416, 186, 13, 1.00),
(5417, 186, 15, 1.00),
(5418, 186, 16, 1.00),
(5419, 187, 1, 1.00),
(5420, 187, 2, 1.00),
(5421, 187, 3, 1.00),
(5422, 187, 4, 1.00),
(5423, 187, 5, 1.00),
(5424, 187, 8, 1.00),
(5425, 187, 9, 1.00),
(5426, 187, 10, 1.00),
(5427, 187, 11, 1.00),
(5428, 187, 12, 1.00),
(5429, 187, 13, 1.00),
(5430, 187, 15, 1.00),
(5431, 187, 16, 1.00),
(5432, 188, 1, 1.00),
(5433, 188, 2, 1.00),
(5434, 188, 3, 1.00),
(5435, 188, 4, 1.00),
(5436, 188, 5, 1.00),
(5437, 188, 9, 1.00),
(5438, 188, 10, 1.00),
(5439, 188, 11, 1.00),
(5440, 188, 12, 1.00),
(5441, 188, 13, 1.00),
(5442, 188, 15, 1.00),
(5443, 188, 16, 1.00),
(5444, 189, 1, 1.00),
(5445, 189, 2, 1.00),
(5446, 189, 3, 1.00),
(5447, 189, 4, 1.00),
(5448, 189, 5, 1.00),
(5449, 189, 9, 1.00),
(5450, 189, 10, 1.00),
(5451, 189, 11, 1.00),
(5452, 189, 12, 1.00),
(5453, 189, 13, 1.00),
(5454, 189, 15, 1.00),
(5455, 189, 16, 1.00),
(5456, 190, 1, 1.00),
(5457, 190, 2, 1.00),
(5458, 190, 3, 1.00),
(5459, 190, 4, 1.00),
(5460, 190, 5, 1.00),
(5461, 190, 9, 1.00),
(5462, 190, 10, 1.00),
(5463, 190, 11, 1.00),
(5464, 190, 12, 1.00),
(5465, 190, 13, 1.00),
(5466, 190, 15, 1.00),
(5467, 190, 16, 1.00),
(5468, 191, 1, 1.00),
(5469, 191, 2, 1.00),
(5470, 191, 3, 1.00),
(5471, 191, 4, 1.00),
(5472, 191, 5, 1.00),
(5473, 191, 9, 1.00),
(5474, 191, 10, 1.00),
(5475, 191, 11, 1.00),
(5476, 191, 12, 1.00),
(5477, 191, 13, 1.00),
(5478, 191, 15, 1.00),
(5479, 191, 16, 1.00),
(5480, 192, 1, 1.00),
(5481, 192, 2, 1.00),
(5482, 192, 3, 1.00),
(5483, 192, 4, 1.00),
(5484, 192, 5, 1.00),
(5485, 192, 9, 1.00),
(5486, 192, 10, 1.00),
(5487, 192, 11, 1.00),
(5488, 192, 12, 1.00),
(5489, 192, 13, 1.00),
(5490, 192, 15, 1.00),
(5491, 192, 16, 1.00),
(5492, 194, 1, 1.00),
(5493, 194, 2, 1.00),
(5494, 194, 3, 1.00),
(5495, 194, 4, 1.00),
(5496, 194, 5, 1.00),
(5497, 194, 8, 1.00),
(5498, 194, 9, 1.00),
(5499, 194, 10, 1.00),
(5500, 194, 11, 1.00),
(5501, 194, 12, 1.00),
(5502, 194, 13, 1.00),
(5503, 194, 15, 1.00),
(5504, 194, 16, 1.00),
(5505, 195, 1, 1.00),
(5506, 195, 2, 1.00),
(5507, 195, 3, 1.00),
(5508, 195, 4, 1.00),
(5509, 195, 5, 1.00),
(5510, 195, 9, 1.00),
(5511, 195, 10, 1.00),
(5512, 195, 11, 1.00),
(5513, 195, 12, 1.00),
(5514, 195, 13, 1.00),
(5515, 195, 15, 1.00),
(5516, 195, 16, 1.00),
(5536, 178, 1, 1.00),
(5537, 178, 2, 1.00),
(5538, 178, 3, 1.00),
(5539, 178, 4, 1.00),
(5540, 178, 5, 1.00),
(5541, 178, 9, 1.00),
(5542, 196, 1, 1.00),
(5543, 196, 2, 1.00),
(5544, 196, 3, 1.00),
(5545, 196, 4, 1.00),
(5546, 196, 5, 1.00),
(5547, 196, 9, 1.00),
(5548, 196, 10, 1.00),
(5549, 196, 11, 1.00),
(5550, 196, 12, 1.00),
(5551, 196, 13, 1.00),
(5552, 196, 15, 1.00),
(5553, 196, 16, 1.00),
(5554, 197, 1, 1.00),
(5555, 197, 2, 1.00),
(5556, 197, 3, 1.00),
(5557, 197, 4, 1.00),
(5558, 197, 5, 1.00),
(5559, 197, 9, 1.00),
(5560, 197, 10, 1.00),
(5561, 197, 11, 1.00),
(5562, 197, 12, 1.00),
(5563, 197, 13, 1.00),
(5564, 197, 15, 1.00),
(5565, 197, 16, 1.00),
(5566, 198, 1, 1.00),
(5567, 198, 2, 1.00),
(5568, 198, 3, 1.00),
(5569, 198, 4, 1.00),
(5570, 198, 5, 1.00),
(5571, 198, 8, 1.00),
(5572, 198, 9, 1.00),
(5573, 198, 10, 1.00),
(5574, 198, 11, 1.00),
(5575, 198, 12, 1.00),
(5576, 198, 13, 1.00),
(5577, 198, 15, 1.00),
(5578, 198, 16, 1.00),
(5579, 199, 1, 1.00),
(5580, 199, 3, 1.00),
(5581, 199, 4, 1.00),
(5582, 199, 5, 1.00),
(5583, 199, 9, 1.00),
(5584, 199, 10, 1.00),
(5585, 199, 11, 1.00),
(5586, 199, 12, 1.00),
(5587, 199, 13, 1.00),
(5588, 199, 15, 1.00),
(5589, 199, 16, 1.00),
(5590, 201, 1, 1.00),
(5591, 201, 2, 1.00),
(5592, 201, 3, 1.00),
(5593, 201, 4, 1.00),
(5594, 201, 5, 1.00),
(5595, 201, 8, 1.00),
(5596, 201, 9, 1.00),
(5597, 201, 10, 1.00),
(5598, 201, 11, 1.00),
(5599, 201, 12, 1.00),
(5600, 201, 13, 1.00),
(5601, 201, 15, 1.00),
(5602, 201, 16, 1.00),
(5603, 202, 1, 1.00),
(5604, 202, 2, 1.00),
(5605, 202, 3, 1.00),
(5606, 202, 4, 1.00),
(5607, 202, 5, 1.00),
(5608, 202, 8, 1.00),
(5609, 202, 9, 1.00),
(5610, 202, 10, 1.00),
(5611, 202, 11, 1.00),
(5612, 202, 12, 1.00),
(5613, 202, 13, 1.00),
(5614, 202, 15, 1.00),
(5615, 202, 16, 1.00),
(5616, 203, 1, 1.00),
(5617, 203, 2, 1.00),
(5618, 203, 3, 1.00),
(5619, 203, 4, 1.00),
(5620, 203, 5, 1.00),
(5621, 203, 8, 1.00),
(5622, 203, 9, 1.00),
(5623, 203, 10, 1.00),
(5624, 203, 11, 1.00),
(5625, 203, 12, 1.00),
(5626, 203, 13, 1.00),
(5627, 203, 15, 1.00),
(5628, 203, 16, 1.00),
(5629, 204, 1, 1.00),
(5630, 204, 2, 1.00),
(5631, 204, 3, 1.00),
(5632, 204, 4, 1.00),
(5633, 204, 5, 1.00),
(5634, 204, 9, 1.00),
(5635, 204, 10, 1.00),
(5636, 204, 11, 1.00),
(5637, 204, 12, 1.00),
(5638, 204, 13, 1.00),
(5639, 204, 15, 1.00),
(5640, 204, 16, 1.00),
(5641, 205, 1, 1.00),
(5642, 205, 2, 1.00),
(5643, 205, 3, 1.00),
(5644, 205, 4, 1.00),
(5645, 205, 5, 1.00),
(5646, 205, 8, 1.00),
(5647, 205, 9, 1.00),
(5648, 205, 10, 1.00),
(5649, 205, 11, 1.00),
(5650, 205, 12, 1.00),
(5651, 205, 13, 1.00),
(5652, 205, 15, 1.00),
(5653, 205, 16, 1.00),
(5654, 206, 1, 1.00),
(5655, 206, 2, 1.00),
(5656, 206, 3, 1.00),
(5657, 206, 4, 1.00),
(5658, 206, 5, 1.00),
(5659, 206, 8, 1.00),
(5660, 206, 9, 1.00),
(5661, 206, 10, 1.00),
(5662, 206, 11, 1.00),
(5663, 206, 12, 1.00),
(5664, 206, 13, 1.00),
(5665, 206, 15, 1.00),
(5666, 206, 16, 1.00),
(5679, 208, 1, 1.00),
(5680, 208, 2, 1.00),
(5681, 208, 3, 1.00),
(5682, 208, 4, 1.00),
(5683, 208, 5, 1.00),
(5684, 208, 9, 1.00),
(5685, 208, 10, 1.00),
(5686, 208, 11, 1.00),
(5687, 208, 12, 1.00),
(5688, 208, 13, 1.00),
(5689, 208, 15, 1.00),
(5690, 208, 16, 1.00),
(5691, 209, 1, 1.00),
(5692, 209, 2, 1.00),
(5693, 209, 3, 1.00),
(5694, 209, 4, 1.00),
(5695, 209, 5, 1.00),
(5696, 209, 9, 1.00),
(5697, 209, 10, 1.00),
(5698, 209, 11, 1.00),
(5699, 209, 12, 1.00),
(5700, 209, 13, 1.00),
(5701, 209, 15, 1.00),
(5702, 209, 16, 1.00),
(5703, 210, 1, 1.00),
(5704, 210, 2, 1.00),
(5705, 210, 3, 1.00),
(5706, 210, 4, 1.00),
(5707, 210, 5, 1.00),
(5708, 210, 9, 1.00),
(5709, 210, 10, 1.00),
(5710, 210, 11, 1.00),
(5711, 210, 12, 1.00),
(5712, 210, 13, 1.00),
(5713, 210, 15, 1.00),
(5714, 210, 16, 1.00),
(5715, 211, 1, 1.00),
(5716, 211, 2, 1.00),
(5717, 211, 3, 1.00),
(5718, 211, 4, 1.00),
(5719, 211, 5, 1.00),
(5720, 211, 9, 1.00),
(5721, 211, 10, 1.00),
(5722, 211, 11, 1.00),
(5723, 211, 12, 1.00),
(5724, 211, 13, 1.00),
(5725, 211, 15, 1.00),
(5726, 211, 16, 1.00),
(6059, 212, 1, 1.00),
(6060, 212, 2, 1.00),
(6061, 212, 3, 1.00),
(6062, 212, 4, 1.00),
(6063, 212, 5, 1.00),
(6064, 212, 9, 1.00),
(6065, 212, 10, 1.00),
(6066, 212, 11, 1.00),
(6067, 212, 12, 1.00),
(6068, 212, 13, 1.00),
(6069, 212, 15, 1.00),
(6070, 212, 16, 1.00),
(6071, 213, 1, 1.00),
(6072, 213, 2, 1.00),
(6073, 213, 3, 1.00),
(6074, 213, 4, 1.00),
(6075, 213, 5, 1.00),
(6076, 213, 8, 1.00),
(6077, 213, 9, 1.00),
(6078, 213, 10, 1.00),
(6079, 213, 11, 1.00),
(6080, 213, 12, 1.00),
(6081, 213, 13, 1.00),
(6082, 213, 15, 1.00),
(6083, 213, 16, 1.00),
(6084, 214, 1, 1.00),
(6085, 214, 2, 1.00),
(6086, 214, 3, 1.00),
(6087, 214, 4, 1.00),
(6088, 214, 5, 1.00),
(6089, 214, 8, 1.00),
(6090, 214, 9, 1.00),
(6091, 214, 10, 1.00),
(6092, 214, 11, 1.00),
(6093, 214, 12, 1.00),
(6094, 214, 13, 1.00),
(6095, 214, 15, 1.00),
(6096, 214, 16, 1.00),
(6097, 215, 1, 1.00),
(6098, 215, 2, 1.00),
(6099, 215, 3, 1.00),
(6100, 215, 4, 1.00),
(6101, 215, 5, 1.00),
(6102, 215, 9, 1.00),
(6103, 215, 10, 1.00),
(6104, 215, 11, 1.00),
(6105, 215, 12, 1.00),
(6106, 215, 13, 1.00),
(6107, 215, 15, 1.00),
(6108, 215, 16, 1.00),
(6109, 217, 1, 1.00),
(6110, 217, 2, 1.00),
(6111, 217, 3, 1.00),
(6112, 217, 4, 1.00),
(6113, 217, 5, 1.00),
(6114, 217, 8, 1.00),
(6115, 217, 9, 1.00),
(6116, 217, 10, 1.00),
(6117, 217, 11, 1.00),
(6118, 217, 12, 1.00),
(6119, 217, 13, 1.00),
(6120, 217, 15, 1.00),
(6121, 217, 16, 1.00),
(6122, 218, 1, 1.00),
(6123, 218, 2, 1.00),
(6124, 218, 3, 1.00),
(6125, 218, 4, 1.00),
(6126, 218, 5, 1.00),
(6127, 218, 8, 1.00),
(6128, 218, 9, 1.00),
(6129, 218, 10, 1.00),
(6130, 218, 11, 1.00),
(6131, 218, 12, 1.00),
(6132, 218, 13, 1.00),
(6133, 218, 15, 1.00),
(6134, 218, 16, 1.00),
(6135, 219, 1, 1.00),
(6136, 219, 2, 1.00),
(6137, 219, 3, 1.00),
(6138, 219, 4, 1.00),
(6139, 219, 5, 1.00),
(6140, 219, 9, 1.00),
(6141, 219, 10, 1.00),
(6142, 219, 11, 1.00),
(6143, 219, 12, 1.00),
(6144, 219, 13, 1.00),
(6145, 219, 15, 1.00),
(6146, 219, 16, 1.00),
(6147, 220, 1, 1.00),
(6148, 220, 2, 1.00),
(6149, 220, 3, 1.00),
(6150, 220, 4, 1.00),
(6151, 220, 5, 1.00),
(6152, 220, 9, 1.00),
(6153, 220, 10, 1.00),
(6154, 220, 11, 1.00),
(6155, 220, 12, 1.00),
(6156, 220, 13, 1.00),
(6157, 220, 15, 1.00),
(6158, 220, 16, 1.00),
(6159, 221, 1, 1.00),
(6160, 221, 2, 1.00),
(6161, 221, 3, 1.00),
(6162, 221, 4, 1.00),
(6163, 221, 5, 1.00),
(6164, 221, 9, 1.00),
(6165, 221, 10, 1.00),
(6166, 221, 11, 1.00),
(6167, 221, 12, 1.00),
(6168, 221, 13, 1.00),
(6169, 221, 15, 1.00),
(6170, 221, 16, 1.00),
(6171, 222, 1, 1.00),
(6172, 222, 2, 1.00),
(6173, 222, 3, 1.00),
(6174, 222, 4, 1.00),
(6175, 222, 5, 1.00),
(6176, 222, 8, 1.00),
(6177, 223, 1, 1.00),
(6178, 223, 2, 1.00),
(6179, 223, 3, 1.00),
(6180, 223, 4, 1.00),
(6181, 223, 5, 1.00),
(6182, 224, 1, 1.00),
(6183, 224, 2, 1.00),
(6184, 224, 3, 1.00),
(6185, 224, 4, 1.00),
(6186, 224, 5, 1.00),
(6187, 225, 1, 1.00),
(6188, 225, 2, 1.00),
(6189, 225, 3, 1.00),
(6190, 225, 4, 1.00),
(6191, 225, 5, 1.00),
(6309, 226, 1, 1.00),
(6310, 226, 2, 1.00),
(6311, 226, 3, 1.00),
(6312, 226, 4, 1.00),
(6313, 226, 5, 1.00),
(6314, 226, 8, 1.00),
(6315, 227, 1, 1.00),
(6316, 227, 2, 1.00),
(6317, 227, 3, 1.00),
(6318, 227, 4, 1.00),
(6319, 227, 5, 1.00),
(6320, 227, 8, 1.00),
(6321, 228, 1, 1.00),
(6322, 228, 2, 1.00),
(6323, 228, 3, 1.00),
(6324, 228, 4, 1.00),
(6325, 228, 5, 1.00),
(6326, 228, 8, 1.00),
(6327, 229, 1, 1.00),
(6328, 229, 2, 1.00),
(6329, 229, 3, 1.00),
(6330, 229, 4, 1.00),
(6331, 229, 5, 1.00),
(6332, 230, 1, 1.00),
(6333, 230, 2, 1.00),
(6334, 230, 3, 1.00),
(6335, 230, 4, 1.00),
(6336, 230, 5, 1.00),
(6337, 231, 1, 1.00),
(6338, 231, 2, 1.00),
(6339, 231, 3, 1.00),
(6340, 231, 4, 1.00),
(6341, 231, 5, 1.00),
(6342, 232, 1, 1.00),
(6343, 232, 2, 1.00),
(6344, 232, 3, 1.00),
(6345, 232, 4, 1.00),
(6346, 232, 5, 1.00),
(6347, 233, 1, 1.00),
(6348, 233, 2, 1.00),
(6349, 233, 3, 1.00),
(6350, 233, 4, 1.00),
(6351, 233, 5, 1.00),
(6352, 233, 9, 1.00),
(6353, 233, 10, 1.00),
(6354, 233, 11, 1.00),
(6355, 233, 12, 1.00),
(6356, 233, 13, 1.00),
(6357, 233, 15, 1.00),
(6358, 233, 16, 1.00),
(6359, 234, 1, 1.00),
(6360, 234, 2, 1.00),
(6361, 234, 3, 1.00),
(6362, 234, 4, 1.00),
(6363, 234, 5, 1.00),
(6364, 234, 9, 1.00),
(6365, 234, 10, 1.00),
(6366, 234, 11, 1.00),
(6367, 234, 12, 1.00),
(6368, 234, 13, 1.00),
(6369, 234, 15, 1.00),
(6370, 234, 16, 1.00),
(6371, 235, 1, 1.00),
(6372, 235, 2, 1.00),
(6373, 235, 3, 1.00),
(6374, 235, 4, 1.00),
(6375, 235, 5, 1.00),
(6376, 235, 8, 1.00),
(6377, 235, 9, 1.00),
(6378, 235, 10, 1.00),
(6379, 235, 11, 1.00),
(6380, 235, 12, 1.00),
(6381, 235, 13, 1.00),
(6382, 235, 15, 1.00),
(6383, 235, 16, 1.00),
(6384, 236, 1, 1.00),
(6385, 236, 2, 1.00),
(6386, 236, 3, 1.00),
(6387, 236, 4, 1.00),
(6388, 236, 5, 1.00),
(6389, 236, 8, 1.00),
(6390, 236, 9, 1.00),
(6391, 236, 10, 1.00),
(6392, 236, 11, 1.00),
(6393, 236, 12, 1.00),
(6394, 236, 13, 1.00),
(6395, 236, 15, 1.00),
(6396, 236, 16, 1.00),
(6397, 237, 1, 1.00),
(6398, 237, 2, 1.00),
(6399, 237, 3, 1.00),
(6400, 237, 4, 1.00),
(6401, 237, 5, 1.00),
(6402, 237, 8, 1.00),
(6403, 237, 9, 1.00),
(6404, 237, 10, 1.00),
(6405, 237, 11, 1.00),
(6406, 237, 12, 1.00),
(6407, 237, 13, 1.00),
(6408, 237, 15, 1.00),
(6409, 237, 16, 1.00),
(6421, 239, 1, 1.00),
(6422, 239, 2, 1.00),
(6423, 239, 3, 1.00),
(6424, 239, 4, 1.00),
(6425, 239, 5, 1.00),
(6426, 239, 9, 1.00),
(6427, 239, 10, 1.00),
(6428, 239, 11, 1.00),
(6429, 239, 12, 1.00),
(6430, 239, 13, 1.00),
(6431, 239, 15, 1.00),
(6432, 239, 16, 1.00),
(6433, 240, 1, 1.00),
(6434, 240, 2, 1.00),
(6435, 240, 3, 1.00),
(6436, 240, 4, 1.00),
(6437, 240, 5, 1.00),
(6438, 240, 9, 1.00),
(6439, 240, 10, 1.00),
(6440, 240, 11, 1.00),
(6441, 240, 12, 1.00),
(6442, 240, 13, 1.00),
(6443, 240, 15, 1.00),
(6444, 240, 16, 1.00),
(6445, 241, 1, 1.00),
(6446, 241, 2, 1.00),
(6447, 241, 3, 1.00),
(6448, 241, 4, 1.00),
(6449, 241, 5, 1.00),
(6450, 241, 9, 1.00),
(6451, 241, 10, 1.00),
(6452, 241, 11, 1.00),
(6453, 241, 12, 1.00),
(6454, 241, 13, 1.00),
(6455, 241, 15, 1.00),
(6456, 241, 16, 1.00),
(6469, 243, 1, 1.00),
(6470, 243, 2, 1.00),
(6471, 243, 3, 1.00),
(6472, 243, 4, 1.00),
(6473, 243, 5, 1.00),
(6474, 243, 9, 1.00),
(6475, 243, 10, 1.00),
(6476, 243, 11, 1.00),
(6477, 243, 12, 1.00),
(6478, 243, 13, 1.00),
(6479, 243, 15, 1.00),
(6480, 243, 16, 1.00),
(6481, 244, 1, 1.00),
(6482, 244, 2, 1.00),
(6483, 244, 3, 1.00),
(6484, 244, 4, 1.00),
(6485, 244, 5, 1.00),
(6486, 244, 8, 1.00),
(6487, 244, 9, 1.00),
(6488, 244, 10, 1.00),
(6489, 244, 11, 1.00),
(6490, 244, 12, 1.00),
(6491, 244, 13, 1.00),
(6492, 244, 15, 1.00),
(6493, 244, 16, 1.00),
(6494, 245, 1, 1.00),
(6495, 245, 2, 1.00),
(6496, 245, 3, 1.00),
(6497, 245, 4, 1.00),
(6498, 245, 5, 1.00),
(6499, 245, 9, 1.00),
(6500, 245, 10, 1.00),
(6501, 245, 11, 1.00),
(6502, 245, 12, 1.00),
(6503, 245, 13, 1.00),
(6504, 245, 15, 1.00),
(6505, 245, 16, 1.00),
(6506, 246, 1, 1.00),
(6507, 246, 2, 1.00),
(6508, 246, 3, 1.00),
(6509, 246, 4, 1.00),
(6510, 246, 5, 1.00),
(6511, 246, 9, 1.00),
(6512, 246, 10, 1.00),
(6513, 246, 11, 1.00),
(6514, 246, 12, 1.00),
(6515, 246, 13, 1.00),
(6516, 246, 15, 1.00),
(6517, 246, 16, 1.00),
(6518, 247, 1, 1.00),
(6519, 247, 2, 1.00),
(6520, 247, 3, 1.00),
(6521, 247, 4, 1.00),
(6522, 247, 5, 1.00),
(6523, 247, 8, 1.00),
(6524, 247, 9, 1.00),
(6525, 247, 10, 1.00),
(6526, 247, 11, 1.00),
(6527, 247, 12, 1.00),
(6528, 247, 13, 1.00),
(6529, 247, 15, 1.00),
(6530, 247, 16, 1.00),
(6531, 248, 1, 1.00),
(6532, 248, 2, 1.00),
(6533, 248, 3, 1.00),
(6534, 248, 4, 1.00),
(6535, 248, 5, 1.00),
(6536, 248, 8, 1.00),
(6537, 248, 9, 1.00),
(6538, 248, 10, 1.00),
(6539, 248, 11, 1.00),
(6540, 248, 12, 1.00),
(6541, 248, 13, 1.00),
(6542, 248, 15, 1.00),
(6543, 248, 16, 1.00),
(6544, 250, 1, 1.00),
(6545, 250, 2, 1.00),
(6546, 250, 3, 1.00),
(6547, 250, 4, 1.00),
(6548, 250, 5, 1.00),
(6549, 250, 8, 1.00),
(6550, 250, 9, 1.00),
(6551, 250, 10, 1.00),
(6552, 250, 11, 1.00),
(6553, 250, 12, 1.00),
(6554, 250, 13, 1.00),
(6555, 250, 15, 1.00),
(6556, 250, 16, 1.00),
(6557, 251, 1, 1.00),
(6558, 251, 2, 1.00),
(6559, 251, 3, 1.00),
(6560, 251, 4, 1.00),
(6561, 251, 5, 1.00),
(6562, 251, 8, 1.00),
(6563, 251, 9, 1.00),
(6564, 251, 10, 1.00),
(6565, 251, 11, 1.00),
(6566, 251, 12, 1.00),
(6567, 251, 13, 1.00),
(6568, 251, 15, 1.00),
(6569, 251, 16, 1.00),
(6570, 254, 1, 1.00),
(6571, 254, 2, 1.00),
(6572, 254, 3, 1.00),
(6573, 254, 4, 1.00),
(6574, 254, 5, 1.00),
(6575, 254, 8, 1.00),
(6576, 254, 9, 1.00),
(6577, 254, 10, 1.00),
(6578, 254, 11, 1.00),
(6579, 254, 12, 1.00),
(6580, 254, 13, 1.00),
(6581, 254, 15, 1.00),
(6582, 254, 16, 1.00),
(6596, 255, 1, 1.00),
(6597, 255, 2, 1.00),
(6598, 255, 3, 1.00),
(6599, 255, 4, 1.00),
(6600, 255, 5, 1.00),
(6601, 255, 8, 1.00),
(6602, 255, 9, 1.00),
(6603, 255, 10, 1.00),
(6604, 255, 11, 1.00),
(6605, 255, 12, 1.00),
(6606, 255, 13, 1.00),
(6607, 255, 15, 1.00),
(6608, 255, 16, 1.00),
(6609, 256, 1, 1.00),
(6610, 256, 2, 1.00),
(6611, 256, 3, 1.00),
(6612, 256, 4, 1.00),
(6613, 256, 5, 1.00),
(6614, 256, 9, 1.00),
(6615, 256, 10, 1.00),
(6616, 256, 11, 1.00),
(6617, 256, 12, 1.00),
(6618, 256, 13, 1.00),
(6619, 256, 15, 1.00),
(6620, 256, 16, 1.00),
(6621, 257, 1, 1.00),
(6622, 257, 2, 1.00),
(6623, 257, 3, 1.00),
(6624, 257, 4, 1.00),
(6625, 257, 5, 1.00),
(6626, 257, 9, 1.00),
(6627, 257, 10, 1.00),
(6628, 257, 11, 1.00),
(6629, 257, 12, 1.00),
(6630, 257, 13, 1.00),
(6631, 257, 15, 1.00),
(6632, 257, 16, 1.00),
(6633, 258, 1, 1.00),
(6634, 258, 2, 1.00),
(6635, 258, 3, 1.00),
(6636, 258, 4, 1.00),
(6637, 258, 5, 1.00),
(6638, 258, 8, 1.00),
(6639, 258, 9, 1.00),
(6640, 258, 10, 1.00),
(6641, 258, 11, 1.00),
(6642, 258, 12, 1.00),
(6643, 258, 13, 1.00),
(6644, 258, 15, 1.00),
(6645, 258, 16, 1.00),
(6646, 259, 1, 1.00),
(6647, 259, 2, 1.00),
(6648, 259, 3, 1.00),
(6649, 259, 4, 1.00),
(6650, 259, 5, 1.00),
(6651, 259, 8, 1.00),
(6652, 259, 9, 1.00),
(6653, 259, 10, 1.00),
(6654, 259, 11, 1.00),
(6655, 259, 12, 1.00),
(6656, 259, 13, 1.00),
(6657, 259, 15, 1.00),
(6658, 259, 16, 1.00),
(6659, 260, 1, 1.00),
(6660, 260, 2, 1.00),
(6661, 260, 3, 1.00),
(6662, 260, 4, 1.00),
(6663, 260, 5, 1.00),
(6664, 260, 9, 1.00),
(6665, 260, 10, 1.00),
(6666, 260, 11, 1.00),
(6667, 260, 12, 1.00),
(6668, 260, 13, 1.00),
(6669, 260, 15, 1.00),
(6670, 260, 16, 1.00),
(6695, 261, 1, 1.00),
(6696, 261, 2, 1.00),
(6697, 261, 3, 1.00),
(6698, 261, 4, 1.00),
(6699, 261, 5, 1.00),
(6700, 261, 9, 1.00),
(6701, 261, 10, 1.00),
(6702, 261, 11, 1.00),
(6703, 261, 12, 1.00),
(6704, 261, 13, 1.00),
(6705, 261, 15, 1.00),
(6706, 261, 16, 1.00),
(6731, 262, 1, 1.00),
(6732, 262, 2, 1.00),
(6733, 262, 3, 1.00),
(6734, 262, 4, 1.00),
(6735, 262, 5, 1.00),
(6736, 262, 9, 1.00),
(6737, 262, 10, 1.00),
(6738, 262, 11, 1.00),
(6739, 262, 12, 1.00),
(6740, 262, 13, 1.00),
(6741, 262, 15, 1.00),
(6742, 262, 16, 1.00),
(6743, 263, 1, 1.00),
(6744, 263, 2, 1.00),
(6745, 263, 3, 1.00),
(6746, 263, 4, 1.00),
(6747, 263, 5, 1.00),
(6748, 263, 9, 1.00),
(6749, 263, 10, 1.00),
(6750, 263, 11, 1.00);
INSERT INTO `distribution_items` (`id`, `distribution_id`, `material_id`, `qty`) VALUES
(6751, 263, 12, 1.00),
(6752, 263, 13, 1.00),
(6753, 263, 15, 1.00),
(6754, 263, 16, 1.00),
(6755, 265, 1, 1.00),
(6756, 265, 2, 1.00),
(6757, 265, 3, 1.00),
(6758, 265, 4, 1.00),
(6759, 265, 5, 1.00),
(6760, 265, 9, 1.00),
(6761, 265, 10, 1.00),
(6762, 265, 11, 1.00),
(6763, 265, 12, 1.00),
(6764, 265, 13, 1.00),
(6765, 265, 15, 1.00),
(6766, 265, 16, 1.00),
(6767, 266, 1, 1.00),
(6768, 266, 2, 1.00),
(6769, 266, 3, 1.00),
(6770, 266, 4, 1.00),
(6771, 266, 5, 1.00),
(6772, 266, 8, 1.00),
(6773, 266, 9, 1.00),
(6774, 266, 10, 1.00),
(6775, 266, 11, 1.00),
(6776, 266, 12, 1.00),
(6777, 266, 13, 1.00),
(6778, 266, 15, 1.00),
(6779, 266, 16, 1.00),
(6780, 268, 1, 1.00),
(6781, 268, 2, 1.00),
(6782, 268, 3, 1.00),
(6783, 268, 4, 1.00),
(6784, 268, 5, 1.00),
(6785, 268, 9, 1.00),
(6786, 268, 10, 1.00),
(6787, 268, 11, 1.00),
(6788, 268, 12, 1.00),
(6789, 268, 13, 1.00),
(6790, 268, 15, 1.00),
(6791, 268, 16, 1.00),
(6792, 269, 1, 1.00),
(6793, 269, 2, 1.00),
(6794, 269, 3, 1.00),
(6795, 269, 4, 1.00),
(6796, 269, 5, 1.00),
(6797, 269, 9, 1.00),
(6798, 269, 10, 1.00),
(6799, 269, 11, 1.00),
(6800, 269, 12, 1.00),
(6801, 269, 13, 1.00),
(6802, 269, 15, 1.00),
(6803, 269, 16, 1.00),
(6804, 270, 1, 1.00),
(6805, 270, 2, 1.00),
(6806, 270, 3, 1.00),
(6807, 270, 4, 1.00),
(6808, 270, 5, 1.00),
(6809, 270, 9, 1.00),
(6810, 270, 10, 1.00),
(6811, 270, 11, 1.00),
(6812, 270, 12, 1.00),
(6813, 270, 13, 1.00),
(6814, 270, 15, 1.00),
(6815, 270, 16, 1.00),
(6816, 271, 1, 1.00),
(6817, 271, 2, 1.00),
(6818, 271, 3, 1.00),
(6819, 271, 4, 1.00),
(6820, 271, 5, 1.00),
(6821, 271, 8, 1.00),
(6822, 271, 9, 1.00),
(6823, 271, 10, 1.00),
(6824, 271, 11, 1.00),
(6825, 271, 12, 1.00),
(6826, 271, 13, 1.00),
(6827, 271, 15, 1.00),
(6828, 271, 16, 1.00),
(6829, 272, 1, 1.00),
(6830, 272, 2, 1.00),
(6831, 272, 3, 1.00),
(6832, 272, 4, 1.00),
(6833, 272, 5, 1.00),
(6834, 272, 8, 1.00),
(6835, 272, 9, 1.00),
(6836, 272, 10, 1.00),
(6837, 272, 11, 1.00),
(6838, 272, 12, 1.00),
(6839, 272, 13, 1.00),
(6840, 272, 15, 1.00),
(6841, 272, 16, 1.00),
(6842, 273, 1, 1.00),
(6843, 273, 2, 1.00),
(6844, 273, 3, 1.00),
(6845, 273, 4, 1.00),
(6846, 273, 5, 1.00),
(6847, 273, 8, 1.00),
(6848, 273, 9, 1.00),
(6849, 273, 10, 1.00),
(6850, 273, 11, 1.00),
(6851, 273, 12, 1.00),
(6852, 273, 13, 1.00),
(6853, 273, 15, 1.00),
(6854, 273, 16, 1.00),
(6855, 274, 1, 1.00),
(6856, 274, 2, 1.00),
(6857, 274, 3, 1.00),
(6858, 274, 4, 1.00),
(6859, 274, 5, 1.00),
(6860, 274, 8, 1.00),
(6861, 274, 9, 1.00),
(6862, 274, 10, 1.00),
(6863, 274, 11, 1.00),
(6864, 274, 12, 1.00),
(6865, 274, 13, 1.00),
(6866, 274, 15, 1.00),
(6867, 274, 16, 1.00),
(6868, 275, 1, 1.00),
(6869, 275, 2, 1.00),
(6870, 275, 3, 1.00),
(6871, 275, 4, 1.00),
(6872, 275, 5, 1.00),
(6873, 275, 8, 1.00),
(6874, 275, 9, 1.00),
(6875, 275, 10, 1.00),
(6876, 275, 11, 1.00),
(6877, 275, 12, 1.00),
(6878, 275, 13, 1.00),
(6879, 275, 15, 1.00),
(6880, 275, 16, 1.00),
(6881, 276, 1, 1.00),
(6882, 276, 2, 1.00),
(6883, 276, 3, 1.00),
(6884, 276, 4, 1.00),
(6885, 276, 5, 1.00),
(6886, 276, 8, 1.00),
(6887, 276, 9, 1.00),
(6888, 276, 10, 1.00),
(6889, 276, 11, 1.00),
(6890, 276, 12, 1.00),
(6891, 276, 13, 1.00),
(6892, 276, 15, 1.00),
(6893, 276, 16, 1.00),
(6894, 278, 1, 1.00),
(6895, 278, 2, 1.00),
(6896, 278, 3, 1.00),
(6897, 278, 4, 1.00),
(6898, 278, 5, 1.00),
(6899, 278, 9, 1.00),
(6900, 278, 10, 1.00),
(6901, 278, 11, 1.00),
(6902, 278, 12, 1.00),
(6903, 278, 13, 1.00),
(6904, 278, 15, 1.00),
(6905, 278, 16, 1.00),
(6906, 279, 1, 1.00),
(6907, 279, 2, 1.00),
(6908, 279, 3, 1.00),
(6909, 279, 4, 1.00),
(6910, 279, 5, 1.00),
(6911, 279, 9, 1.00),
(6912, 279, 10, 1.00),
(6913, 279, 11, 1.00),
(6914, 279, 12, 1.00),
(6915, 279, 13, 1.00),
(6916, 279, 15, 1.00),
(6917, 279, 16, 1.00),
(6918, 280, 1, 1.00),
(6919, 280, 2, 1.00),
(6920, 280, 3, 1.00),
(6921, 280, 4, 1.00),
(6922, 280, 5, 1.00),
(6923, 280, 9, 1.00),
(6924, 280, 10, 1.00),
(6925, 280, 11, 1.00),
(6926, 280, 12, 1.00),
(6927, 280, 13, 1.00),
(6928, 280, 15, 1.00),
(6929, 280, 16, 1.00),
(6930, 281, 1, 1.00),
(6931, 281, 2, 1.00),
(6932, 281, 3, 1.00),
(6933, 281, 4, 1.00),
(6934, 281, 5, 1.00),
(6935, 281, 8, 1.00),
(6936, 281, 9, 1.00),
(6937, 281, 10, 1.00),
(6938, 281, 11, 1.00),
(6939, 281, 12, 1.00),
(6940, 281, 13, 1.00),
(6941, 281, 15, 1.00),
(6942, 281, 16, 1.00),
(6943, 282, 1, 1.00),
(6944, 282, 2, 1.00),
(6945, 282, 3, 1.00),
(6946, 282, 4, 1.00),
(6947, 282, 5, 1.00),
(6948, 282, 9, 1.00),
(6949, 282, 10, 1.00),
(6950, 282, 11, 1.00),
(6951, 282, 12, 1.00),
(6952, 282, 13, 1.00),
(6953, 282, 15, 1.00),
(6954, 282, 16, 1.00),
(6955, 283, 1, 1.00),
(6956, 283, 2, 1.00),
(6957, 283, 3, 1.00),
(6958, 283, 4, 1.00),
(6959, 283, 5, 1.00),
(6960, 283, 9, 1.00),
(6961, 283, 10, 1.00),
(6962, 283, 11, 1.00),
(6963, 283, 12, 1.00),
(6964, 283, 13, 1.00),
(6965, 283, 15, 1.00),
(6966, 283, 16, 1.00),
(6967, 284, 1, 1.00),
(6968, 284, 2, 1.00),
(6969, 284, 3, 1.00),
(6970, 284, 4, 1.00),
(6971, 284, 5, 1.00),
(6972, 284, 9, 1.00),
(6973, 284, 10, 1.00),
(6974, 284, 11, 1.00),
(6975, 284, 12, 1.00),
(6976, 284, 13, 1.00),
(6977, 284, 15, 1.00),
(6978, 284, 16, 1.00),
(6979, 285, 1, 1.00),
(6980, 285, 2, 1.00),
(6981, 285, 3, 1.00),
(6982, 285, 4, 1.00),
(6983, 285, 5, 1.00),
(6984, 285, 9, 1.00),
(6985, 285, 10, 1.00),
(6986, 285, 11, 1.00),
(6987, 285, 12, 1.00),
(6988, 285, 13, 1.00),
(6989, 285, 15, 1.00),
(6990, 285, 16, 1.00),
(6991, 286, 1, 1.00),
(6992, 286, 2, 1.00),
(6993, 286, 3, 1.00),
(6994, 286, 4, 1.00),
(6995, 286, 5, 1.00),
(6996, 286, 8, 1.00),
(6997, 286, 9, 1.00),
(6998, 286, 10, 1.00),
(6999, 286, 11, 1.00),
(7000, 286, 12, 1.00),
(7001, 286, 13, 1.00),
(7002, 286, 15, 1.00),
(7003, 286, 16, 1.00),
(7017, 287, 1, 1.00),
(7018, 287, 2, 1.00),
(7019, 287, 3, 1.00),
(7020, 287, 4, 1.00),
(7021, 287, 5, 1.00),
(7022, 287, 8, 1.00),
(7023, 287, 9, 1.00),
(7024, 287, 10, 1.00),
(7025, 287, 11, 1.00),
(7026, 287, 12, 1.00),
(7027, 287, 13, 1.00),
(7028, 287, 15, 1.00),
(7029, 287, 16, 1.00),
(7030, 288, 1, 1.00),
(7031, 288, 2, 1.00),
(7032, 288, 3, 1.00),
(7033, 288, 4, 1.00),
(7034, 288, 5, 1.00),
(7035, 288, 9, 1.00),
(7036, 288, 10, 1.00),
(7037, 288, 11, 1.00),
(7038, 288, 12, 1.00),
(7039, 288, 13, 1.00),
(7040, 288, 15, 1.00),
(7041, 288, 16, 1.00),
(7042, 289, 1, 1.00),
(7043, 289, 2, 1.00),
(7044, 289, 3, 1.00),
(7045, 289, 4, 1.00),
(7046, 289, 5, 1.00),
(7047, 289, 9, 1.00),
(7048, 289, 10, 1.00),
(7049, 289, 11, 1.00),
(7050, 289, 12, 1.00),
(7051, 289, 13, 1.00),
(7052, 289, 15, 1.00),
(7053, 289, 16, 1.00),
(7054, 291, 1, 1.00),
(7055, 291, 2, 1.00),
(7056, 291, 3, 1.00),
(7057, 291, 4, 1.00),
(7058, 291, 5, 1.00),
(7059, 291, 9, 1.00),
(7060, 291, 10, 1.00),
(7061, 291, 11, 1.00),
(7062, 291, 12, 1.00),
(7063, 291, 13, 1.00),
(7064, 291, 15, 1.00),
(7065, 291, 16, 1.00),
(7066, 293, 1, 1.00),
(7067, 293, 2, 1.00),
(7068, 293, 3, 1.00),
(7069, 293, 4, 1.00),
(7070, 293, 5, 1.00),
(7071, 293, 9, 1.00),
(7072, 293, 10, 1.00),
(7073, 293, 11, 1.00),
(7074, 293, 12, 1.00),
(7075, 293, 13, 1.00),
(7076, 293, 15, 1.00),
(7077, 293, 16, 1.00),
(7078, 296, 1, 1.00),
(7079, 296, 2, 1.00),
(7080, 296, 3, 1.00),
(7081, 296, 4, 1.00),
(7082, 296, 5, 1.00),
(7083, 296, 8, 1.00),
(7084, 296, 9, 1.00),
(7085, 296, 10, 1.00),
(7086, 296, 11, 1.00),
(7087, 296, 12, 1.00),
(7088, 296, 15, 1.00),
(7089, 296, 16, 1.00),
(7090, 333, 1, 1.00),
(7091, 333, 2, 1.00),
(7092, 333, 3, 1.00),
(7093, 333, 4, 1.00),
(7094, 333, 5, 1.00),
(7095, 333, 9, 1.00),
(7096, 333, 10, 1.00),
(7097, 333, 11, 1.00),
(7098, 333, 12, 1.00),
(7099, 333, 13, 1.00),
(7100, 333, 15, 1.00),
(7101, 333, 16, 1.00),
(7114, 297, 1, 1.00),
(7115, 297, 2, 1.00),
(7116, 297, 3, 1.00),
(7117, 297, 4, 1.00),
(7118, 297, 5, 1.00),
(7119, 297, 9, 1.00),
(7120, 297, 10, 1.00),
(7121, 297, 11, 1.00),
(7122, 297, 12, 1.00),
(7123, 297, 13, 1.00),
(7124, 297, 15, 1.00),
(7125, 297, 16, 1.00),
(7126, 298, 1, 1.00),
(7127, 298, 2, 1.00),
(7128, 298, 3, 1.00),
(7129, 298, 4, 1.00),
(7130, 298, 5, 1.00),
(7131, 298, 9, 1.00),
(7132, 298, 10, 1.00),
(7133, 298, 11, 1.00),
(7134, 298, 12, 1.00),
(7135, 298, 13, 1.00),
(7136, 298, 15, 1.00),
(7137, 298, 16, 1.00),
(7138, 299, 1, 1.00),
(7139, 299, 2, 1.00),
(7140, 299, 3, 1.00),
(7141, 299, 4, 1.00),
(7142, 299, 5, 1.00),
(7143, 299, 8, 1.00),
(7144, 299, 9, 1.00),
(7145, 299, 10, 1.00),
(7146, 299, 11, 1.00),
(7147, 299, 12, 1.00),
(7148, 299, 13, 1.00),
(7149, 299, 15, 1.00),
(7150, 299, 16, 1.00),
(7151, 300, 1, 1.00),
(7152, 300, 2, 1.00),
(7153, 300, 3, 1.00),
(7154, 300, 4, 1.00),
(7155, 300, 5, 1.00),
(7156, 300, 8, 1.00),
(7157, 300, 9, 1.00),
(7158, 300, 10, 1.00),
(7159, 300, 11, 1.00),
(7160, 300, 12, 1.00),
(7161, 300, 13, 1.00),
(7162, 300, 15, 1.00),
(7163, 300, 16, 1.00),
(7164, 301, 1, 1.00),
(7165, 301, 2, 1.00),
(7166, 301, 3, 1.00),
(7167, 301, 4, 1.00),
(7168, 301, 5, 1.00),
(7169, 301, 8, 1.00),
(7170, 301, 9, 1.00),
(7171, 301, 10, 1.00),
(7172, 301, 11, 1.00),
(7173, 301, 12, 1.00),
(7174, 301, 13, 1.00),
(7175, 301, 15, 1.00),
(7176, 301, 16, 1.00),
(7177, 302, 1, 1.00),
(7178, 302, 2, 1.00),
(7179, 302, 3, 1.00),
(7180, 302, 4, 1.00),
(7181, 302, 5, 1.00),
(7182, 302, 9, 1.00),
(7183, 302, 10, 1.00),
(7184, 302, 11, 1.00),
(7185, 302, 12, 1.00),
(7186, 302, 13, 1.00),
(7187, 302, 15, 1.00),
(7188, 302, 16, 1.00),
(7202, 303, 1, 1.00),
(7203, 303, 2, 1.00),
(7204, 303, 3, 1.00),
(7205, 303, 4, 1.00),
(7206, 303, 5, 1.00),
(7207, 303, 8, 1.00),
(7208, 303, 9, 1.00),
(7209, 303, 10, 1.00),
(7210, 303, 11, 1.00),
(7211, 303, 12, 1.00),
(7212, 303, 13, 1.00),
(7213, 303, 15, 1.00),
(7214, 303, 16, 1.00),
(7215, 304, 1, 1.00),
(7216, 304, 2, 1.00),
(7217, 304, 3, 1.00),
(7218, 304, 4, 1.00),
(7219, 304, 5, 1.00),
(7220, 304, 9, 1.00),
(7221, 304, 10, 1.00),
(7222, 304, 11, 1.00),
(7223, 304, 12, 1.00),
(7224, 304, 13, 1.00),
(7225, 304, 15, 1.00),
(7226, 304, 16, 1.00),
(7227, 305, 1, 1.00),
(7228, 305, 2, 1.00),
(7229, 305, 3, 1.00),
(7230, 305, 4, 1.00),
(7231, 305, 5, 1.00),
(7232, 305, 8, 1.00),
(7233, 305, 9, 1.00),
(7234, 305, 10, 1.00),
(7235, 305, 11, 1.00),
(7236, 305, 12, 1.00),
(7237, 305, 13, 1.00),
(7238, 305, 15, 1.00),
(7239, 305, 16, 1.00),
(7240, 306, 1, 1.00),
(7241, 306, 2, 1.00),
(7242, 306, 3, 1.00),
(7243, 306, 4, 1.00),
(7244, 306, 5, 1.00),
(7245, 306, 8, 1.00),
(7246, 306, 9, 1.00),
(7247, 306, 10, 1.00),
(7248, 306, 11, 1.00),
(7249, 306, 12, 1.00),
(7250, 306, 13, 1.00),
(7251, 306, 15, 1.00),
(7252, 306, 16, 1.00),
(7253, 332, 1, 1.00),
(7254, 332, 2, 1.00),
(7255, 332, 3, 1.00),
(7256, 332, 4, 1.00),
(7257, 332, 5, 1.00),
(7258, 308, 1, 1.00),
(7259, 308, 2, 1.00),
(7260, 308, 3, 1.00),
(7261, 308, 4, 1.00),
(7262, 308, 5, 1.00),
(7263, 308, 8, 1.00),
(7264, 308, 9, 1.00),
(7265, 308, 10, 1.00),
(7266, 308, 11, 1.00),
(7267, 308, 12, 1.00),
(7268, 308, 13, 1.00),
(7269, 308, 15, 1.00),
(7270, 308, 16, 1.00),
(7271, 310, 1, 1.00),
(7272, 310, 2, 1.00),
(7273, 310, 3, 1.00),
(7274, 310, 4, 1.00),
(7275, 310, 5, 1.00),
(7276, 310, 8, 1.00),
(7277, 310, 9, 1.00),
(7278, 310, 10, 1.00),
(7279, 310, 11, 1.00),
(7280, 310, 12, 1.00),
(7281, 310, 13, 1.00),
(7282, 310, 15, 1.00),
(7283, 310, 16, 1.00),
(7284, 311, 1, 1.00),
(7285, 311, 2, 1.00),
(7286, 311, 3, 1.00),
(7287, 311, 4, 1.00),
(7288, 311, 5, 1.00),
(7289, 311, 9, 1.00),
(7290, 311, 10, 1.00),
(7291, 311, 11, 1.00),
(7292, 311, 12, 1.00),
(7293, 311, 13, 1.00),
(7294, 311, 15, 1.00),
(7295, 311, 16, 1.00),
(7296, 312, 1, 1.00),
(7297, 312, 2, 1.00),
(7298, 312, 3, 1.00),
(7299, 312, 4, 1.00),
(7300, 312, 5, 1.00),
(7301, 312, 9, 1.00),
(7302, 312, 10, 1.00),
(7303, 312, 11, 1.00),
(7304, 312, 12, 1.00),
(7305, 312, 13, 1.00),
(7306, 312, 15, 1.00),
(7307, 312, 16, 1.00),
(7308, 313, 1, 1.00),
(7309, 313, 2, 1.00),
(7310, 313, 3, 1.00),
(7311, 313, 4, 1.00),
(7312, 313, 5, 1.00),
(7313, 313, 8, 1.00),
(7314, 313, 9, 1.00),
(7315, 313, 10, 1.00),
(7316, 313, 11, 1.00),
(7317, 313, 12, 1.00),
(7318, 313, 13, 1.00),
(7319, 313, 15, 1.00),
(7320, 313, 16, 1.00),
(7321, 314, 1, 1.00),
(7322, 314, 2, 1.00),
(7323, 314, 3, 1.00),
(7324, 314, 4, 1.00),
(7325, 314, 5, 1.00),
(7326, 314, 9, 1.00),
(7327, 314, 10, 1.00),
(7328, 314, 11, 1.00),
(7329, 314, 12, 1.00),
(7330, 314, 13, 1.00),
(7331, 314, 15, 1.00),
(7332, 314, 16, 1.00),
(7333, 315, 1, 1.00),
(7334, 315, 2, 1.00),
(7335, 315, 3, 1.00),
(7336, 315, 4, 1.00),
(7337, 315, 5, 1.00),
(7338, 315, 8, 1.00),
(7339, 315, 9, 1.00),
(7340, 315, 10, 1.00),
(7341, 315, 11, 1.00),
(7342, 315, 12, 1.00),
(7343, 315, 13, 1.00),
(7344, 315, 15, 1.00),
(7345, 315, 16, 1.00),
(7346, 316, 1, 1.00),
(7347, 316, 2, 1.00),
(7348, 316, 3, 1.00),
(7349, 316, 4, 1.00),
(7350, 316, 5, 1.00),
(7351, 316, 9, 1.00),
(7352, 316, 10, 1.00),
(7353, 316, 11, 1.00),
(7354, 316, 12, 1.00),
(7355, 316, 13, 1.00),
(7356, 316, 15, 1.00),
(7357, 316, 16, 1.00),
(7358, 317, 1, 1.00),
(7359, 317, 2, 1.00),
(7360, 317, 3, 1.00),
(7361, 317, 4, 1.00),
(7362, 317, 5, 1.00),
(7363, 317, 9, 1.00),
(7364, 317, 10, 1.00),
(7365, 317, 11, 1.00),
(7366, 317, 12, 1.00),
(7367, 317, 13, 1.00),
(7368, 317, 15, 1.00),
(7369, 317, 16, 1.00),
(7370, 318, 1, 1.00),
(7371, 318, 2, 1.00),
(7372, 318, 3, 1.00),
(7373, 318, 4, 1.00),
(7374, 318, 5, 1.00),
(7375, 318, 8, 1.00),
(7376, 318, 9, 1.00),
(7377, 318, 10, 1.00),
(7378, 318, 11, 1.00),
(7379, 318, 12, 1.00),
(7380, 318, 13, 1.00),
(7381, 318, 15, 1.00),
(7382, 318, 16, 1.00),
(7383, 319, 1, 1.00),
(7384, 319, 2, 1.00),
(7385, 319, 3, 1.00),
(7386, 319, 4, 1.00),
(7387, 319, 5, 1.00),
(7388, 319, 9, 1.00),
(7389, 319, 10, 1.00),
(7390, 319, 11, 1.00),
(7391, 319, 12, 1.00),
(7392, 319, 13, 1.00),
(7393, 319, 15, 1.00),
(7394, 319, 16, 1.00),
(7395, 320, 1, 1.00),
(7396, 320, 2, 1.00),
(7397, 320, 3, 1.00),
(7398, 320, 4, 1.00),
(7399, 320, 5, 1.00),
(7400, 320, 8, 1.00),
(7401, 320, 9, 1.00),
(7402, 320, 10, 1.00),
(7403, 320, 11, 1.00),
(7404, 320, 12, 1.00),
(7405, 320, 13, 1.00),
(7406, 320, 15, 1.00),
(7407, 320, 16, 1.00),
(7408, 322, 1, 1.00),
(7409, 322, 2, 1.00),
(7410, 322, 3, 1.00),
(7411, 322, 4, 1.00),
(7412, 322, 5, 1.00),
(7413, 322, 9, 1.00),
(7414, 322, 10, 1.00),
(7415, 322, 11, 1.00),
(7416, 322, 12, 1.00),
(7417, 322, 13, 1.00),
(7418, 322, 15, 1.00),
(7419, 322, 16, 1.00),
(7432, 323, 1, 1.00),
(7433, 323, 2, 1.00),
(7434, 323, 3, 1.00),
(7435, 323, 4, 1.00),
(7436, 323, 5, 1.00),
(7437, 323, 9, 1.00),
(7438, 323, 10, 1.00),
(7439, 323, 11, 1.00),
(7440, 323, 12, 1.00),
(7441, 323, 13, 1.00),
(7442, 323, 15, 1.00),
(7443, 323, 16, 1.00),
(7444, 324, 1, 1.00),
(7445, 324, 2, 1.00),
(7446, 324, 3, 1.00),
(7447, 324, 4, 1.00),
(7448, 324, 5, 1.00),
(7449, 324, 9, 1.00),
(7450, 324, 10, 1.00),
(7451, 324, 11, 1.00),
(7452, 324, 12, 1.00),
(7453, 324, 13, 1.00),
(7454, 324, 15, 1.00),
(7455, 324, 16, 1.00),
(7456, 325, 1, 1.00),
(7457, 325, 2, 1.00),
(7458, 325, 3, 1.00),
(7459, 325, 4, 1.00),
(7460, 325, 5, 1.00),
(7461, 325, 8, 1.00),
(7462, 325, 9, 1.00),
(7463, 325, 10, 1.00),
(7464, 325, 11, 1.00),
(7465, 325, 12, 1.00),
(7466, 325, 13, 1.00),
(7467, 325, 15, 1.00),
(7468, 325, 16, 1.00),
(7469, 326, 1, 1.00),
(7470, 326, 2, 1.00),
(7471, 326, 3, 1.00),
(7472, 326, 4, 1.00),
(7473, 326, 5, 1.00),
(7474, 326, 9, 1.00),
(7475, 326, 10, 1.00),
(7476, 326, 11, 1.00),
(7477, 326, 12, 1.00),
(7478, 326, 13, 1.00),
(7479, 326, 15, 1.00),
(7480, 326, 16, 1.00),
(7481, 327, 1, 1.00),
(7482, 327, 2, 1.00),
(7483, 327, 3, 1.00),
(7484, 327, 4, 1.00),
(7485, 327, 5, 1.00),
(7486, 327, 8, 1.00),
(7487, 327, 9, 1.00),
(7488, 327, 10, 1.00),
(7489, 327, 11, 1.00),
(7490, 327, 12, 1.00),
(7491, 327, 13, 1.00),
(7492, 327, 15, 1.00),
(7493, 327, 16, 1.00),
(7494, 328, 1, 1.00),
(7495, 328, 2, 1.00),
(7496, 328, 3, 1.00),
(7497, 328, 4, 1.00),
(7498, 328, 5, 1.00),
(7499, 328, 9, 1.00),
(7500, 328, 10, 1.00),
(7501, 328, 11, 1.00),
(7502, 328, 12, 1.00),
(7503, 328, 13, 1.00),
(7504, 328, 15, 1.00),
(7505, 328, 16, 1.00),
(7506, 329, 1, 1.00),
(7507, 329, 2, 1.00),
(7508, 329, 3, 1.00),
(7509, 329, 4, 1.00),
(7510, 329, 5, 1.00),
(7511, 329, 8, 1.00),
(7512, 329, 9, 1.00),
(7513, 329, 10, 1.00),
(7514, 329, 11, 1.00),
(7515, 329, 12, 1.00),
(7516, 329, 13, 1.00),
(7517, 329, 15, 1.00),
(7518, 329, 16, 1.00),
(7519, 330, 1, 1.00),
(7520, 330, 2, 1.00),
(7521, 330, 3, 1.00),
(7522, 330, 4, 1.00),
(7523, 330, 5, 1.00),
(7524, 330, 9, 1.00),
(7525, 330, 10, 1.00),
(7526, 330, 11, 1.00),
(7527, 330, 12, 1.00),
(7528, 330, 13, 1.00),
(7529, 330, 15, 1.00),
(7530, 330, 16, 1.00),
(7531, 331, 1, 1.00),
(7532, 331, 2, 1.00),
(7533, 331, 3, 1.00),
(7534, 331, 4, 1.00),
(7535, 331, 5, 1.00),
(7536, 331, 8, 1.00),
(7537, 331, 9, 1.00),
(7538, 331, 10, 1.00),
(7539, 331, 11, 1.00),
(7540, 331, 12, 1.00),
(7541, 331, 13, 1.00),
(7542, 331, 15, 1.00),
(7543, 331, 16, 1.00),
(7544, 335, 1, 1.00),
(7545, 335, 2, 1.00),
(7546, 335, 3, 1.00),
(7547, 335, 4, 1.00),
(7548, 335, 5, 1.00),
(7549, 335, 9, 1.00),
(7550, 335, 10, 1.00),
(7551, 335, 11, 1.00),
(7552, 335, 12, 1.00),
(7553, 335, 13, 1.00),
(7554, 335, 15, 1.00),
(7555, 335, 16, 1.00),
(7556, 336, 1, 1.00),
(7557, 336, 2, 1.00),
(7558, 336, 3, 1.00),
(7559, 336, 4, 1.00),
(7560, 336, 5, 1.00),
(7561, 336, 9, 1.00),
(7562, 336, 10, 1.00),
(7563, 336, 11, 1.00),
(7564, 336, 12, 1.00),
(7565, 336, 13, 1.00),
(7566, 336, 15, 1.00),
(7567, 336, 16, 1.00),
(7594, 337, 1, 1.00),
(7595, 337, 2, 1.00),
(7596, 337, 3, 1.00),
(7597, 337, 4, 1.00),
(7598, 337, 5, 1.00),
(7599, 337, 8, 1.00),
(7600, 337, 9, 1.00),
(7601, 337, 10, 1.00),
(7602, 337, 11, 1.00),
(7603, 337, 12, 1.00),
(7604, 337, 13, 1.00),
(7605, 337, 15, 1.00),
(7606, 337, 16, 1.00),
(7607, 338, 1, 1.00),
(7608, 338, 2, 1.00),
(7609, 338, 3, 1.00),
(7610, 338, 4, 1.00),
(7611, 338, 5, 1.00),
(7612, 338, 9, 1.00),
(7613, 338, 10, 1.00),
(7614, 338, 11, 1.00),
(7615, 338, 12, 1.00),
(7616, 338, 13, 1.00),
(7617, 338, 15, 1.00),
(7618, 338, 16, 1.00),
(7619, 339, 1, 1.00),
(7620, 339, 2, 1.00),
(7621, 339, 3, 1.00),
(7622, 339, 4, 1.00),
(7623, 339, 5, 1.00),
(7624, 339, 8, 1.00),
(7625, 339, 9, 1.00),
(7626, 339, 10, 1.00),
(7627, 339, 11, 1.00),
(7628, 339, 12, 1.00),
(7629, 339, 13, 1.00),
(7630, 339, 15, 1.00),
(7631, 339, 16, 1.00),
(7632, 340, 1, 1.00),
(7633, 340, 2, 1.00),
(7634, 340, 3, 1.00),
(7635, 340, 4, 1.00),
(7636, 340, 5, 1.00),
(7637, 340, 9, 1.00),
(7638, 340, 10, 1.00),
(7639, 340, 11, 1.00),
(7640, 340, 12, 1.00),
(7641, 340, 13, 1.00),
(7642, 340, 15, 1.00),
(7643, 340, 16, 1.00),
(7644, 341, 1, 1.00),
(7645, 341, 2, 1.00),
(7646, 341, 3, 1.00),
(7647, 341, 4, 1.00),
(7648, 341, 5, 1.00),
(7649, 341, 8, 1.00),
(7650, 341, 9, 1.00),
(7651, 341, 10, 1.00),
(7652, 341, 11, 1.00),
(7653, 341, 12, 1.00),
(7654, 341, 13, 1.00),
(7655, 341, 15, 1.00),
(7656, 341, 16, 1.00),
(7657, 342, 1, 1.00),
(7658, 342, 2, 1.00),
(7659, 342, 3, 1.00),
(7660, 342, 4, 1.00),
(7661, 342, 5, 1.00),
(7662, 342, 9, 1.00),
(7663, 342, 10, 1.00),
(7664, 342, 11, 1.00),
(7665, 342, 12, 1.00),
(7666, 342, 13, 1.00),
(7667, 342, 15, 1.00),
(7668, 342, 16, 1.00),
(7669, 343, 1, 1.00),
(7670, 343, 2, 1.00),
(7671, 343, 3, 1.00),
(7672, 343, 4, 1.00),
(7673, 343, 5, 1.00),
(7674, 343, 8, 1.00),
(7675, 344, 1, 1.00),
(7676, 344, 2, 1.00),
(7677, 344, 3, 1.00),
(7678, 344, 4, 1.00),
(7679, 344, 5, 1.00),
(7680, 344, 8, 1.00),
(7681, 344, 9, 1.00),
(7682, 344, 10, 1.00),
(7683, 344, 11, 1.00),
(7684, 344, 12, 1.00),
(7685, 344, 13, 1.00),
(7686, 344, 15, 1.00),
(7687, 344, 16, 1.00),
(7688, 345, 1, 1.00),
(7689, 345, 2, 1.00),
(7690, 345, 3, 1.00),
(7691, 345, 4, 1.00),
(7692, 345, 5, 1.00),
(7693, 345, 9, 1.00),
(7694, 345, 10, 1.00),
(7695, 345, 11, 1.00),
(7696, 345, 12, 1.00),
(7697, 345, 13, 1.00),
(7698, 345, 15, 1.00),
(7699, 345, 16, 1.00),
(7700, 346, 1, 1.00),
(7701, 346, 2, 1.00),
(7702, 346, 3, 1.00),
(7703, 346, 4, 1.00),
(7704, 346, 5, 1.00),
(7705, 346, 9, 1.00),
(7706, 346, 10, 1.00),
(7707, 346, 11, 1.00),
(7708, 346, 12, 1.00),
(7709, 346, 13, 1.00),
(7710, 346, 15, 1.00),
(7711, 346, 16, 1.00),
(7712, 347, 1, 1.00),
(7713, 347, 2, 1.00),
(7714, 347, 3, 1.00),
(7715, 347, 4, 1.00),
(7716, 347, 5, 1.00),
(7717, 347, 9, 1.00),
(7718, 347, 10, 1.00),
(7719, 347, 11, 1.00),
(7720, 347, 12, 1.00),
(7721, 347, 13, 1.00),
(7722, 347, 15, 1.00),
(7723, 347, 16, 1.00),
(7724, 348, 1, 1.00),
(7725, 348, 2, 1.00),
(7726, 348, 3, 1.00),
(7727, 348, 4, 1.00),
(7728, 348, 5, 1.00),
(7729, 348, 9, 1.00),
(7730, 348, 10, 1.00),
(7731, 348, 11, 1.00),
(7732, 348, 12, 1.00),
(7733, 348, 13, 1.00),
(7734, 348, 15, 1.00),
(7735, 348, 16, 1.00),
(7736, 349, 1, 1.00),
(7737, 349, 2, 1.00),
(7738, 349, 3, 1.00),
(7739, 349, 4, 1.00),
(7740, 349, 5, 1.00),
(7741, 349, 8, 1.00),
(7742, 349, 9, 1.00),
(7743, 349, 10, 1.00),
(7744, 349, 11, 1.00),
(7745, 349, 12, 1.00),
(7746, 349, 13, 1.00),
(7747, 349, 15, 1.00),
(7748, 349, 16, 1.00),
(7749, 350, 1, 1.00),
(7750, 350, 2, 1.00),
(7751, 350, 3, 1.00),
(7752, 350, 4, 1.00),
(7753, 350, 5, 1.00),
(7754, 350, 8, 1.00),
(7755, 350, 9, 1.00),
(7756, 350, 10, 1.00),
(7757, 350, 11, 1.00),
(7758, 350, 12, 1.00),
(7759, 350, 13, 1.00),
(7760, 350, 15, 1.00),
(7761, 350, 16, 1.00),
(7762, 351, 1, 1.00),
(7763, 351, 2, 1.00),
(7764, 351, 3, 1.00),
(7765, 351, 4, 1.00),
(7766, 351, 5, 1.00),
(7767, 351, 9, 1.00),
(7768, 351, 10, 1.00),
(7769, 351, 11, 1.00),
(7770, 351, 12, 1.00),
(7771, 351, 13, 1.00),
(7772, 351, 15, 1.00),
(7773, 351, 16, 1.00),
(7774, 352, 1, 1.00),
(7775, 352, 2, 1.00),
(7776, 352, 3, 1.00),
(7777, 352, 4, 1.00),
(7778, 352, 5, 1.00),
(7779, 352, 9, 1.00),
(7780, 352, 10, 1.00),
(7781, 352, 11, 1.00),
(7782, 352, 12, 1.00),
(7783, 352, 13, 1.00),
(7784, 352, 15, 1.00),
(7785, 352, 16, 1.00),
(7798, 353, 1, 1.00),
(7799, 353, 2, 1.00),
(7800, 353, 3, 1.00),
(7801, 353, 4, 1.00),
(7802, 353, 5, 1.00),
(7803, 353, 9, 1.00),
(7804, 353, 10, 1.00),
(7805, 353, 11, 1.00),
(7806, 353, 12, 1.00),
(7807, 353, 13, 1.00),
(7808, 353, 15, 1.00),
(7809, 353, 16, 1.00),
(7810, 354, 1, 1.00),
(7811, 354, 2, 1.00),
(7812, 354, 3, 1.00),
(7813, 354, 4, 1.00),
(7814, 354, 5, 1.00),
(7815, 354, 9, 1.00),
(7816, 354, 10, 1.00),
(7817, 354, 11, 1.00),
(7818, 354, 12, 1.00),
(7819, 354, 13, 1.00),
(7820, 354, 15, 1.00),
(7821, 354, 16, 1.00),
(7834, 356, 1, 1.00),
(7835, 356, 2, 1.00),
(7836, 356, 3, 1.00),
(7837, 356, 4, 1.00),
(7838, 356, 5, 1.00),
(7839, 356, 9, 1.00),
(7840, 356, 10, 1.00),
(7841, 356, 11, 1.00),
(7842, 356, 12, 1.00),
(7843, 356, 13, 1.00),
(7844, 356, 15, 1.00),
(7845, 356, 16, 1.00),
(7846, 357, 1, 1.00),
(7847, 357, 2, 1.00),
(7848, 357, 3, 1.00),
(7849, 357, 4, 1.00),
(7850, 357, 5, 1.00),
(7851, 357, 9, 1.00),
(7852, 357, 10, 1.00),
(7853, 357, 11, 1.00),
(7854, 357, 12, 1.00),
(7855, 357, 13, 1.00),
(7856, 357, 15, 1.00),
(7857, 357, 16, 1.00),
(7884, 358, 1, 1.00),
(7885, 358, 2, 1.00),
(7886, 358, 3, 1.00),
(7887, 358, 4, 1.00),
(7888, 358, 5, 1.00),
(7889, 358, 8, 1.00),
(7890, 358, 9, 1.00),
(7891, 358, 10, 1.00),
(7892, 358, 11, 1.00),
(7893, 358, 12, 1.00),
(7894, 358, 13, 1.00),
(7895, 358, 15, 1.00),
(7896, 358, 16, 1.00),
(7897, 359, 1, 1.00),
(7898, 359, 2, 1.00),
(7899, 359, 3, 1.00),
(7900, 359, 4, 1.00),
(7901, 359, 5, 1.00),
(7902, 359, 8, 1.00),
(7903, 359, 9, 1.00),
(7904, 359, 10, 1.00),
(7905, 359, 11, 1.00),
(7906, 359, 12, 1.00),
(7907, 359, 13, 1.00),
(7908, 359, 15, 1.00),
(7909, 359, 16, 1.00),
(7983, 361, 1, 1.00),
(7984, 361, 2, 1.00),
(7985, 361, 3, 1.00),
(7986, 361, 4, 1.00),
(7987, 361, 5, 1.00),
(7988, 361, 9, 1.00),
(7989, 361, 13, 1.00),
(7990, 361, 15, 1.00),
(7991, 361, 16, 1.00),
(7992, 363, 1, 1.00),
(7993, 363, 2, 1.00),
(7994, 363, 3, 1.00),
(7995, 363, 4, 1.00),
(7996, 363, 5, 1.00),
(7997, 363, 9, 1.00),
(7998, 363, 13, 1.00),
(7999, 363, 15, 1.00),
(8000, 363, 16, 1.00),
(8001, 364, 1, 1.00),
(8002, 364, 2, 1.00),
(8003, 364, 3, 1.00),
(8004, 364, 4, 1.00),
(8005, 364, 5, 1.00),
(8006, 364, 9, 1.00),
(8007, 364, 13, 1.00),
(8008, 364, 15, 1.00),
(8009, 364, 16, 1.00),
(8010, 365, 1, 1.00),
(8011, 365, 2, 1.00),
(8012, 365, 3, 1.00),
(8013, 365, 4, 1.00),
(8014, 365, 5, 1.00),
(8015, 365, 9, 1.00),
(8016, 365, 13, 1.00),
(8017, 365, 15, 1.00),
(8018, 365, 16, 1.00),
(8019, 366, 1, 1.00),
(8020, 366, 2, 1.00),
(8021, 366, 3, 1.00),
(8022, 366, 4, 1.00),
(8023, 366, 5, 1.00),
(8024, 366, 9, 1.00),
(8025, 366, 13, 1.00),
(8026, 366, 15, 1.00),
(8027, 366, 16, 1.00),
(8028, 367, 1, 1.00),
(8029, 367, 2, 1.00),
(8030, 367, 3, 1.00),
(8031, 367, 4, 1.00),
(8032, 367, 5, 1.00),
(8033, 367, 9, 1.00),
(8034, 367, 10, 1.00),
(8035, 367, 13, 1.00),
(8036, 367, 15, 1.00),
(8037, 367, 16, 1.00),
(8062, 368, 1, 1.00),
(8063, 368, 2, 1.00),
(8064, 368, 3, 1.00),
(8065, 368, 4, 1.00),
(8066, 368, 5, 1.00),
(8067, 368, 10, 1.00),
(8068, 368, 11, 1.00),
(8069, 368, 12, 1.00),
(8070, 368, 13, 1.00),
(8071, 368, 15, 1.00),
(8072, 368, 16, 1.00),
(8073, 369, 1, 1.00),
(8074, 369, 2, 1.00),
(8075, 369, 3, 1.00),
(8076, 369, 4, 1.00),
(8077, 369, 5, 1.00),
(8078, 369, 8, 1.00),
(8079, 369, 10, 1.00),
(8080, 369, 11, 1.00),
(8081, 369, 12, 1.00),
(8082, 369, 13, 1.00),
(8083, 369, 15, 1.00),
(8084, 369, 16, 1.00),
(8108, 370, 1, 1.00),
(8109, 370, 2, 1.00),
(8110, 370, 3, 1.00),
(8111, 370, 4, 1.00),
(8112, 370, 5, 1.00),
(8113, 370, 8, 1.00),
(8114, 371, 1, 1.00),
(8115, 371, 2, 1.00),
(8116, 371, 3, 1.00),
(8117, 371, 4, 1.00),
(8118, 371, 5, 1.00),
(8119, 371, 8, 1.00),
(8120, 372, 1, 1.00),
(8121, 372, 2, 1.00),
(8122, 372, 3, 1.00),
(8123, 372, 4, 1.00),
(8124, 372, 5, 1.00),
(8125, 373, 1, 1.00),
(8126, 373, 2, 1.00),
(8127, 373, 3, 1.00),
(8128, 373, 4, 1.00),
(8129, 373, 5, 1.00),
(8130, 373, 8, 1.00),
(8131, 374, 1, 1.00),
(8132, 374, 2, 1.00),
(8133, 374, 3, 1.00),
(8134, 374, 4, 1.00),
(8135, 374, 5, 1.00),
(8136, 374, 8, 1.00),
(8137, 375, 1, 1.00),
(8138, 375, 2, 1.00),
(8139, 375, 3, 1.00),
(8140, 375, 4, 1.00),
(8141, 375, 5, 1.00),
(8222, 376, 1, 1.00),
(8223, 376, 2, 1.00),
(8224, 376, 3, 1.00),
(8225, 376, 4, 1.00),
(8226, 376, 5, 1.00),
(8227, 376, 8, 1.00),
(8228, 376, 9, 1.00),
(8229, 377, 1, 1.00),
(8230, 377, 2, 1.00),
(8231, 377, 3, 1.00),
(8232, 377, 4, 1.00),
(8233, 377, 5, 1.00),
(8234, 377, 8, 1.00),
(8235, 377, 9, 1.00),
(8236, 378, 1, 1.00),
(8237, 378, 2, 1.00),
(8238, 378, 3, 1.00),
(8239, 378, 4, 1.00),
(8240, 378, 5, 1.00),
(8241, 378, 8, 1.00),
(8242, 378, 9, 1.00),
(8243, 379, 1, 1.00),
(8244, 379, 2, 1.00),
(8245, 379, 3, 1.00),
(8246, 379, 4, 1.00),
(8247, 379, 5, 1.00),
(8248, 379, 8, 1.00),
(8249, 379, 9, 1.00),
(8250, 380, 1, 1.00),
(8251, 380, 2, 1.00),
(8252, 380, 3, 1.00),
(8253, 380, 4, 1.00),
(8254, 380, 5, 1.00),
(8255, 380, 9, 1.00),
(8256, 381, 1, 1.00),
(8257, 381, 2, 1.00),
(8258, 381, 3, 1.00),
(8259, 381, 4, 1.00),
(8260, 381, 5, 1.00),
(8261, 381, 9, 1.00),
(8262, 382, 1, 1.00),
(8263, 382, 2, 1.00),
(8264, 382, 3, 1.00),
(8265, 382, 4, 1.00),
(8266, 382, 5, 1.00),
(8267, 382, 9, 1.00),
(8274, 384, 1, 1.00),
(8275, 384, 2, 1.00),
(8276, 384, 3, 1.00),
(8277, 384, 4, 1.00),
(8278, 384, 5, 1.00),
(8279, 384, 9, 1.00),
(8280, 385, 1, 1.00),
(8281, 385, 2, 1.00),
(8282, 385, 3, 1.00),
(8283, 385, 4, 1.00),
(8284, 385, 5, 1.00),
(8285, 385, 9, 1.00),
(8286, 383, 1, 1.00),
(8287, 383, 2, 1.00),
(8288, 383, 3, 1.00),
(8289, 383, 4, 1.00),
(8290, 383, 5, 1.00),
(8291, 383, 8, 1.00),
(8292, 383, 9, 1.00),
(8293, 386, 1, 1.00),
(8294, 386, 2, 1.00),
(8295, 386, 3, 1.00),
(8296, 386, 4, 1.00),
(8297, 386, 5, 1.00),
(8298, 386, 9, 1.00),
(8299, 238, 1, 1.00),
(8300, 238, 2, 1.00),
(8301, 238, 3, 1.00),
(8302, 238, 4, 1.00),
(8303, 238, 5, 1.00),
(8304, 238, 9, 1.00),
(8305, 238, 10, 1.00),
(8306, 238, 11, 1.00),
(8307, 238, 12, 1.00),
(8308, 238, 13, 1.00),
(8309, 238, 15, 1.00),
(8310, 238, 16, 1.00),
(8311, 387, 1, 1.00),
(8312, 387, 2, 1.00),
(8313, 387, 3, 1.00),
(8314, 387, 4, 1.00),
(8315, 387, 5, 1.00),
(8316, 387, 9, 1.00),
(8351, 389, 1, 1.00),
(8352, 389, 2, 1.00),
(8353, 389, 3, 1.00),
(8354, 389, 4, 1.00),
(8355, 389, 5, 1.00),
(8356, 389, 8, 1.00),
(8357, 389, 9, 1.00),
(8358, 393, 1, 1.00),
(8359, 393, 2, 1.00),
(8360, 393, 3, 1.00),
(8361, 393, 4, 1.00),
(8362, 393, 5, 1.00),
(8363, 393, 9, 1.00),
(8364, 394, 1, 1.00),
(8365, 394, 2, 1.00),
(8366, 394, 3, 1.00),
(8367, 394, 4, 1.00),
(8368, 394, 5, 1.00),
(8369, 394, 8, 1.00),
(8370, 394, 9, 1.00),
(8371, 395, 1, 1.00),
(8372, 395, 2, 1.00),
(8373, 395, 3, 1.00),
(8374, 395, 4, 1.00),
(8375, 395, 5, 1.00),
(8376, 395, 8, 1.00),
(8377, 395, 9, 1.00),
(8378, 396, 1, 1.00),
(8379, 396, 2, 1.00),
(8380, 396, 3, 1.00),
(8381, 396, 4, 1.00),
(8382, 396, 5, 1.00),
(8383, 396, 9, 1.00),
(8384, 396, 10, 1.00),
(8385, 396, 11, 1.00),
(8386, 396, 12, 1.00),
(8387, 396, 13, 1.00),
(8388, 396, 15, 1.00),
(8389, 396, 16, 1.00),
(8390, 397, 1, 1.00),
(8391, 397, 2, 1.00),
(8392, 397, 3, 1.00),
(8393, 397, 4, 1.00),
(8394, 397, 5, 1.00),
(8395, 397, 8, 1.00),
(8396, 398, 1, 1.00),
(8397, 398, 2, 1.00),
(8398, 398, 3, 1.00),
(8399, 398, 4, 1.00),
(8400, 398, 5, 1.00),
(8401, 398, 8, 1.00),
(8402, 398, 9, 1.00),
(8403, 398, 10, 1.00),
(8404, 398, 11, 1.00),
(8405, 398, 12, 1.00),
(8406, 398, 13, 1.00),
(8407, 398, 15, 1.00),
(8408, 398, 16, 1.00),
(8409, 399, 1, 1.00),
(8410, 399, 2, 1.00),
(8411, 399, 3, 1.00),
(8412, 399, 4, 1.00),
(8413, 399, 5, 1.00),
(8414, 399, 8, 1.00),
(8415, 399, 9, 1.00),
(8416, 399, 10, 1.00),
(8417, 399, 11, 1.00),
(8418, 399, 12, 1.00),
(8419, 399, 13, 1.00),
(8420, 399, 15, 1.00),
(8421, 399, 16, 1.00),
(8422, 400, 1, 1.00),
(8423, 400, 2, 1.00),
(8424, 400, 3, 1.00),
(8425, 400, 4, 1.00),
(8426, 400, 5, 1.00),
(8427, 400, 8, 1.00),
(8428, 400, 9, 1.00),
(8429, 400, 10, 1.00),
(8430, 400, 11, 1.00),
(8431, 400, 12, 1.00),
(8432, 400, 13, 1.00),
(8433, 400, 15, 1.00),
(8434, 400, 16, 1.00),
(8457, 403, 1, 1.00),
(8458, 403, 2, 1.00),
(8459, 403, 3, 1.00),
(8460, 403, 4, 1.00),
(8461, 403, 5, 1.00),
(8462, 403, 8, 1.00),
(8463, 403, 9, 1.00),
(8464, 403, 10, 1.00),
(8465, 403, 11, 1.00),
(8466, 403, 12, 1.00),
(8467, 403, 13, 1.00),
(8468, 403, 15, 1.00),
(8469, 403, 16, 1.00),
(8483, 405, 1, 1.00),
(8484, 405, 2, 1.00),
(8485, 405, 3, 1.00),
(8486, 405, 4, 1.00),
(8487, 405, 5, 1.00),
(8488, 405, 8, 1.00),
(8489, 405, 9, 1.00),
(8490, 405, 10, 1.00),
(8491, 405, 11, 1.00),
(8492, 405, 12, 1.00),
(8493, 405, 13, 1.00),
(8494, 405, 15, 1.00),
(8495, 405, 16, 1.00),
(8496, 94, 1, 1.00),
(8497, 94, 2, 1.00),
(8498, 94, 3, 1.00),
(8499, 94, 4, 1.00),
(8500, 94, 5, 1.00),
(8501, 94, 8, 1.00),
(8502, 94, 9, 1.00),
(8503, 94, 10, 1.00),
(8504, 94, 11, 1.00),
(8505, 94, 12, 1.00),
(8506, 94, 13, 1.00),
(8507, 94, 15, 1.00),
(8508, 94, 16, 1.00),
(8522, 28, 1, 1.00),
(8523, 28, 3, 1.00),
(8524, 28, 4, 1.00),
(8525, 28, 5, 1.00),
(8526, 28, 8, 1.00),
(8527, 28, 9, 1.00),
(8528, 28, 10, 1.00),
(8529, 28, 11, 1.00),
(8530, 28, 12, 1.00),
(8531, 28, 13, 1.00),
(8532, 28, 15, 1.00),
(8533, 28, 16, 1.00),
(8534, 108, 1, 1.00),
(8535, 108, 2, 1.00),
(8536, 108, 3, 1.00),
(8537, 108, 4, 1.00),
(8538, 108, 5, 1.00),
(8539, 108, 9, 1.00),
(8540, 108, 10, 1.00),
(8541, 108, 11, 1.00),
(8542, 108, 12, 1.00),
(8543, 108, 13, 1.00),
(8544, 108, 15, 1.00),
(8545, 108, 16, 1.00),
(8546, 145, 1, 1.00),
(8547, 145, 2, 1.00),
(8548, 145, 3, 1.00),
(8549, 145, 4, 1.00),
(8550, 145, 5, 1.00),
(8551, 145, 8, 1.00),
(8552, 145, 9, 1.00),
(8553, 145, 10, 1.00),
(8554, 145, 11, 1.00),
(8555, 145, 12, 1.00),
(8556, 145, 13, 1.00),
(8557, 145, 15, 1.00),
(8558, 145, 16, 1.00),
(8559, 115, 1, 1.00),
(8560, 115, 2, 1.00),
(8561, 115, 3, 1.00),
(8562, 115, 4, 1.00),
(8563, 115, 5, 1.00),
(8564, 115, 8, 1.00),
(8565, 115, 9, 1.00),
(8566, 115, 10, 1.00),
(8567, 115, 11, 1.00),
(8568, 115, 12, 1.00),
(8569, 115, 13, 1.00),
(8570, 115, 15, 1.00),
(8571, 115, 16, 1.00),
(8572, 116, 1, 1.00),
(8573, 116, 2, 1.00),
(8574, 116, 3, 1.00),
(8575, 116, 4, 1.00),
(8576, 116, 5, 1.00),
(8577, 116, 9, 1.00),
(8578, 116, 10, 1.00),
(8579, 116, 11, 1.00),
(8580, 116, 12, 1.00),
(8581, 116, 13, 1.00),
(8582, 116, 15, 1.00),
(8583, 116, 16, 1.00),
(8584, 406, 1, 1.00),
(8585, 406, 2, 1.00),
(8586, 406, 3, 1.00),
(8587, 406, 4, 1.00),
(8588, 406, 5, 1.00),
(8589, 406, 9, 1.00),
(8590, 406, 10, 1.00),
(8591, 406, 11, 1.00),
(8592, 406, 12, 1.00),
(8593, 406, 13, 1.00),
(8594, 406, 15, 1.00),
(8595, 406, 16, 1.00),
(8608, 408, 1, 1.00),
(8609, 408, 3, 1.00),
(8610, 408, 4, 1.00),
(8611, 408, 5, 1.00),
(8612, 408, 9, 1.00),
(8613, 408, 10, 1.00),
(8614, 408, 11, 1.00),
(8615, 408, 12, 1.00),
(8616, 408, 13, 1.00),
(8617, 408, 15, 1.00),
(8618, 408, 16, 1.00),
(8619, 409, 1, 1.00),
(8620, 409, 2, 1.00),
(8621, 409, 3, 1.00),
(8622, 409, 4, 1.00),
(8623, 409, 5, 1.00),
(8624, 409, 9, 1.00),
(8625, 409, 10, 1.00),
(8626, 409, 11, 1.00),
(8627, 409, 12, 1.00),
(8628, 409, 13, 1.00),
(8629, 409, 15, 1.00),
(8630, 409, 16, 1.00),
(8631, 410, 1, 1.00),
(8632, 410, 2, 1.00),
(8633, 410, 3, 1.00),
(8634, 410, 4, 1.00),
(8635, 410, 5, 1.00),
(8636, 410, 9, 1.00),
(8637, 410, 10, 1.00),
(8638, 410, 11, 1.00),
(8639, 410, 12, 1.00),
(8640, 410, 13, 1.00),
(8641, 410, 15, 1.00),
(8642, 410, 16, 1.00),
(8643, 411, 1, 1.00),
(8644, 411, 2, 1.00),
(8645, 411, 3, 1.00),
(8646, 411, 4, 1.00),
(8647, 411, 5, 1.00),
(8648, 411, 8, 1.00),
(8649, 411, 9, 1.00),
(8650, 411, 10, 1.00),
(8651, 411, 11, 1.00),
(8652, 411, 12, 1.00),
(8653, 411, 13, 1.00),
(8654, 411, 15, 1.00),
(8655, 411, 16, 1.00),
(8669, 412, 1, 1.00),
(8670, 412, 2, 1.00),
(8671, 412, 3, 1.00),
(8672, 412, 4, 1.00),
(8673, 412, 5, 1.00),
(8674, 412, 8, 1.00),
(8675, 412, 9, 1.00),
(8676, 412, 10, 1.00),
(8677, 412, 11, 1.00),
(8678, 412, 12, 1.00),
(8679, 412, 13, 1.00),
(8680, 412, 15, 1.00),
(8681, 412, 16, 1.00),
(8682, 413, 1, 1.00),
(8683, 413, 2, 1.00),
(8684, 413, 3, 1.00),
(8685, 413, 4, 1.00),
(8686, 413, 5, 1.00),
(8687, 413, 8, 1.00),
(8688, 413, 9, 1.00),
(8689, 413, 10, 1.00),
(8690, 413, 11, 1.00),
(8691, 413, 12, 1.00),
(8692, 413, 13, 1.00),
(8693, 413, 15, 1.00),
(8694, 413, 16, 1.00),
(8695, 414, 1, 1.00),
(8696, 414, 2, 1.00),
(8697, 414, 3, 1.00),
(8698, 414, 4, 1.00),
(8699, 414, 5, 1.00),
(8700, 414, 9, 1.00),
(8701, 414, 10, 1.00),
(8702, 414, 11, 1.00),
(8703, 414, 12, 1.00),
(8704, 414, 13, 1.00),
(8705, 414, 15, 1.00),
(8706, 414, 16, 1.00),
(8707, 415, 1, 1.00),
(8708, 415, 2, 1.00),
(8709, 415, 3, 1.00),
(8710, 415, 4, 1.00),
(8711, 415, 5, 1.00),
(8712, 415, 9, 1.00),
(8713, 415, 10, 1.00),
(8714, 415, 11, 1.00),
(8715, 415, 12, 1.00),
(8716, 415, 13, 1.00),
(8717, 415, 15, 1.00),
(8718, 415, 16, 1.00),
(8719, 416, 1, 1.00),
(8720, 416, 2, 1.00),
(8721, 416, 3, 1.00),
(8722, 416, 4, 1.00),
(8723, 416, 5, 1.00),
(8724, 416, 9, 1.00),
(8725, 416, 10, 1.00),
(8726, 416, 11, 1.00),
(8727, 416, 12, 1.00),
(8728, 416, 13, 1.00),
(8729, 416, 15, 1.00),
(8730, 416, 16, 1.00),
(8731, 417, 1, 1.00),
(8732, 417, 2, 1.00),
(8733, 417, 3, 1.00),
(8734, 417, 4, 1.00),
(8735, 417, 5, 1.00),
(8736, 417, 9, 1.00),
(8737, 417, 10, 1.00),
(8738, 417, 11, 1.00),
(8739, 417, 12, 1.00),
(8740, 417, 13, 1.00),
(8741, 417, 15, 1.00),
(8742, 417, 16, 1.00),
(8756, 418, 1, 1.00),
(8757, 418, 2, 1.00),
(8758, 418, 3, 1.00),
(8759, 418, 4, 1.00),
(8760, 418, 5, 1.00),
(8761, 418, 9, 1.00),
(8762, 418, 10, 1.00),
(8763, 418, 11, 1.00),
(8764, 418, 12, 1.00),
(8765, 418, 13, 1.00),
(8766, 418, 15, 1.00),
(8767, 418, 16, 1.00),
(8768, 419, 1, 1.00),
(8769, 419, 2, 1.00),
(8770, 419, 3, 1.00),
(8771, 419, 4, 1.00),
(8772, 419, 5, 1.00),
(8773, 419, 8, 1.00),
(8774, 419, 9, 1.00),
(8775, 419, 10, 1.00),
(8776, 419, 11, 1.00),
(8777, 419, 12, 1.00),
(8778, 419, 13, 1.00),
(8779, 419, 15, 1.00),
(8780, 419, 16, 1.00),
(8781, 420, 1, 1.00),
(8782, 420, 2, 1.00),
(8783, 420, 3, 1.00),
(8784, 420, 4, 1.00),
(8785, 420, 5, 1.00),
(8786, 420, 9, 1.00),
(8787, 420, 10, 1.00),
(8788, 420, 11, 1.00),
(8789, 420, 12, 1.00),
(8790, 420, 13, 1.00),
(8791, 420, 15, 1.00),
(8792, 420, 16, 1.00),
(8793, 421, 1, 1.00),
(8794, 421, 3, 1.00),
(8795, 421, 4, 1.00),
(8796, 421, 5, 1.00),
(8797, 421, 9, 1.00),
(8798, 421, 10, 1.00),
(8799, 421, 11, 1.00),
(8800, 421, 12, 1.00),
(8801, 421, 13, 1.00),
(8802, 421, 15, 1.00),
(8803, 421, 16, 1.00),
(8804, 422, 1, 1.00),
(8805, 422, 2, 1.00),
(8806, 422, 3, 1.00),
(8807, 422, 4, 1.00),
(8808, 422, 5, 1.00),
(8809, 422, 9, 1.00),
(8810, 422, 10, 1.00),
(8811, 422, 11, 1.00),
(8812, 422, 12, 1.00),
(8813, 422, 13, 1.00),
(8814, 422, 15, 1.00),
(8815, 422, 16, 1.00),
(8816, 423, 1, 1.00),
(8817, 423, 2, 1.00),
(8818, 423, 3, 1.00),
(8819, 423, 4, 1.00),
(8820, 423, 5, 1.00),
(8821, 423, 9, 1.00),
(8822, 423, 10, 1.00),
(8823, 423, 11, 1.00),
(8824, 423, 12, 1.00),
(8825, 423, 13, 1.00),
(8826, 423, 15, 1.00),
(8827, 423, 16, 1.00),
(9357, 506, 1, 1.00),
(9358, 506, 2, 1.00),
(9359, 506, 3, 1.00),
(9360, 506, 4, 1.00),
(9361, 506, 5, 1.00),
(9362, 506, 9, 1.00),
(9363, 506, 10, 1.00),
(9364, 506, 11, 1.00),
(9365, 506, 12, 1.00),
(9366, 506, 13, 1.00),
(9367, 506, 15, 1.00),
(9368, 506, 16, 1.00),
(9369, 506, 17, 1.00),
(9370, 424, 2, 1.00),
(9371, 424, 9, 1.00),
(9372, 424, 10, 1.00),
(9373, 424, 11, 1.00),
(9374, 424, 12, 1.00),
(9375, 424, 13, 1.00),
(9376, 424, 15, 1.00),
(9377, 424, 16, 1.00),
(9378, 424, 17, 1.00),
(9379, 401, 1, 1.00),
(9380, 401, 2, 1.00),
(9381, 401, 3, 1.00),
(9382, 401, 4, 1.00),
(9383, 401, 5, 1.00),
(9384, 401, 9, 1.00),
(9385, 401, 10, 1.00),
(9386, 401, 11, 1.00),
(9387, 401, 12, 1.00),
(9388, 401, 13, 1.00),
(9389, 401, 15, 1.00),
(9390, 401, 16, 1.00),
(9391, 407, 1, 1.00),
(9392, 407, 2, 1.00),
(9393, 407, 3, 1.00),
(9394, 407, 4, 1.00),
(9395, 407, 5, 1.00),
(9396, 407, 8, 1.00),
(9397, 407, 9, 1.00),
(9398, 407, 10, 1.00),
(9399, 407, 11, 1.00),
(9400, 407, 12, 1.00),
(9401, 407, 13, 1.00),
(9402, 407, 15, 1.00),
(9403, 407, 16, 1.00),
(9404, 507, 1, 1.00),
(9405, 507, 2, 1.00),
(9406, 507, 3, 1.00),
(9407, 507, 4, 1.00),
(9408, 507, 5, 1.00),
(9409, 507, 9, 1.00),
(9410, 507, 10, 1.00),
(9411, 507, 11, 1.00),
(9412, 507, 12, 1.00),
(9413, 507, 13, 1.00),
(9414, 507, 15, 1.00),
(9415, 507, 16, 1.00),
(9416, 507, 17, 1.00),
(9443, 508, 1, 1.00),
(9444, 508, 2, 1.00),
(9445, 508, 3, 1.00),
(9446, 508, 4, 1.00),
(9447, 508, 5, 1.00),
(9448, 508, 9, 1.00),
(9449, 508, 10, 1.00),
(9450, 508, 11, 1.00),
(9451, 508, 12, 1.00),
(9452, 508, 13, 1.00),
(9453, 508, 15, 1.00),
(9454, 508, 16, 1.00),
(9455, 508, 17, 1.00),
(9456, 509, 1, 1.00),
(9457, 509, 2, 1.00),
(9458, 509, 3, 1.00),
(9459, 509, 4, 1.00),
(9460, 509, 5, 1.00),
(9461, 509, 9, 1.00),
(9462, 509, 10, 1.00),
(9463, 509, 11, 1.00),
(9464, 509, 12, 1.00),
(9465, 509, 13, 1.00),
(9466, 509, 15, 1.00),
(9467, 509, 16, 1.00),
(9468, 509, 17, 1.00),
(9469, 510, 1, 1.00),
(9470, 510, 2, 1.00),
(9471, 510, 3, 1.00),
(9472, 510, 4, 1.00),
(9473, 510, 5, 1.00),
(9474, 510, 9, 1.00),
(9475, 510, 10, 1.00),
(9476, 510, 11, 1.00),
(9477, 510, 12, 1.00),
(9478, 510, 13, 1.00),
(9479, 510, 15, 1.00),
(9480, 510, 16, 1.00),
(9481, 510, 17, 1.00),
(9482, 511, 1, 1.00),
(9483, 511, 2, 1.00),
(9484, 511, 3, 1.00),
(9485, 511, 4, 1.00),
(9486, 511, 5, 1.00),
(9487, 511, 8, 1.00),
(9488, 511, 9, 1.00),
(9489, 511, 10, 1.00),
(9490, 511, 11, 1.00),
(9491, 511, 12, 1.00),
(9492, 511, 13, 1.00),
(9493, 511, 15, 1.00),
(9494, 511, 16, 1.00),
(9495, 511, 17, 1.00),
(9496, 512, 1, 1.00),
(9497, 512, 2, 1.00),
(9498, 512, 3, 1.00),
(9499, 512, 4, 1.00),
(9500, 512, 5, 1.00),
(9501, 512, 8, 1.00),
(9502, 512, 9, 1.00),
(9503, 512, 10, 1.00),
(9504, 512, 11, 1.00),
(9505, 512, 12, 1.00),
(9506, 512, 13, 1.00),
(9507, 512, 15, 1.00),
(9508, 512, 16, 1.00),
(9509, 512, 17, 1.00),
(9523, 513, 1, 1.00),
(9524, 513, 2, 1.00),
(9525, 513, 3, 1.00),
(9526, 513, 4, 1.00),
(9527, 513, 5, 1.00),
(9528, 513, 9, 1.00),
(9529, 513, 10, 1.00),
(9530, 513, 11, 1.00),
(9531, 513, 12, 1.00),
(9532, 513, 13, 1.00),
(9533, 513, 15, 1.00),
(9534, 513, 16, 1.00),
(9535, 513, 17, 1.00),
(9536, 514, 1, 1.00),
(9537, 514, 2, 1.00),
(9538, 514, 3, 1.00),
(9539, 514, 4, 1.00),
(9540, 514, 5, 1.00),
(9541, 514, 9, 1.00),
(9542, 514, 10, 1.00),
(9543, 514, 11, 1.00),
(9544, 514, 12, 1.00),
(9545, 514, 13, 1.00),
(9546, 514, 15, 1.00),
(9547, 514, 16, 1.00),
(9548, 514, 17, 1.00),
(9575, 517, 1, 1.00),
(9576, 517, 2, 1.00),
(9577, 517, 3, 1.00),
(9578, 517, 4, 1.00),
(9579, 517, 5, 1.00),
(9580, 517, 8, 1.00),
(9581, 517, 9, 1.00),
(9582, 517, 10, 1.00),
(9583, 517, 11, 1.00),
(9584, 517, 12, 1.00),
(9585, 517, 13, 1.00),
(9586, 517, 15, 1.00),
(9587, 517, 16, 1.00),
(9588, 517, 17, 1.00),
(9603, 2, 1, 1.00),
(9604, 2, 2, 1.00),
(9605, 2, 3, 1.00),
(9606, 2, 4, 1.00),
(9607, 2, 5, 1.00),
(9608, 2, 8, 1.00),
(9609, 2, 9, 1.00),
(9610, 2, 10, 1.00),
(9611, 2, 11, 1.00),
(9612, 2, 12, 1.00),
(9613, 2, 13, 1.00),
(9614, 2, 15, 1.00),
(9615, 2, 16, 1.00),
(9616, 2, 17, 1.00),
(10191, 611, 11, 20.00),
(10192, 611, 10, 20.00),
(10193, 611, 12, 20.00),
(10194, 611, 9, 20.00),
(10195, 611, 13, 20.00),
(10196, 611, 15, 20.00),
(10197, 611, 16, 20.00),
(10198, 611, 17, 20.00),
(10199, 612, 11, 13.00),
(10200, 612, 10, 13.00),
(10201, 612, 12, 13.00),
(10202, 612, 9, 13.00),
(10203, 612, 13, 13.00),
(10204, 612, 15, 13.00),
(10205, 612, 16, 13.00),
(10206, 612, 17, 13.00),
(10207, 613, 11, 9.00),
(10208, 613, 10, 9.00),
(10209, 613, 12, 9.00),
(10210, 613, 9, 9.00),
(10211, 613, 13, 9.00),
(10212, 613, 15, 9.00),
(10213, 613, 16, 9.00),
(10214, 613, 17, 9.00),
(10215, 614, 11, 19.00),
(10216, 614, 10, 19.00),
(10217, 614, 12, 19.00),
(10218, 614, 9, 19.00),
(10219, 614, 13, 19.00),
(10220, 614, 15, 19.00),
(10221, 614, 16, 19.00),
(10222, 614, 17, 19.00),
(10223, 615, 11, 17.00),
(10224, 615, 10, 17.00),
(10225, 615, 12, 17.00),
(10226, 615, 9, 17.00),
(10227, 615, 13, 17.00),
(10228, 615, 15, 17.00),
(10229, 615, 16, 17.00),
(10230, 615, 17, 17.00),
(10231, 616, 11, 15.00),
(10232, 616, 10, 15.00),
(10233, 616, 12, 15.00),
(10234, 616, 9, 15.00),
(10235, 616, 13, 15.00),
(10236, 616, 15, 15.00),
(10237, 616, 16, 15.00),
(10238, 616, 17, 15.00),
(10239, 617, 11, 14.00),
(10240, 617, 10, 14.00),
(10241, 617, 12, 14.00),
(10242, 617, 13, 14.00),
(10243, 617, 15, 14.00),
(10244, 617, 16, 14.00),
(10245, 617, 17, 14.00),
(10246, 618, 11, 4.00),
(10247, 618, 10, 4.00),
(10248, 618, 12, 4.00),
(10249, 618, 13, 4.00),
(10250, 618, 15, 4.00),
(10251, 618, 16, 4.00),
(10252, 618, 17, 4.00),
(10253, 619, 11, 6.00),
(10254, 619, 10, 6.00),
(10255, 619, 12, 6.00),
(10256, 619, 9, 6.00),
(10257, 619, 13, 6.00),
(10258, 619, 15, 6.00),
(10259, 619, 16, 6.00),
(10260, 619, 17, 6.00),
(10261, 620, 11, 8.00),
(10262, 620, 10, 8.00),
(10263, 620, 12, 8.00),
(10264, 620, 9, 8.00),
(10265, 620, 13, 8.00),
(10266, 620, 15, 8.00),
(10267, 620, 16, 8.00),
(10268, 620, 17, 8.00),
(10269, 621, 11, 5.00),
(10270, 621, 10, 5.00),
(10271, 621, 12, 5.00),
(10272, 621, 9, 5.00),
(10273, 621, 13, 5.00),
(10274, 621, 15, 5.00),
(10275, 621, 16, 5.00),
(10276, 621, 17, 5.00),
(10277, 622, 11, 11.00),
(10278, 622, 10, 11.00),
(10279, 622, 12, 11.00),
(10280, 622, 9, 11.00),
(10281, 622, 13, 11.00),
(10282, 622, 15, 11.00),
(10283, 622, 16, 11.00),
(10284, 622, 17, 11.00),
(10285, 623, 11, 6.00),
(10286, 623, 10, 6.00),
(10287, 623, 12, 6.00),
(10288, 623, 9, 6.00),
(10289, 623, 13, 6.00),
(10290, 623, 15, 6.00),
(10291, 623, 16, 6.00),
(10292, 623, 17, 6.00),
(10293, 624, 11, 15.00),
(10294, 624, 10, 15.00),
(10295, 624, 12, 15.00),
(10296, 624, 9, 15.00),
(10297, 624, 13, 15.00),
(10298, 624, 15, 15.00),
(10299, 624, 16, 15.00),
(10300, 624, 17, 15.00),
(10301, 625, 11, 6.00),
(10302, 625, 10, 6.00),
(10303, 625, 12, 6.00),
(10304, 625, 9, 6.00),
(10305, 625, 13, 6.00),
(10306, 625, 15, 6.00),
(10307, 625, 16, 6.00),
(10308, 625, 17, 6.00),
(10309, 626, 11, 5.00),
(10310, 626, 10, 5.00),
(10311, 626, 12, 5.00),
(10312, 626, 9, 5.00),
(10313, 626, 13, 5.00),
(10314, 626, 15, 5.00),
(10315, 626, 16, 5.00),
(10316, 626, 17, 5.00),
(10317, 627, 11, 11.00),
(10318, 627, 10, 11.00),
(10319, 627, 12, 11.00),
(10320, 627, 9, 11.00),
(10321, 627, 13, 11.00),
(10322, 627, 15, 11.00),
(10323, 627, 16, 11.00),
(10324, 627, 17, 11.00),
(10325, 628, 11, 7.00),
(10326, 628, 10, 7.00),
(10327, 628, 12, 7.00),
(10328, 628, 9, 7.00),
(10329, 628, 13, 7.00),
(10330, 628, 15, 7.00),
(10331, 628, 16, 7.00),
(10332, 628, 17, 7.00),
(10333, 629, 11, 6.00),
(10334, 629, 10, 6.00),
(10335, 629, 12, 6.00),
(10336, 629, 9, 6.00),
(10337, 629, 13, 6.00),
(10338, 629, 15, 6.00),
(10339, 629, 16, 6.00),
(10340, 629, 17, 6.00),
(10348, 631, 11, 9.00),
(10349, 631, 10, 9.00),
(10350, 631, 12, 9.00),
(10351, 631, 9, 9.00),
(10352, 631, 13, 9.00),
(10353, 631, 15, 9.00),
(10354, 631, 16, 9.00),
(10355, 631, 17, 9.00),
(10356, 632, 11, 8.00),
(10357, 632, 10, 8.00),
(10358, 632, 12, 8.00),
(10359, 632, 9, 8.00),
(10360, 632, 13, 8.00),
(10361, 632, 15, 8.00),
(10362, 632, 16, 8.00),
(10363, 632, 17, 8.00),
(10364, 633, 11, 6.00),
(10365, 633, 10, 6.00),
(10366, 633, 12, 6.00),
(10367, 633, 9, 6.00),
(10368, 633, 13, 6.00),
(10369, 633, 15, 6.00),
(10370, 633, 16, 6.00),
(10371, 633, 17, 6.00),
(10372, 634, 11, 9.00),
(10373, 634, 10, 9.00),
(10374, 634, 12, 9.00),
(10375, 634, 9, 9.00),
(10376, 634, 13, 9.00),
(10377, 634, 15, 9.00),
(10378, 634, 16, 9.00),
(10379, 634, 17, 9.00),
(10380, 635, 11, 13.00),
(10381, 635, 10, 13.00),
(10382, 635, 12, 13.00),
(10383, 635, 9, 13.00),
(10384, 635, 13, 13.00),
(10385, 635, 15, 13.00),
(10386, 635, 16, 13.00),
(10387, 635, 17, 13.00),
(10388, 636, 11, 7.00),
(10389, 636, 10, 7.00),
(10390, 636, 12, 7.00),
(10391, 636, 9, 7.00),
(10392, 636, 13, 7.00),
(10393, 636, 15, 7.00),
(10394, 636, 16, 7.00),
(10395, 636, 17, 7.00),
(10396, 637, 11, 6.00),
(10397, 637, 10, 6.00),
(10398, 637, 12, 6.00),
(10399, 637, 9, 6.00),
(10400, 637, 13, 6.00),
(10401, 637, 15, 6.00),
(10402, 637, 16, 6.00),
(10403, 637, 17, 6.00),
(10404, 638, 11, 6.00),
(10405, 638, 10, 6.00),
(10406, 638, 12, 6.00),
(10407, 638, 9, 6.00),
(10408, 638, 13, 6.00),
(10409, 638, 15, 6.00),
(10410, 638, 16, 6.00),
(10411, 638, 17, 6.00),
(10412, 639, 11, 7.00),
(10413, 639, 10, 7.00),
(10414, 639, 12, 7.00),
(10415, 639, 9, 7.00),
(10416, 639, 13, 7.00),
(10417, 639, 15, 7.00),
(10418, 639, 16, 7.00),
(10419, 639, 17, 7.00),
(10420, 640, 11, 7.00),
(10421, 640, 10, 7.00),
(10422, 640, 12, 7.00),
(10423, 640, 9, 7.00),
(10424, 640, 13, 7.00),
(10425, 640, 15, 7.00),
(10426, 640, 16, 7.00),
(10427, 640, 17, 7.00),
(10428, 641, 11, 17.00),
(10429, 641, 10, 17.00),
(10430, 641, 12, 17.00),
(10431, 641, 9, 17.00),
(10432, 641, 13, 17.00),
(10433, 641, 15, 17.00),
(10434, 641, 16, 17.00),
(10435, 641, 17, 17.00),
(10436, 642, 11, 19.00),
(10437, 642, 10, 19.00),
(10438, 642, 12, 19.00),
(10439, 642, 9, 19.00),
(10440, 642, 13, 19.00),
(10441, 642, 15, 19.00),
(10442, 642, 16, 19.00),
(10443, 642, 17, 19.00),
(10444, 643, 11, 16.00),
(10445, 643, 10, 16.00),
(10446, 643, 12, 16.00),
(10447, 643, 9, 16.00),
(10448, 643, 13, 16.00),
(10449, 643, 15, 16.00),
(10450, 643, 16, 16.00),
(10451, 643, 17, 16.00),
(10452, 644, 11, 18.00),
(10453, 644, 10, 18.00),
(10454, 644, 12, 18.00),
(10455, 644, 9, 18.00),
(10456, 644, 13, 18.00),
(10457, 644, 15, 18.00),
(10458, 644, 16, 18.00),
(10459, 644, 17, 18.00),
(10460, 645, 11, 15.00),
(10461, 645, 10, 15.00),
(10462, 645, 12, 15.00),
(10463, 645, 9, 15.00),
(10464, 645, 13, 15.00),
(10465, 645, 15, 15.00),
(10466, 645, 16, 15.00),
(10467, 645, 17, 15.00),
(10468, 646, 11, 8.00),
(10469, 646, 10, 8.00),
(10470, 646, 12, 8.00),
(10471, 646, 9, 8.00),
(10472, 646, 13, 8.00),
(10473, 646, 15, 8.00),
(10474, 646, 16, 8.00),
(10475, 646, 17, 8.00),
(10484, 648, 11, 17.00),
(10485, 648, 10, 17.00),
(10486, 648, 12, 17.00),
(10487, 648, 9, 17.00),
(10488, 648, 13, 17.00),
(10489, 648, 15, 17.00),
(10490, 648, 16, 17.00),
(10491, 648, 17, 17.00),
(10492, 649, 11, 12.00),
(10493, 649, 10, 12.00),
(10494, 649, 12, 12.00),
(10495, 649, 9, 12.00),
(10496, 649, 13, 12.00),
(10497, 649, 15, 12.00),
(10498, 649, 16, 12.00),
(10499, 649, 17, 12.00),
(10500, 650, 11, 13.00),
(10501, 650, 10, 13.00),
(10502, 650, 12, 13.00),
(10503, 650, 9, 13.00),
(10504, 650, 13, 13.00),
(10505, 650, 15, 13.00),
(10506, 650, 16, 13.00),
(10507, 650, 17, 13.00),
(10508, 651, 11, 10.00),
(10509, 651, 10, 10.00),
(10510, 651, 12, 10.00),
(10511, 651, 9, 10.00),
(10512, 651, 13, 10.00),
(10513, 651, 15, 10.00),
(10514, 651, 16, 10.00),
(10515, 651, 17, 10.00),
(10516, 652, 11, 6.00),
(10517, 652, 10, 6.00),
(10518, 652, 12, 6.00),
(10519, 652, 9, 6.00),
(10520, 652, 13, 6.00),
(10521, 652, 15, 6.00),
(10522, 652, 16, 6.00),
(10523, 652, 17, 6.00),
(10524, 653, 11, 15.00),
(10525, 653, 10, 15.00),
(10526, 653, 12, 15.00),
(10527, 653, 9, 15.00),
(10528, 653, 13, 15.00),
(10529, 653, 15, 15.00),
(10530, 653, 16, 15.00),
(10531, 653, 17, 15.00),
(10532, 654, 11, 12.00),
(10533, 654, 10, 12.00),
(10534, 654, 12, 12.00),
(10535, 654, 9, 12.00),
(10536, 654, 13, 12.00),
(10537, 654, 15, 12.00),
(10538, 654, 16, 12.00),
(10539, 654, 17, 12.00),
(10540, 655, 11, 12.00),
(10541, 655, 10, 12.00),
(10542, 655, 12, 12.00),
(10543, 655, 9, 12.00),
(10544, 655, 13, 12.00),
(10545, 655, 15, 12.00),
(10546, 655, 16, 12.00),
(10547, 655, 17, 12.00),
(10548, 656, 11, 11.00),
(10549, 656, 10, 11.00),
(10550, 656, 12, 11.00),
(10551, 656, 9, 11.00),
(10552, 656, 13, 11.00),
(10553, 656, 15, 11.00),
(10554, 656, 16, 11.00),
(10555, 656, 17, 11.00),
(10556, 657, 11, 5.00),
(10557, 657, 10, 5.00),
(10558, 657, 12, 5.00),
(10559, 657, 9, 5.00),
(10560, 657, 13, 5.00),
(10561, 657, 15, 5.00),
(10562, 657, 16, 5.00),
(10563, 657, 17, 5.00),
(10564, 658, 11, 13.00),
(10565, 658, 10, 13.00),
(10566, 658, 12, 13.00),
(10567, 658, 9, 13.00),
(10568, 658, 13, 13.00),
(10569, 658, 15, 13.00),
(10570, 658, 16, 13.00),
(10571, 658, 17, 13.00),
(10572, 659, 11, 10.00),
(10573, 659, 10, 10.00),
(10574, 659, 12, 10.00),
(10575, 659, 9, 10.00),
(10576, 659, 13, 10.00),
(10577, 659, 15, 10.00),
(10578, 659, 16, 10.00),
(10579, 659, 17, 10.00),
(10580, 660, 11, 14.00),
(10581, 660, 10, 14.00),
(10582, 660, 12, 14.00),
(10583, 660, 9, 14.00),
(10584, 660, 13, 14.00),
(10585, 660, 15, 14.00),
(10586, 660, 16, 14.00),
(10587, 660, 17, 14.00),
(10588, 661, 11, 6.00),
(10589, 661, 10, 6.00),
(10590, 661, 12, 6.00),
(10591, 661, 9, 6.00),
(10592, 661, 13, 6.00),
(10593, 661, 15, 6.00),
(10594, 661, 16, 6.00),
(10595, 661, 17, 6.00),
(10596, 662, 11, 6.00),
(10597, 662, 10, 6.00),
(10598, 662, 12, 6.00),
(10599, 662, 9, 6.00),
(10600, 662, 13, 6.00),
(10601, 662, 15, 6.00),
(10602, 662, 16, 6.00),
(10603, 662, 17, 6.00),
(10604, 663, 11, 12.00),
(10605, 663, 10, 12.00),
(10606, 663, 12, 12.00),
(10607, 663, 9, 12.00),
(10608, 663, 13, 12.00),
(10609, 663, 15, 12.00),
(10610, 663, 16, 12.00),
(10611, 663, 17, 12.00),
(10612, 664, 11, 11.00),
(10613, 664, 10, 11.00),
(10614, 664, 12, 11.00),
(10615, 664, 9, 11.00),
(10616, 664, 13, 11.00),
(10617, 664, 15, 11.00),
(10618, 664, 16, 11.00),
(10619, 664, 17, 11.00),
(10620, 665, 11, 15.00),
(10621, 665, 10, 15.00),
(10622, 665, 12, 15.00),
(10623, 665, 9, 15.00),
(10624, 665, 13, 15.00),
(10625, 665, 15, 15.00),
(10626, 665, 16, 15.00),
(10627, 665, 17, 15.00),
(10628, 666, 11, 16.00),
(10629, 666, 10, 16.00),
(10630, 666, 12, 16.00),
(10631, 666, 9, 16.00),
(10632, 666, 13, 16.00),
(10633, 666, 15, 16.00),
(10634, 666, 16, 16.00),
(10635, 666, 17, 16.00),
(10636, 667, 11, 8.00),
(10637, 667, 10, 8.00),
(10638, 667, 12, 8.00),
(10639, 667, 9, 8.00),
(10640, 667, 13, 8.00),
(10641, 667, 15, 8.00),
(10642, 667, 16, 8.00),
(10643, 667, 17, 8.00),
(10644, 668, 11, 7.00),
(10645, 668, 10, 7.00),
(10646, 668, 12, 7.00),
(10647, 668, 9, 7.00),
(10648, 668, 13, 7.00),
(10649, 668, 15, 7.00),
(10650, 668, 16, 7.00),
(10651, 668, 17, 7.00),
(10652, 669, 11, 4.00),
(10653, 669, 10, 4.00),
(10654, 669, 12, 4.00),
(10655, 669, 9, 4.00),
(10656, 669, 13, 4.00),
(10657, 669, 15, 4.00),
(10658, 669, 16, 4.00),
(10659, 669, 17, 4.00),
(10660, 670, 11, 13.00),
(10661, 670, 10, 13.00),
(10662, 670, 12, 13.00),
(10663, 670, 9, 13.00),
(10664, 670, 13, 13.00),
(10665, 670, 15, 13.00),
(10666, 670, 16, 13.00),
(10667, 670, 17, 13.00),
(10668, 671, 11, 10.00),
(10669, 671, 10, 10.00),
(10670, 671, 12, 10.00),
(10671, 671, 9, 10.00),
(10672, 671, 13, 10.00),
(10673, 671, 15, 10.00),
(10674, 671, 16, 10.00),
(10675, 671, 17, 10.00),
(10676, 672, 11, 16.00),
(10677, 672, 10, 16.00),
(10678, 672, 12, 16.00),
(10679, 672, 9, 16.00),
(10680, 672, 13, 16.00),
(10681, 672, 15, 16.00),
(10682, 672, 16, 16.00),
(10683, 672, 17, 16.00),
(10684, 673, 11, 9.00),
(10685, 673, 10, 9.00),
(10686, 673, 12, 9.00),
(10687, 673, 9, 9.00),
(10688, 673, 13, 9.00),
(10689, 673, 15, 9.00),
(10690, 673, 16, 9.00),
(10691, 673, 17, 9.00),
(10692, 674, 11, 15.00),
(10693, 674, 10, 15.00),
(10694, 674, 12, 15.00),
(10695, 674, 9, 15.00),
(10696, 674, 13, 15.00),
(10697, 674, 15, 15.00),
(10698, 674, 16, 15.00),
(10699, 674, 17, 15.00),
(10700, 675, 11, 15.00),
(10701, 675, 10, 15.00),
(10702, 675, 12, 15.00),
(10703, 675, 9, 15.00),
(10704, 675, 13, 15.00),
(10705, 675, 15, 15.00),
(10706, 675, 16, 15.00),
(10707, 675, 17, 15.00),
(10708, 676, 11, 6.00),
(10709, 676, 10, 6.00),
(10710, 676, 12, 6.00),
(10711, 676, 9, 6.00),
(10712, 676, 13, 6.00),
(10713, 676, 15, 6.00),
(10714, 676, 16, 6.00),
(10715, 676, 17, 6.00),
(10716, 677, 11, 14.00),
(10717, 677, 10, 14.00),
(10718, 677, 12, 14.00),
(10719, 677, 9, 14.00),
(10720, 677, 13, 14.00),
(10721, 677, 15, 14.00),
(10722, 677, 16, 14.00),
(10723, 677, 17, 14.00),
(10724, 678, 11, 14.00),
(10725, 678, 10, 14.00),
(10726, 678, 12, 14.00),
(10727, 678, 9, 14.00),
(10728, 678, 13, 14.00),
(10729, 678, 15, 14.00),
(10730, 678, 16, 14.00),
(10731, 678, 17, 14.00),
(10732, 679, 11, 11.00),
(10733, 679, 10, 11.00),
(10734, 679, 12, 11.00),
(10735, 679, 9, 11.00),
(10736, 679, 13, 11.00),
(10737, 679, 15, 11.00),
(10738, 679, 16, 11.00),
(10739, 679, 17, 11.00),
(10740, 680, 11, 10.00),
(10741, 680, 10, 10.00),
(10742, 680, 12, 10.00),
(10743, 680, 9, 10.00),
(10744, 680, 13, 10.00),
(10745, 680, 15, 10.00),
(10746, 680, 16, 10.00),
(10747, 680, 17, 10.00),
(10748, 681, 11, 6.00),
(10749, 681, 10, 6.00),
(10750, 681, 12, 6.00),
(10751, 681, 9, 6.00),
(10752, 681, 13, 6.00),
(10753, 681, 15, 6.00),
(10754, 681, 16, 6.00),
(10755, 681, 17, 6.00),
(10756, 682, 11, 8.00),
(10757, 682, 10, 8.00),
(10758, 682, 12, 8.00),
(10759, 682, 9, 8.00),
(10760, 682, 13, 8.00),
(10761, 682, 15, 8.00),
(10762, 682, 16, 8.00),
(10763, 682, 17, 8.00),
(10766, 685, 9, 11.00),
(10767, 686, 9, 13.00),
(10768, 687, 9, 13.00),
(10769, 688, 9, 8.00),
(10770, 689, 9, 6.00),
(10771, 690, 11, 16.00),
(10772, 690, 10, 16.00),
(10773, 690, 12, 16.00),
(10774, 690, 9, 16.00),
(10775, 690, 13, 16.00),
(10776, 690, 15, 16.00),
(10777, 690, 16, 16.00),
(10778, 690, 17, 16.00),
(10779, 691, 11, 13.00),
(10780, 691, 10, 13.00),
(10781, 691, 12, 13.00),
(10782, 691, 9, 13.00),
(10783, 691, 13, 13.00),
(10784, 691, 15, 13.00),
(10785, 691, 16, 13.00),
(10786, 691, 17, 13.00),
(10787, 692, 11, 9.00),
(10788, 692, 10, 9.00);
INSERT INTO `distribution_items` (`id`, `distribution_id`, `material_id`, `qty`) VALUES
(10789, 692, 12, 9.00),
(10790, 692, 9, 9.00),
(10791, 692, 13, 9.00),
(10792, 692, 15, 9.00),
(10793, 692, 16, 9.00),
(10794, 692, 17, 9.00),
(10795, 693, 11, 14.00),
(10796, 693, 10, 14.00),
(10797, 693, 12, 14.00),
(10798, 693, 9, 14.00),
(10799, 693, 13, 14.00),
(10800, 693, 15, 14.00),
(10801, 693, 16, 14.00),
(10802, 693, 17, 14.00),
(10803, 694, 11, 10.00),
(10804, 694, 10, 10.00),
(10805, 694, 12, 10.00),
(10806, 694, 9, 10.00),
(10807, 694, 13, 10.00),
(10808, 694, 15, 10.00),
(10809, 694, 16, 10.00),
(10810, 694, 17, 10.00),
(10811, 695, 11, 12.00),
(10812, 695, 10, 12.00),
(10813, 695, 12, 12.00),
(10814, 695, 9, 12.00),
(10815, 695, 13, 12.00),
(10816, 695, 15, 12.00),
(10817, 695, 16, 12.00),
(10818, 695, 17, 12.00),
(10819, 696, 11, 12.00),
(10820, 696, 10, 12.00),
(10821, 696, 12, 12.00),
(10822, 696, 9, 12.00),
(10823, 696, 13, 12.00),
(10824, 696, 15, 12.00),
(10825, 696, 16, 12.00),
(10826, 696, 17, 12.00),
(10827, 697, 11, 12.00),
(10828, 697, 10, 12.00),
(10829, 697, 12, 12.00),
(10830, 697, 9, 12.00),
(10831, 697, 13, 12.00),
(10832, 697, 15, 12.00),
(10833, 697, 16, 12.00),
(10834, 697, 17, 12.00),
(10835, 1, 1, 1.00),
(10836, 1, 2, 1.00),
(10837, 1, 3, 1.00),
(10838, 1, 4, 1.00),
(10839, 1, 5, 1.00),
(10840, 1, 9, 1.00),
(10841, 1, 10, 1.00),
(10842, 1, 11, 1.00),
(10843, 1, 12, 1.00),
(10844, 1, 13, 1.00),
(10845, 1, 15, 1.00),
(10846, 1, 16, 1.00),
(10847, 1, 17, 1.00),
(10848, 4, 1, 1.00),
(10849, 4, 2, 1.00),
(10850, 4, 3, 1.00),
(10851, 4, 4, 1.00),
(10852, 4, 5, 1.00),
(10853, 4, 8, 1.00),
(10854, 4, 9, 1.00),
(10855, 4, 10, 1.00),
(10856, 4, 11, 1.00),
(10857, 4, 12, 1.00),
(10858, 4, 13, 1.00),
(10859, 4, 15, 1.00),
(10860, 4, 16, 1.00),
(10861, 4, 17, 1.00),
(10862, 6, 1, 1.00),
(10863, 6, 2, 1.00),
(10864, 6, 3, 1.00),
(10865, 6, 4, 1.00),
(10866, 6, 5, 1.00),
(10867, 6, 8, 1.00),
(10868, 6, 9, 1.00),
(10869, 6, 10, 1.00),
(10870, 6, 11, 1.00),
(10871, 6, 12, 1.00),
(10872, 6, 13, 1.00),
(10873, 6, 15, 1.00),
(10874, 6, 16, 1.00),
(10875, 6, 17, 1.00),
(10876, 7, 1, 1.00),
(10877, 7, 2, 1.00),
(10878, 7, 3, 1.00),
(10879, 7, 4, 1.00),
(10880, 7, 5, 1.00),
(10881, 7, 8, 1.00),
(10882, 7, 9, 1.00),
(10883, 7, 10, 1.00),
(10884, 7, 11, 1.00),
(10885, 7, 12, 1.00),
(10886, 7, 13, 1.00),
(10887, 7, 15, 1.00),
(10888, 7, 16, 1.00),
(10889, 7, 17, 1.00),
(10906, 515, 1, 1.00),
(10907, 515, 2, 1.00),
(10908, 515, 3, 1.00),
(10909, 515, 4, 1.00),
(10910, 515, 5, 1.00),
(10911, 515, 8, 1.00),
(10912, 516, 1, 1.00),
(10913, 516, 3, 1.00),
(10914, 516, 4, 1.00),
(10915, 516, 5, 1.00),
(10924, 698, 9, 9.00),
(10925, 698, 10, 9.00),
(10926, 698, 11, 9.00),
(10927, 698, 12, 9.00),
(10928, 698, 13, 9.00),
(10929, 698, 15, 9.00),
(10930, 698, 16, 9.00),
(10931, 698, 17, 9.00),
(10932, 518, 1, 1.00),
(10933, 518, 2, 1.00),
(10934, 518, 3, 1.00),
(10935, 518, 4, 1.00),
(10936, 518, 5, 1.00),
(10937, 518, 8, 1.00),
(10966, 117, 1, 1.00),
(10967, 117, 2, 1.00),
(10968, 117, 3, 1.00),
(10969, 117, 4, 1.00),
(10970, 117, 5, 1.00),
(10971, 117, 8, 1.00),
(10972, 117, 9, 1.00),
(10973, 117, 10, 1.00),
(10974, 117, 11, 1.00),
(10975, 117, 12, 1.00),
(10976, 117, 13, 1.00),
(10977, 117, 15, 1.00),
(10978, 117, 16, 1.00),
(10979, 117, 17, 1.00),
(10981, 175, 1, 1.00),
(10982, 175, 2, 1.00),
(10983, 175, 3, 1.00),
(10984, 175, 4, 1.00),
(10985, 175, 5, 1.00),
(10986, 175, 8, 1.00),
(10987, 175, 9, 1.00),
(10988, 175, 10, 1.00),
(10989, 175, 11, 1.00),
(10990, 175, 12, 1.00),
(10991, 175, 13, 1.00),
(10992, 175, 15, 1.00),
(10993, 175, 16, 1.00),
(10994, 175, 17, 1.00),
(10995, 176, 1, 1.00),
(10996, 176, 2, 1.00),
(10997, 176, 3, 1.00),
(10998, 176, 4, 1.00),
(10999, 176, 5, 1.00),
(11000, 176, 9, 1.00),
(11001, 176, 10, 1.00),
(11002, 176, 11, 1.00),
(11003, 176, 12, 1.00),
(11004, 176, 13, 1.00),
(11005, 176, 15, 1.00),
(11006, 176, 16, 1.00),
(11007, 176, 17, 1.00),
(11008, 177, 1, 1.00),
(11009, 177, 2, 1.00),
(11010, 177, 3, 1.00),
(11011, 177, 4, 1.00),
(11012, 177, 5, 1.00),
(11013, 177, 9, 1.00),
(11014, 177, 10, 1.00),
(11015, 177, 11, 1.00),
(11016, 177, 12, 1.00),
(11017, 177, 13, 1.00),
(11018, 177, 15, 1.00),
(11019, 177, 16, 1.00),
(11020, 177, 17, 1.00),
(11022, 630, 10, 6.00),
(11023, 630, 11, 6.00),
(11024, 630, 12, 6.00),
(11025, 630, 13, 6.00),
(11026, 630, 15, 6.00),
(11027, 630, 16, 6.00),
(11028, 630, 17, 6.00),
(11029, 699, 11, 14.00),
(11030, 699, 10, 14.00),
(11031, 699, 12, 14.00),
(11032, 699, 9, 14.00),
(11033, 699, 13, 14.00),
(11034, 699, 15, 14.00),
(11035, 699, 16, 14.00),
(11036, 699, 17, 14.00),
(11037, 700, 11, 5.00),
(11038, 700, 10, 5.00),
(11039, 700, 12, 5.00),
(11040, 700, 9, 5.00),
(11041, 700, 13, 5.00),
(11042, 700, 15, 5.00),
(11043, 700, 16, 5.00),
(11044, 700, 17, 5.00),
(11045, 701, 11, 12.00),
(11046, 701, 10, 12.00),
(11047, 701, 12, 12.00),
(11048, 701, 9, 12.00),
(11049, 701, 13, 12.00),
(11050, 701, 15, 12.00),
(11051, 701, 16, 12.00),
(11052, 701, 17, 12.00),
(11053, 99, 1, 1.00),
(11054, 99, 2, 1.00),
(11055, 99, 3, 1.00),
(11056, 99, 4, 1.00),
(11057, 99, 5, 1.00),
(11058, 99, 8, 1.00),
(11059, 99, 9, 1.00),
(11060, 99, 10, 1.00),
(11061, 99, 11, 1.00),
(11062, 99, 12, 1.00),
(11063, 99, 13, 1.00),
(11064, 99, 15, 1.00),
(11065, 99, 16, 1.00),
(11066, 99, 17, 1.00),
(11080, 38, 1, 1.00),
(11081, 38, 2, 1.00),
(11082, 38, 3, 1.00),
(11083, 38, 4, 1.00),
(11084, 38, 5, 1.00),
(11085, 38, 8, 1.00),
(11086, 38, 9, 1.00),
(11087, 38, 10, 1.00),
(11088, 38, 11, 1.00),
(11089, 38, 12, 1.00),
(11090, 38, 13, 1.00),
(11091, 38, 15, 1.00),
(11092, 38, 16, 1.00),
(11093, 38, 17, 1.00),
(11094, 83, 1, 1.00),
(11095, 83, 2, 1.00),
(11096, 83, 3, 1.00),
(11097, 83, 4, 1.00),
(11098, 83, 5, 1.00),
(11099, 83, 8, 1.00),
(11100, 83, 9, 1.00),
(11101, 83, 10, 1.00),
(11102, 83, 11, 1.00),
(11103, 83, 12, 1.00),
(11104, 83, 13, 1.00),
(11105, 83, 15, 1.00),
(11106, 83, 16, 1.00),
(11107, 83, 17, 1.00),
(11108, 126, 1, 1.00),
(11109, 126, 2, 1.00),
(11110, 126, 3, 1.00),
(11111, 126, 4, 1.00),
(11112, 126, 5, 1.00),
(11113, 126, 8, 1.00),
(11114, 126, 9, 1.00),
(11115, 126, 10, 1.00),
(11116, 126, 11, 1.00),
(11117, 126, 12, 1.00),
(11118, 126, 13, 1.00),
(11119, 126, 15, 1.00),
(11120, 126, 16, 1.00),
(11121, 126, 17, 1.00),
(11122, 207, 1, 1.00),
(11123, 207, 2, 1.00),
(11124, 207, 3, 1.00),
(11125, 207, 4, 1.00),
(11126, 207, 5, 1.00),
(11127, 207, 9, 1.00),
(11128, 207, 10, 1.00),
(11129, 207, 11, 1.00),
(11130, 207, 12, 1.00),
(11131, 207, 13, 1.00),
(11132, 207, 15, 1.00),
(11133, 207, 16, 1.00),
(11134, 207, 17, 1.00),
(11135, 702, 1, 1.00),
(11136, 702, 2, 1.00),
(11137, 702, 3, 1.00),
(11138, 702, 4, 1.00),
(11139, 702, 5, 1.00),
(11140, 702, 8, 1.00),
(11141, 702, 9, 1.00),
(11142, 702, 10, 1.00),
(11143, 702, 11, 1.00),
(11144, 702, 12, 1.00),
(11145, 702, 13, 1.00),
(11146, 702, 15, 1.00),
(11147, 702, 16, 1.00),
(11148, 702, 17, 1.00),
(11149, 703, 1, 1.00),
(11150, 703, 2, 1.00),
(11151, 703, 3, 1.00),
(11152, 703, 4, 1.00),
(11153, 703, 5, 1.00),
(11154, 703, 9, 1.00),
(11155, 703, 10, 1.00),
(11156, 703, 11, 1.00),
(11157, 703, 12, 1.00),
(11158, 703, 13, 1.00),
(11159, 703, 15, 1.00),
(11160, 703, 16, 1.00),
(11161, 703, 17, 1.00),
(11162, 704, 1, 1.00),
(11163, 704, 2, 1.00),
(11164, 704, 3, 1.00),
(11165, 704, 4, 1.00),
(11166, 704, 5, 1.00),
(11167, 704, 8, 1.00),
(11168, 704, 9, 1.00),
(11169, 704, 10, 1.00),
(11170, 704, 11, 1.00),
(11171, 704, 12, 1.00),
(11172, 704, 13, 1.00),
(11173, 704, 15, 1.00),
(11174, 704, 16, 1.00),
(11175, 704, 17, 1.00),
(11176, 705, 1, 1.00),
(11177, 705, 2, 1.00),
(11178, 705, 3, 1.00),
(11179, 705, 4, 1.00),
(11180, 705, 5, 1.00),
(11181, 705, 8, 1.00),
(11182, 705, 9, 1.00),
(11183, 705, 10, 1.00),
(11184, 705, 11, 1.00),
(11185, 705, 12, 1.00),
(11186, 705, 13, 1.00),
(11187, 705, 15, 1.00),
(11188, 705, 16, 1.00),
(11189, 705, 17, 1.00),
(11206, 706, 9, 12.00),
(11207, 706, 10, 12.00),
(11208, 706, 11, 12.00),
(11209, 706, 12, 12.00),
(11210, 706, 13, 12.00),
(11211, 706, 15, 12.00),
(11212, 706, 16, 12.00),
(11213, 706, 17, 12.00);

-- --------------------------------------------------------

--
-- Table structure for table `financial_accounts`
--

CREATE TABLE `financial_accounts` (
  `id` int NOT NULL,
  `name` varchar(255) CHARACTER SET utf8mb4 COLLATE utf8mb4_persian_ci NOT NULL,
  `type` enum('cash','expense','supporter','supplier') CHARACTER SET utf8mb4 COLLATE utf8mb4_persian_ci NOT NULL,
  `office_id` int NOT NULL,
  `description` varchar(500) CHARACTER SET utf8mb4 COLLATE utf8mb4_persian_ci DEFAULT NULL,
  `status` enum('active','inactive') CHARACTER SET utf8mb4 COLLATE utf8mb4_persian_ci DEFAULT 'active',
  `created_date` date NOT NULL,
  `created_at` timestamp NULL DEFAULT CURRENT_TIMESTAMP,
  `updated_at` timestamp NULL DEFAULT CURRENT_TIMESTAMP ON UPDATE CURRENT_TIMESTAMP
) ENGINE=InnoDB DEFAULT CHARSET=utf8mb4 COLLATE=utf8mb4_persian_ci;

--
-- Dumping data for table `financial_accounts`
--

INSERT INTO `financial_accounts` (`id`, `name`, `type`, `office_id`, `description`, `status`, `created_date`, `created_at`, `updated_at`) VALUES
(1, 'صندوق نقدی دفتر مزار', 'cash', 1, '', 'active', '2025-12-30', '2026-04-19 11:50:38', '2026-04-19 11:50:38'),
(2, 'دفتر مرکزی بشیر نوید', 'supporter', 1, '', 'active', '2026-04-06', '2026-04-28 09:48:33', '2026-04-29 10:06:14'),
(3, 'نسیم امینی درملتون', 'supplier', 1, '', 'active', '2026-05-18', '2026-05-18 10:37:21', '2026-05-18 10:37:21'),
(4, 'ذبیح الله واعظی درملتون', 'supplier', 1, '', 'active', '2026-05-18', '2026-05-18 10:51:17', '2026-05-18 10:51:17'),
(5, 'خوراکه فروشی نعمت الله - ظروف یکبار مصرف فروشی نصیر کمال زاده و لبنیات پاکیزه', 'supplier', 1, '', 'active', '2026-06-17', '2026-06-17 09:57:02', '2026-06-17 09:57:02'),
(6, 'کریم برگر', 'supplier', 1, '', 'active', '2026-06-17', '2026-06-17 10:33:24', '2026-06-17 10:33:24');

-- --------------------------------------------------------

--
-- Table structure for table `financial_transactions`
--

CREATE TABLE `financial_transactions` (
  `id` int NOT NULL,
  `from_account_id` int NOT NULL,
  `to_account_id` int NOT NULL,
  `transaction_date` date NOT NULL,
  `currency_id` int NOT NULL DEFAULT '1',
  `amount` decimal(12,2) NOT NULL DEFAULT '0.00',
  `description` varchar(500) CHARACTER SET utf8mb4 COLLATE utf8mb4_persian_ci DEFAULT NULL,
  `status` enum('pending','presidential_approved','verified','final') COLLATE utf8mb4_persian_ci DEFAULT 'pending',
  `approver_id` int DEFAULT NULL,
  `presidential_approver_id` int DEFAULT NULL,
  `approval_date` timestamp NULL DEFAULT NULL,
  `presidential_approval_date` datetime DEFAULT NULL,
  `final_approver_id` int DEFAULT NULL,
  `final_approval_date` datetime DEFAULT NULL,
  `created_at` timestamp NULL DEFAULT CURRENT_TIMESTAMP,
  `updated_at` timestamp NULL DEFAULT CURRENT_TIMESTAMP ON UPDATE CURRENT_TIMESTAMP
) ENGINE=InnoDB DEFAULT CHARSET=utf8mb4 COLLATE=utf8mb4_persian_ci;

--
-- Dumping data for table `financial_transactions`
--

INSERT INTO `financial_transactions` (`id`, `from_account_id`, `to_account_id`, `transaction_date`, `currency_id`, `amount`, `description`, `status`, `approver_id`, `presidential_approver_id`, `approval_date`, `presidential_approval_date`, `final_approver_id`, `final_approval_date`, `created_at`, `updated_at`) VALUES
(1, 2, 1, '2026-05-07', 1, 200000.00, '', 'final', NULL, 1, NULL, '2026-05-18 14:59:41', 1, '2026-05-18 15:00:03', '2026-04-28 09:49:01', '2026-05-18 10:30:03');

-- --------------------------------------------------------

--
-- Table structure for table `materials`
--

CREATE TABLE `materials` (
  `id` int NOT NULL,
  `name` varchar(255) CHARACTER SET utf8mb4 COLLATE utf8mb4_persian_ci NOT NULL,
  `unit` varchar(50) CHARACTER SET utf8mb4 COLLATE utf8mb4_persian_ci NOT NULL,
  `category_id` int NOT NULL,
  `distribution_type` tinyint(1) NOT NULL DEFAULT '0'
) ENGINE=InnoDB DEFAULT CHARSET=utf8mb4 COLLATE=utf8mb4_persian_ci;

--
-- Dumping data for table `materials`
--

INSERT INTO `materials` (`id`, `name`, `unit`, `category_id`, `distribution_type`) VALUES
(1, 'BTL', 'بسته', 1, 0),
(2, 'Dialyzer', 'بسته', 1, 0),
(3, 'Apart', 'بسته', 1, 0),
(4, 'Bebag', 'بسته', 1, 0),
(5, 'Serum', 'بسته', 1, 0),
(7, 'Catitar', 'بسته', 4, 0),
(8, 'Nedal', 'بسته', 3, 0),
(9, 'شورمه پرهیزانه ', 'دانه', 2, 1),
(10, 'بیسکویت', 'دانه', 2, 1),
(11, 'جوس', 'دانه', 2, 1),
(12, 'آب معدنی', 'بوتل', 2, 1),
(13, 'ماست', 'قوطی', 2, 1),
(15, 'پارسل یک کیلو', 'دانه', 2, 1),
(16, 'پارسل نیم کیلو', 'دانه', 2, 1),
(17, 'قاشق یکبار مصرف', 'دانه', 2, 1);

-- --------------------------------------------------------

--
-- Table structure for table `material_categories`
--

CREATE TABLE `material_categories` (
  `id` int NOT NULL,
  `name` varchar(255) CHARACTER SET utf8mb4 COLLATE utf8mb4_persian_ci NOT NULL,
  `description` varchar(500) CHARACTER SET utf8mb4 COLLATE utf8mb4_persian_ci DEFAULT NULL,
  `created_at` timestamp NULL DEFAULT CURRENT_TIMESTAMP
) ENGINE=InnoDB DEFAULT CHARSET=utf8mb4 COLLATE=utf8mb4_persian_ci;

--
-- Dumping data for table `material_categories`
--

INSERT INTO `material_categories` (`id`, `name`, `description`, `created_at`) VALUES
(1, 'کیت دیالیز', 'شامل پنج نوع مواد ', '2026-03-09 21:07:24'),
(2, 'مواد غذایی', 'شامل ( جوس، بیسکویت، آب معدنی، ماست و شورمه پرهیزانه', '2026-03-09 21:08:00'),
(3, 'نیدل', 'شامل سوزن', '2026-03-09 21:08:44'),
(4, 'کتیتر', 'شامل کتیتر', '2026-05-03 11:16:21');

-- --------------------------------------------------------

--
-- Table structure for table `material_handovers`
--

CREATE TABLE `material_handovers` (
  `id` int NOT NULL,
  `handover_date` date NOT NULL,
  `warehouse_id` int NOT NULL,
  `giver_user_id` int NOT NULL,
  `receiver_user_id` int NOT NULL,
  `created_by` int DEFAULT NULL,
  `giver_confirmed_by` int DEFAULT NULL,
  `giver_confirmed_at` datetime DEFAULT NULL,
  `receiver_confirmed_by` int DEFAULT NULL,
  `receiver_confirmed_at` datetime DEFAULT NULL,
  `created_at` timestamp NULL DEFAULT CURRENT_TIMESTAMP,
  `updated_at` timestamp NULL DEFAULT CURRENT_TIMESTAMP ON UPDATE CURRENT_TIMESTAMP,
  `office_id` int NOT NULL
) ENGINE=InnoDB DEFAULT CHARSET=utf8mb4 COLLATE=utf8mb4_persian_ci;

--
-- Dumping data for table `material_handovers`
--

INSERT INTO `material_handovers` (`id`, `handover_date`, `warehouse_id`, `giver_user_id`, `receiver_user_id`, `created_by`, `giver_confirmed_by`, `giver_confirmed_at`, `receiver_confirmed_by`, `receiver_confirmed_at`, `created_at`, `updated_at`, `office_id`) VALUES
(5, '2026-02-05', 1, 6, 5, 5, 6, '2026-05-21 14:07:21', 5, '2026-05-20 14:54:32', '2026-05-20 10:24:06', '2026-05-21 09:37:21', 1),
(6, '2026-02-07', 1, 6, 5, 5, 6, '2026-05-21 14:07:28', 5, '2026-05-20 15:04:03', '2026-05-20 10:28:05', '2026-05-21 09:37:28', 1),
(7, '2026-02-25', 1, 6, 5, 5, 6, '2026-05-21 14:07:38', 5, '2026-05-20 15:37:53', '2026-05-20 11:03:25', '2026-05-21 09:37:38', 1),
(8, '2026-02-28', 1, 6, 5, 5, 6, '2026-05-21 14:07:45', 5, '2026-05-20 15:37:51', '2026-05-20 11:06:37', '2026-05-21 09:37:45', 1),
(9, '2026-02-28', 1, 6, 5, 5, 6, '2026-05-21 14:07:50', 5, '2026-05-20 16:01:20', '2026-05-20 11:31:12', '2026-05-21 09:37:50', 1),
(10, '2026-04-13', 1, 6, 5, 5, 6, '2026-05-21 14:07:55', 5, '2026-05-20 16:13:34', '2026-05-20 11:39:13', '2026-05-21 09:37:55', 1),
(11, '2026-04-26', 1, 6, 5, 5, 6, '2026-05-21 14:02:09', 5, '2026-05-20 16:13:35', '2026-05-20 11:40:52', '2026-05-21 09:32:09', 1),
(12, '2026-04-27', 1, 6, 5, 5, 6, '2026-05-21 14:02:15', 5, '2026-05-20 16:13:37', '2026-05-20 11:42:22', '2026-05-21 09:32:15', 1),
(13, '2026-05-12', 1, 6, 5, 5, 6, '2026-05-21 14:02:25', 5, '2026-05-20 16:13:38', '2026-05-20 11:43:25', '2026-05-21 09:32:25', 1),
(14, '2026-05-31', 1, 6, 5, 5, 6, '2026-06-14 14:54:36', 5, '2026-06-01 15:53:12', '2026-06-01 11:22:17', '2026-06-14 10:24:36', 1),
(15, '2026-06-13', 1, 6, 5, 5, 6, '2026-06-14 14:54:40', 5, '2026-06-14 13:25:31', '2026-06-14 08:55:27', '2026-06-14 10:24:40', 1);

-- --------------------------------------------------------

--
-- Table structure for table `material_handover_items`
--

CREATE TABLE `material_handover_items` (
  `id` int NOT NULL,
  `handover_id` int NOT NULL,
  `material_id` int NOT NULL,
  `qty` decimal(10,2) NOT NULL DEFAULT '0.00',
  `created_at` timestamp NULL DEFAULT CURRENT_TIMESTAMP
) ENGINE=InnoDB DEFAULT CHARSET=utf8mb4 COLLATE=utf8mb4_persian_ci;

--
-- Dumping data for table `material_handover_items`
--

INSERT INTO `material_handover_items` (`id`, `handover_id`, `material_id`, `qty`, `created_at`) VALUES
(32, 1, 11, 384.00, '2026-04-28 09:54:12'),
(33, 1, 10, 390.00, '2026-04-28 09:54:12'),
(34, 1, 11, 400.00, '2026-04-28 09:54:12'),
(35, 1, 12, 396.00, '2026-04-28 09:54:12'),
(37, 2, 2, 30.00, '2026-05-18 11:10:48'),
(38, 2, 3, 30.00, '2026-05-18 11:10:48'),
(39, 2, 4, 30.00, '2026-05-18 11:10:48'),
(40, 2, 5, 30.00, '2026-05-18 11:10:48'),
(41, 2, 8, 15.00, '2026-05-18 11:10:48'),
(44, 4, 2, 30.00, '2026-05-20 08:47:48'),
(45, 4, 3, 30.00, '2026-05-20 08:47:48'),
(46, 4, 4, 30.00, '2026-05-20 08:47:48'),
(47, 4, 5, 30.00, '2026-05-20 08:47:48'),
(48, 4, 8, 15.00, '2026-05-20 08:47:48'),
(49, 4, 7, 5.00, '2026-05-20 08:47:48'),
(50, 5, 1, 30.00, '2026-05-20 10:24:06'),
(51, 5, 2, 30.00, '2026-05-20 10:24:06'),
(52, 5, 3, 30.00, '2026-05-20 10:24:06'),
(53, 5, 4, 30.00, '2026-05-20 10:24:06'),
(54, 5, 5, 30.00, '2026-05-20 10:24:06'),
(55, 5, 8, 15.00, '2026-05-20 10:24:06'),
(56, 6, 1, 20.00, '2026-05-20 10:28:05'),
(57, 6, 2, 20.00, '2026-05-20 10:28:05'),
(58, 6, 3, 20.00, '2026-05-20 10:28:05'),
(59, 6, 4, 20.00, '2026-05-20 10:28:05'),
(60, 6, 5, 20.00, '2026-05-20 10:28:05'),
(61, 6, 8, 10.00, '2026-05-20 10:28:05'),
(62, 6, 7, 5.00, '2026-05-20 10:28:05'),
(63, 7, 1, 7.00, '2026-05-20 11:03:25'),
(64, 7, 2, 7.00, '2026-05-20 11:03:25'),
(65, 7, 3, 7.00, '2026-05-20 11:03:25'),
(66, 7, 4, 7.00, '2026-05-20 11:03:25'),
(67, 7, 5, 7.00, '2026-05-20 11:03:25'),
(68, 7, 8, 7.00, '2026-05-20 11:03:25'),
(69, 8, 1, 100.00, '2026-05-20 11:06:37'),
(70, 8, 2, 100.00, '2026-05-20 11:06:37'),
(71, 8, 3, 100.00, '2026-05-20 11:06:37'),
(72, 8, 4, 100.00, '2026-05-20 11:06:37'),
(73, 8, 5, 100.00, '2026-05-20 11:06:37'),
(74, 8, 8, 100.00, '2026-05-20 11:06:37'),
(75, 9, 7, 5.00, '2026-05-20 11:31:12'),
(76, 10, 1, 50.00, '2026-05-20 11:39:13'),
(77, 10, 2, 50.00, '2026-05-20 11:39:13'),
(78, 10, 3, 50.00, '2026-05-20 11:39:13'),
(79, 10, 4, 50.00, '2026-05-20 11:39:13'),
(80, 10, 5, 50.00, '2026-05-20 11:39:13'),
(81, 10, 8, 50.00, '2026-05-20 11:39:13'),
(82, 11, 1, 20.00, '2026-05-20 11:40:52'),
(83, 11, 2, 20.00, '2026-05-20 11:40:52'),
(84, 11, 3, 20.00, '2026-05-20 11:40:52'),
(85, 11, 4, 20.00, '2026-05-20 11:40:52'),
(86, 11, 5, 20.00, '2026-05-20 11:40:52'),
(87, 12, 1, 40.00, '2026-05-20 11:42:22'),
(88, 12, 2, 40.00, '2026-05-20 11:42:22'),
(89, 12, 3, 40.00, '2026-05-20 11:42:22'),
(90, 12, 4, 40.00, '2026-05-20 11:42:22'),
(91, 12, 5, 40.00, '2026-05-20 11:42:22'),
(92, 13, 1, 40.00, '2026-05-20 11:43:25'),
(93, 13, 2, 40.00, '2026-05-20 11:43:25'),
(94, 13, 3, 40.00, '2026-05-20 11:43:25'),
(95, 13, 4, 40.00, '2026-05-20 11:43:25'),
(96, 13, 5, 40.00, '2026-05-20 11:43:25'),
(97, 14, 1, 50.00, '2026-06-01 11:22:17'),
(98, 14, 2, 50.00, '2026-06-01 11:22:17'),
(99, 14, 3, 50.00, '2026-06-01 11:22:17'),
(100, 14, 4, 50.00, '2026-06-01 11:22:17'),
(101, 14, 5, 50.00, '2026-06-01 11:22:17'),
(102, 15, 2, 40.00, '2026-06-14 08:55:27'),
(103, 15, 1, 40.00, '2026-06-14 08:55:27'),
(104, 15, 3, 40.00, '2026-06-14 08:55:27'),
(105, 15, 5, 40.00, '2026-06-14 08:55:27'),
(106, 15, 4, 40.00, '2026-06-14 08:55:27'),
(107, 15, 8, 50.00, '2026-06-14 08:55:27');

-- --------------------------------------------------------

--
-- Table structure for table `material_offices`
--

CREATE TABLE `material_offices` (
  `material_id` int NOT NULL,
  `office_id` int NOT NULL
) ENGINE=InnoDB DEFAULT CHARSET=utf8mb4 COLLATE=utf8mb4_persian_ci;

--
-- Dumping data for table `material_offices`
--

INSERT INTO `material_offices` (`material_id`, `office_id`) VALUES
(1, 1),
(2, 1),
(2, 2),
(3, 1),
(3, 2),
(4, 1),
(4, 2),
(5, 1),
(5, 2),
(7, 1),
(7, 2),
(8, 1),
(8, 2),
(9, 1),
(10, 1),
(10, 2),
(11, 1),
(11, 2),
(12, 1),
(12, 2),
(13, 1),
(15, 1),
(16, 1),
(17, 1);

-- --------------------------------------------------------

--
-- Table structure for table `offices`
--

CREATE TABLE `offices` (
  `id` int NOT NULL,
  `name` varchar(255) CHARACTER SET utf8mb4 COLLATE utf8mb4_persian_ci NOT NULL,
  `code` varchar(50) CHARACTER SET utf8mb4 COLLATE utf8mb4_persian_ci NOT NULL,
  `location` varchar(255) CHARACTER SET utf8mb4 COLLATE utf8mb4_persian_ci DEFAULT NULL,
  `created_at` timestamp NULL DEFAULT CURRENT_TIMESTAMP
) ENGINE=InnoDB DEFAULT CHARSET=utf8mb4 COLLATE=utf8mb4_persian_ci;

--
-- Dumping data for table `offices`
--

INSERT INTO `offices` (`id`, `name`, `code`, `location`, `created_at`) VALUES
(1, 'دفتر مزار شریف', 'MZR', 'چهار راهی برکت', '2026-03-09 18:03:58'),
(2, 'دفتر پروان', 'PRW', 'آدرس دفتر', '2026-03-09 19:40:45');

-- --------------------------------------------------------

--
-- Table structure for table `patients`
--

CREATE TABLE `patients` (
  `id` int NOT NULL,
  `full_name` varchar(100) DEFAULT NULL,
  `father_name` varchar(100) DEFAULT NULL,
  `tazkira_no` varchar(50) DEFAULT NULL,
  `phone` varchar(20) DEFAULT NULL,
  `address` text,
  `gender` enum('مرد','زن') DEFAULT NULL,
  `status` enum('فعال','غیرفعال') DEFAULT 'فعال',
  `deactivation_reason` varchar(100) DEFAULT NULL,
  `deactivation_date` date DEFAULT NULL,
  `profile_image` varchar(255) DEFAULT NULL,
  `wakil_document` varchar(255) DEFAULT NULL,
  `tazkira_copy` varchar(255) DEFAULT NULL,
  `active_credits` int DEFAULT '0',
  `main_credits` int NOT NULL DEFAULT '0',
  `reg_date` timestamp NOT NULL DEFAULT CURRENT_TIMESTAMP,
  `off_id` int NOT NULL DEFAULT '1',
  `action_name` text NOT NULL
) ENGINE=InnoDB DEFAULT CHARSET=utf8mb4 COLLATE=utf8mb4_0900_ai_ci;

--
-- Dumping data for table `patients`
--

INSERT INTO `patients` (`id`, `full_name`, `father_name`, `tazkira_no`, `phone`, `address`, `gender`, `status`, `deactivation_reason`, `deactivation_date`, `profile_image`, `wakil_document`, `tazkira_copy`, `active_credits`, `main_credits`, `reg_date`, `off_id`, `action_name`) VALUES
(1, 'فیروزه', 'زازی', '7496601', '0771272061', 'خراسان', 'مرد', 'فعال', NULL, NULL, 'upfiles/profile/10.jpeg', 'upfiles/inquery/10.jpeg', 'upfiles/tazkira/10.jpeg', 3, 8, '2026-02-11 09:46:08', 1, 'بصیره حکیمی'),
(2, 'زرغونه', 'نیک محمد', '23476290', '0781649671', 'گذر قلندر شاه', 'مرد', 'فعال', NULL, NULL, 'upfiles/profile/16.jpeg', NULL, 'upfiles/tazkira/16.jpeg', 3, 8, '2026-02-11 09:47:57', 1, 'بصیره حکیمی'),
(3, 'محمد ظاهر', 'بهرالدین', '22595884', '0731508056', 'ولسوالی خانقاد', 'مرد', 'غیرفعال', 'غیر حاضری', '2026-05-21', 'upfiles/profile/17.jpeg', NULL, 'upfiles/tazkira/17.jpeg', 1, 4, '2026-02-11 09:48:42', 1, 'آرین ادیب'),
(4, 'غلام فاروق', 'غلام حسین', '44578', '0796926105', 'ولسوالی دهدادی', 'مرد', 'فعال', NULL, NULL, 'upfiles/profile/20.jpeg', 'upfiles/inquery/20.jpeg', 'upfiles/tazkira/20.jpeg', 2, 8, '2026-02-11 09:49:18', 1, 'آرین ادیب'),
(5, 'رحمت الله', 'قادر', '65970', '0790755007', 'شیر آباد', 'مرد', 'غیرفعال', 'وفات', '2026-05-21', 'upfiles/profile/21.jpeg', 'upfiles/inquery/21.jpeg', 'upfiles/tazkira/21.jpeg', 3, 8, '2026-02-11 09:50:16', 1, 'آرین ادیب'),
(6, 'قمرگل', 'نور محمد', '4600352', '0783430302', 'ولسوالی آقچه', 'زن', 'فعال', NULL, NULL, 'upfiles/profile/22.jpeg', 'upfiles/inquery/22.jpg', 'upfiles/tazkira/22.jpg', 1, 4, '2026-02-11 09:53:10', 1, 'آرین ادیب'),
(7, 'عتیق الله', 'محمد الله', '38275911', '0786967675', 'ولایت بلخ', 'مرد', 'غیرفعال', 'وفات', '2026-05-21', 'upfiles/profile/24.jpeg', 'upfiles/inquery/24.jpg', 'upfiles/tazkira/24.jpg', 2, 4, '2026-02-11 09:51:12', 1, 'آرین ادیب'),
(8, 'محمد فیاض', 'محمد احسان', '22390', '0728181125', 'چوک نور', 'مرد', 'فعال', NULL, NULL, 'upfiles/profile/25.jpeg', 'upfiles/inquery/25.jpg', 'upfiles/tazkira/25.jpg', 3, 8, '2026-02-14 09:52:16', 1, 'بصیره حکیمی'),
(9, 'بنفشه', 'جمعه خان', '37629', '0793143811', 'پروژه خالد', 'زن', 'فعال', NULL, NULL, 'upfiles/profile/26.jpeg', 'upfiles/inquery/26.jpg', 'upfiles/tazkira/26.jpg', 3, 8, '2026-02-16 11:17:59', 1, 'بصیره حکیمی'),
(10, 'الهام', 'علی محمد', '03979', '0794720709', 'کارته زراعت', 'زن', 'غیرفعال', 'وفات', '2026-05-21', 'upfiles/profile/27.jpeg', 'upfiles/inquery/27.jpg', 'upfiles/tazkira/27.jpg', 1, 8, '2026-02-14 09:54:58', 1, 'آرین ادیب'),
(11, 'غلام محمد', 'غلام حبیب', '08468', '0781367319', 'کارته زراعت', 'مرد', 'فعال', NULL, NULL, 'upfiles/profile/28.jpeg', 'upfiles/inquery/28.jpg', 'upfiles/tazkira/28.jpg', 3, 8, '2026-02-12 09:55:34', 1, 'بصیره حکیمی'),
(12, 'محمد اکرم', 'محمد ظفر', '71178', '0729083440', 'مزارشریف', 'مرد', 'فعال', NULL, NULL, 'upfiles/profile/29.jpg', 'upfiles/inquery/29.jpg', 'upfiles/tazkira/29.jpg', 1, 8, '2026-02-12 09:07:41', 1, 'بصیره حکیمی'),
(13, 'لیلما', 'باز محمد', '89023', '0730896244', 'جوزجان', 'زن', 'غیرفعال', 'وفات', '2026-05-21', 'upfiles/profile/36.jpeg', NULL, 'upfiles/tazkira/36.jpg', 3, 8, '2026-02-14 09:56:33', 1, 'آرین ادیب'),
(14, 'حمید الله', 'عبدالاحد', '16886', '0780271443', 'کارته خراسان', 'مرد', 'فعال', NULL, NULL, 'upfiles/profile/38.jpeg', 'upfiles/inquery/38.jpg', 'upfiles/tazkira/38.jpg', 3, 8, '2026-02-17 09:57:09', 1, 'آرین ادیب'),
(15, 'احمد جاوید ', 'خیرالدین', '72506', '0786645232', 'سرپل', 'مرد', 'فعال', NULL, NULL, 'upfiles/profile/39.jpeg', 'upfiles/inquery/39.jpg', 'upfiles/tazkira/39.jpg', 3, 8, '2026-02-17 08:56:43', 1, 'آرین ادیب'),
(16, 'ظاهر خان', 'محمد داد', '419974', '0771411683', 'مزارشریف ', 'مرد', 'فعال', NULL, NULL, 'upfiles/profile/40.jpeg', 'upfiles/inquery/40.jpg', 'upfiles/tazkira/40.jpg', 1, 8, '2026-02-17 09:02:37', 1, 'آرین ادیب'),
(17, 'رحیمه', 'مولوی رستم', '70473', '0780518234', 'مزارشریف ', 'زن', 'غیرفعال', 'وفات', '2026-06-09', 'upfiles/profile/41.jpeg', 'upfiles/inquery/41.jpg', 'upfiles/tazkira/41.jpg', 1, 8, '2026-02-19 10:02:21', 1, 'آرین ادیب'),
(18, 'محمد حسین  سیدقل', 'سید قل', '950564', '0788628843', 'کمربند بابه یادگار', 'مرد', 'فعال', NULL, NULL, 'upfiles/profile/42.jpeg', 'upfiles/inquery/42.jpg', 'upfiles/tazkira/42.jpg', 2, 8, '2026-02-16 11:21:47', 1, 'آرین ادیب'),
(19, 'بی بی حوا', 'محمد ظاهر', '89841', '0797612737', 'سرپل', 'زن', 'فعال', NULL, NULL, NULL, NULL, NULL, 1, 4, '2026-02-16 10:15:58', 1, 'آرین ادیب'),
(20, 'بسم الله ', 'مراد شاه ', '81810', '0793606143', 'گذر پنجشیر ', 'مرد', 'فعال', NULL, NULL, 'upfiles/profile/45.jpeg', NULL, 'upfiles/tazkira/45.jpeg', 3, 4, '2026-02-19 10:50:51', 1, 'بصیره حکیمی'),
(21, 'محمد سلیم ', 'عبدالستار', '126178', '0797554658', 'ایشانی امانی', 'مرد', 'غیرفعال', 'وفات', '2026-06-09', 'upfiles/profile/46.jpeg', 'upfiles/inquery/46.jpg', 'upfiles/tazkira/46.jpg', 2, 4, '2026-04-19 11:01:14', 1, 'آرین ادیب'),
(22, 'نجیبه', 'سید اکبر', '24238971', '0788849451', 'پروژه خالد', 'زن', 'فعال', NULL, NULL, 'upfiles/profile/22_edit_20260603142733_16961a.jpg', 'upfiles/inquery/47.jpg', 'upfiles/tazkira/47.jpg', 2, 8, '2026-02-19 09:57:33', 1, 'بصیره حکیمی'),
(23, 'محمد ظریف حاجی بابه', 'حاجی بابه', '14360', '', 'سرپل', 'مرد', 'فعال', NULL, NULL, 'upfiles/profile/49.jpeg', 'upfiles/inquery/49.jpg', 'upfiles/tazkira/49.jpg', 2, 4, '2026-02-16 11:09:45', 1, 'فهیم شیرزاد'),
(24, 'صابره -  محمد اعظم', 'محمد اعظم', '35539900', '0786650625', 'خراسان', 'مرد', 'فعال', NULL, NULL, 'upfiles/profile/24.jpeg', 'upfiles/inquery/24.jpg', 'upfiles/tazkira/24.jpg', 2, 8, '2026-02-19 11:10:30', 1, 'آرین ادیب'),
(25, 'محمد صادق', 'عبدالغنی', '22970', '0786505011', 'فاریاب', 'مرد', 'فعال', NULL, NULL, 'upfiles/profile/25.jpeg', 'upfiles/inquery/25.jpg', 'upfiles/tazkira/25.jpg', 3, 8, '2026-02-19 07:58:23', 1, 'آرین ادیب'),
(26, 'زرمینه ', 'عبدالرووف ', 'ندارد', '0729122953', 'پروژه خالد', 'زن', 'غیرفعال', 'وفات', '2026-05-21', 'upfiles/profile/26.jpeg', 'upfiles/inquery/26.jpg', NULL, 2, 8, '2026-02-17 08:06:57', 1, 'آرین ادیب'),
(27, 'کریمه', 'سخی داد', '69495', '0796321662', 'چغدک گذر قلندر شاه', 'زن', 'فعال', NULL, NULL, 'upfiles/profile/27_edit_20260421124435_aa3d1b.jpg', NULL, 'upfiles/tazkira/27_edit_20260421124435_3f949d.jpg', 1, 8, '2026-02-16 08:14:35', 1, 'آرین ادیب'),
(28, 'محمد وکیل ', 'پادشاه خان ', '83840', '0793176910', 'کود برق ', 'مرد', 'فعال', NULL, NULL, 'upfiles/profile/28.jpeg', 'upfiles/inquery/28.jpg', 'upfiles/tazkira/28.jpg', 1, 8, '2026-02-17 08:21:05', 1, 'آرین ادیب'),
(29, 'صابره ', 'سید محمد ', '17233', '0794594937', 'خراسان', 'زن', 'فعال', NULL, NULL, 'upfiles/profile/29.jpeg', 'upfiles/inquery/29.jpg', 'upfiles/tazkira/29.jpg', 2, 8, '2026-02-17 08:38:37', 1, 'آرین ادیب'),
(30, 'فریدون ', 'عبدالمجید ', '48138', '0788960984', 'جوزجان', 'مرد', 'فعال', NULL, NULL, 'upfiles/profile/30.jpeg', 'upfiles/inquery/30.jpg', 'upfiles/tazkira/30.jpg', 2, 8, '2026-02-19 08:44:48', 1, 'آرین ادیب'),
(31, 'عبدالمنیر ', 'عبدالحکیم ', '23389932', '0780341124', 'پروژه خالد', 'مرد', 'غیرفعال', 'وفات', '2026-05-21', 'upfiles/profile/31.jpeg', 'upfiles/inquery/31.jpg', 'upfiles/tazkira/31.jpg', 3, 8, '2026-02-19 09:04:31', 1, 'آرین ادیب'),
(32, 'نورالحق', 'محمد اسحق ', '261903', '0789330849', 'جوزجان', 'مرد', 'فعال', NULL, NULL, 'upfiles/profile/32.jpeg', NULL, 'upfiles/tazkira/32.jpg', 2, 4, '2026-03-01 09:39:12', 1, 'آرین ادیب'),
(33, 'محمد آصف ', 'امان الله', '539496', '0777680716', 'بابه علی شیر ', 'مرد', 'فعال', NULL, NULL, 'upfiles/profile/33.jpeg', NULL, 'upfiles/tazkira/33.jpg', 3, 8, '2026-03-01 09:51:11', 1, 'آرین ادیب'),
(34, 'محمد اسحق - صدرالدین', 'صدرالدین', '98734', '0782415079', 'ولسوالی آقچه', 'مرد', 'غیرفعال', 'وفات', '2026-05-21', 'upfiles/profile/34.jpeg', 'upfiles/inquery/34.jpg', 'upfiles/tazkira/34.jpg', 2, 4, '2026-02-16 11:35:34', 1, 'آرین ادیب'),
(35, 'فاطمه ', 'ضامن حسین ', '64817', '0795968877', 'کارته ایشانی ', 'زن', 'فعال', NULL, NULL, 'upfiles/profile/35.jpg', 'upfiles/inquery/35.jpg', 'upfiles/tazkira/35.jpg', 3, 8, '2026-03-02 10:02:36', 1, 'آرین ادیب'),
(36, 'محمد نواز ', 'رحمان دین ', '6455870', '0774110723', 'نوآباد ', 'مرد', 'فعال', NULL, NULL, 'upfiles/profile/36.jpg', 'upfiles/inquery/36.jpg', 'upfiles/tazkira/36.jpg', 3, 8, '2026-02-19 10:24:00', 1, 'بصیره حکیمی'),
(37, 'گلالی ', 'محمد یعقوب ', '0037', '0786184910', 'کندز', 'زن', 'غیرفعال', 'غیر حاضری', '2026-05-21', NULL, NULL, NULL, 3, 8, '2026-02-19 10:42:31', 1, 'آرین ادیب'),
(38, 'گل چهره', 'عبدالمنان ', '64692', '0767533236', 'پروژه همدرد ', 'زن', 'فعال', NULL, NULL, 'upfiles/profile/38.jpg', 'upfiles/inquery/38.jpg', 'upfiles/tazkira/38.jpg', 2, 8, '2026-02-16 10:59:46', 1, 'آرین ادیب'),
(39, 'رعنا ', 'عبدالرشید ', '41469', '0796759453', 'ولسوالی دهدادی', 'زن', 'غیرفعال', 'وفات', '2026-05-21', 'upfiles/profile/39.jpeg', 'upfiles/inquery/39.jpg', 'upfiles/tazkira/39.jpg', 2, 8, '2026-02-28 11:10:57', 1, 'آرین ادیب'),
(40, 'خیر النسا', 'مجید ', '0040', '0772766379', 'سجادیه', 'زن', 'غیرفعال', 'وفات', '2026-05-21', 'upfiles/profile/40.jpeg', 'upfiles/inquery/40.jpg', NULL, 2, 4, '2026-02-17 11:22:21', 1, 'آرین ادیب'),
(41, 'حکمت الله', 'قدرت الله', '23458852', '0778377431', 'مزارشریف', 'مرد', 'فعال', NULL, NULL, 'upfiles/profile/41.jpeg', 'upfiles/inquery/41.jpg', 'upfiles/tazkira/41.jpg', 2, 4, '2026-04-21 11:14:27', 1, 'فرزانه جویا'),
(42, 'امیرگل ', 'تاش نیاز ', '0042', '0728188677', 'کمربند بابه یادگار', 'مرد', 'فعال', NULL, NULL, 'upfiles/profile/42.jpeg', 'upfiles/inquery/42.jpg', NULL, 2, 4, '2026-03-02 11:43:41', 1, 'آرین ادیب'),
(43, 'بی بی خورد ', 'صلاح الدین ', '0043', '0785062808', 'ولسوالی چمتال ', 'مرد', 'غیرفعال', 'وفات', '2026-06-09', 'upfiles/profile/43.jpeg', 'upfiles/inquery/43.jpg', NULL, 2, 8, '2026-02-28 11:50:21', 1, 'آرین ادیب'),
(44, 'حلیمه ', 'نور محمد', '25397923', '0794322517', 'پروژه علم خان', 'مرد', 'غیرفعال', 'وفات', '2026-05-21', 'upfiles/profile/44.jpeg', 'upfiles/inquery/44.jpg', 'upfiles/tazkira/44.jpg', 1, 8, '2026-03-03 12:06:18', 1, 'بصیره حکیمی'),
(45, 'محمد الدین', 'ظفر خان ', '6453884', '0771269198', 'پایان قشلاق', 'مرد', 'فعال', NULL, NULL, 'upfiles/profile/45.jpeg', 'upfiles/inquery/45.jpg', 'upfiles/tazkira/45.jpg', 3, 8, '2026-03-03 12:14:26', 1, 'بصیره حکیمی'),
(46, 'احمد ', 'شکرالله', '35188', '0785627532', 'پروژه علم خان', 'مرد', 'فعال', NULL, NULL, 'upfiles/profile/46.jpeg', 'upfiles/inquery/46.jpg', 'upfiles/tazkira/46.jpg', 3, 8, '2026-03-05 12:22:14', 1, 'نجیم سادات '),
(47, 'عبدالحکیم ', 'علی احمد ', '358745', '0781405969', 'چوک هاشمی ', 'مرد', 'فعال', NULL, NULL, 'upfiles/profile/47.jpeg', 'upfiles/inquery/47.jpg', 'upfiles/tazkira/47.jpg', 3, 8, '2026-03-05 12:27:53', 1, 'بصیره حکیمی'),
(48, 'گل حسین', 'علی داد ', '36985755', '0799355681', 'چوک شمع ', 'مرد', 'فعال', NULL, NULL, 'upfiles/profile/48.jpg', 'upfiles/inquery/48.jpg', 'upfiles/tazkira/48.jpg', 2, 12, '2026-03-05 12:45:12', 1, 'تابش حمیدی '),
(49, 'پری گل', 'باز میر', '56528', '0767292176', 'قریه اصفهان ولسوالی بلخ', 'مرد', 'غیرفعال', 'وفات', '2026-05-21', 'upfiles/profile/49.jpeg', 'upfiles/inquery/49.jpg', 'upfiles/tazkira/49.jpg', 2, 4, '2026-03-07 11:12:31', 1, 'بصیره حکیمی'),
(50, 'شکیلا ', 'امیر محمد ', '4808606', '0731092142', 'جوزجان', 'زن', 'غیرفعال', 'وفات', '2026-05-21', 'upfiles/profile/50.jpeg', 'upfiles/inquery/50.jpg', 'upfiles/tazkira/50.jpg', 3, 4, '2026-03-03 13:01:23', 1, 'بصیره حکیمی'),
(51, 'محمد اسحق', 'دولت مراد', '71144', '0775019238', 'نوآباد ', 'مرد', 'فعال', NULL, NULL, 'upfiles/profile/51.jpeg', 'upfiles/inquery/51.jpg', 'upfiles/tazkira/51.jpg', 3, 8, '2026-03-07 06:52:52', 1, 'فرزانه جویا '),
(52, 'نوریه ', 'محمد نعیم ', '38767144', '0798459318', 'گذر مارمل ', 'زن', 'فعال', NULL, NULL, 'upfiles/profile/52.jpeg', 'upfiles/inquery/52.jpg', 'upfiles/tazkira/52.jpg', 2, 8, '2026-03-07 06:58:24', 1, 'فرزانه جویا '),
(53, 'حسینا', 'محمد حسن', '0053', '0776050972', 'ولسوالی چهاربولک', 'مرد', 'فعال', NULL, NULL, 'upfiles/profile/53.jpeg', 'upfiles/inquery/53.jpeg', NULL, 2, 8, '2026-03-29 11:11:45', 1, 'آرین ادیب'),
(54, 'شاه ملنگ ', 'زر عالم ', '84970', '0786998696', 'مزارشریف ', 'مرد', 'فعال', NULL, NULL, 'upfiles/profile/54.jpeg', 'upfiles/inquery/54.jpg', NULL, 3, 8, '2026-03-11 07:34:40', 1, 'فرزانه جویا '),
(55, 'ثریا', 'امان الله', '22367', '0799495286', 'کارته بخدی', 'زن', 'فعال', NULL, NULL, 'upfiles/profile/55.jpeg', 'upfiles/inquery/55.jpg', 'upfiles/tazkira/55.jpg', 3, 8, '2026-04-07 11:13:03', 1, 'فرزانه جویا'),
(56, 'دل آرام ', 'حسن ', '39677842', '0795646469', 'شهرک صفا ', 'زن', 'فعال', NULL, NULL, 'upfiles/profile/56.jpg', NULL, 'upfiles/tazkira/56.jpg', 3, 8, '2026-04-11 11:09:56', 1, 'آرین ادیب'),
(57, 'فاطمه سید کاظم', 'سید کاظم', '11959491', '0701413344', 'چوک شمع', 'زن', 'فعال', NULL, NULL, NULL, 'upfiles/inquery/57.jpg', 'upfiles/tazkira/57.jpg', 3, 12, '2026-04-12 08:09:49', 1, 'تابش حمیدی'),
(58, 'حیات الله', 'عبدالحمید ', '0059', '0790827151', 'نوشاد', 'مرد', 'غیرفعال', 'وفات', '2026-05-21', NULL, 'upfiles/inquery/58.jpg', NULL, 3, 4, '2026-04-14 11:37:06', 1, 'آرین ادیب'),
(59, 'رحیمه - محمد کبیر', 'محمد کبیر', '00059', '0728591174', 'دشت شور', 'زن', 'فعال', NULL, NULL, NULL, NULL, NULL, 1, 4, '2026-04-08 11:13:25', 1, 'فرزانه جویا'),
(60, 'محمد ظریف ', 'محمد شریف ', '0060', '0796234688', 'چمتال ', 'مرد', 'فعال', NULL, NULL, NULL, 'upfiles/inquery/60.jpg', NULL, 2, 4, '2026-04-14 11:46:16', 1, 'آرین ادیب'),
(61, 'بی بی شیرین ', 'پاچا خان ', '0061', '0730172414', 'ولسوالی آقچه ', 'زن', 'فعال', NULL, NULL, NULL, NULL, NULL, 2, 8, '2026-04-15 11:54:46', 1, 'تابش حمیدی '),
(62, 'سید احمد', 'علی محمد', '0062', '0787844800', 'ولسوالی بلخ', 'مرد', 'فعال', NULL, NULL, NULL, 'upfiles/inquery/62.jpg', NULL, 2, 8, '2026-04-15 01:18:25', 1, 'تابش حمیدی'),
(63, 'ذبیح الله ', 'غلام دستگیر  ', '0063', '0795050041', 'نوشاد ', 'مرد', 'فعال', NULL, NULL, NULL, NULL, NULL, 3, 8, '2026-04-19 12:06:25', 1, 'آرین ادیب'),
(64, 'گلبدین ', 'عبدالوهاب ', '10008876', '0708147502', 'دهدادی', 'مرد', 'فعال', NULL, NULL, NULL, NULL, NULL, 3, 8, '2026-04-14 12:09:30', 1, 'بصیره حکیمی'),
(65, 'مریم ', 'داد محمد ', '0065', '0787776945', 'جوزجان', 'مرد', 'فعال', NULL, NULL, NULL, NULL, NULL, 3, 8, '2026-04-20 12:12:38', 1, 'آرین ادیب'),
(66, 'جمیله ', 'محمود ', '56170', '0784161097', 'ولسوالی آقچه ', 'زن', 'فعال', NULL, NULL, NULL, NULL, NULL, 2, 8, '2026-04-19 12:20:17', 1, 'بصیره حکیمی'),
(67, 'محمد ظریف اختر محمد', 'اختر محمد', '00025', '0791635076', 'فاریاب', 'مرد', 'فعال', NULL, NULL, NULL, NULL, 'upfiles/tazkira/67_edit_20260430132732_cf2971.jpeg', 1, 8, '2026-02-14 08:57:32', 1, 'بصیره حکیمی'),
(68, 'ناهیده', 'محمد هاشم', '00000', '0772707890', 'سمنگان', 'زن', 'غیرفعال', 'غیر حاضری', '2026-05-21', 'upfiles/profile/68_edit_20260502151204_c254d1.jpeg', NULL, 'upfiles/tazkira/68_edit_20260502151204_620278.jpeg', 1, 4, '2026-02-17 10:42:04', 1, 'بصیره حکیمی'),
(69, 'حفیظ الله', 'نور محمد', '000000', '0792502670', 'بلخ', 'مرد', 'غیرفعال', 'وفات', '2026-05-21', NULL, NULL, 'upfiles/tazkira/69_edit_20260502152108_65b4e4.jpeg', 1, 8, '2026-02-17 10:51:08', 1, 'بصیره حکیمی'),
(70, 'نعمت الله', 'حفیظ الله', '0000000', '0779407665', 'تخار', 'مرد', 'فعال', NULL, NULL, 'upfiles/profile/70_edit_20260502153645_4693a7.jpeg', NULL, 'upfiles/tazkira/70_edit_20260502153645_e5db5b.jpeg', 1, 8, '2026-02-18 11:06:45', 1, 'بصیره حکیمی'),
(71, 'عبدالرزاق', 'جوره بای', '00000000', '', 'بلخ', 'مرد', 'غیرفعال', 'وفات', '2026-05-21', 'upfiles/profile/71_edit_20260609155057_954637.jpeg', NULL, NULL, 1, 4, '2026-02-19 11:20:57', 1, 'بصیره حکیمی'),
(72, 'عاتیکه', 'محمد اسماعیل ', '37527985', '', 'جوزجان', 'زن', 'فعال', NULL, NULL, NULL, NULL, NULL, 3, 8, '2026-04-28 11:17:01', 1, 'آرین ادیب'),
(73, 'وزیر محمد', 'امیر محمد ', '00031', '0773576826', 'سرپل', 'مرد', 'فعال', NULL, NULL, NULL, NULL, NULL, 3, 8, '2026-04-23 11:21:16', 1, 'آرین ادیب'),
(74, 'نفیسه', 'سید آتم', '0074', '', 'ولایت بغلان', 'زن', 'فعال', NULL, NULL, NULL, NULL, NULL, 2, 8, '2026-04-27 11:15:42', 1, 'تابش حمیدی'),
(75, 'فاطمه سید حیدر', 'سید حیدر', '17617', '0774563284', 'سلطان بابه علی شیر', 'زن', 'فعال', NULL, NULL, NULL, NULL, NULL, 3, 8, '2026-05-04 11:16:49', 1, 'بصیره حکیمی'),
(76, 'میلاد ', 'حمید الله', '0076', '0745060423', 'نورخدا', 'مرد', 'فعال', NULL, NULL, NULL, NULL, NULL, 2, 8, '2026-04-29 11:43:01', 1, 'فرزانه جویا '),
(77, 'بریالی ', 'نجیب الله ', '363964', '0770188388', 'بلخ ', 'مرد', 'فعال', NULL, NULL, NULL, NULL, NULL, 0, 4, '2026-04-29 11:48:25', 1, 'فرزانه جویا '),
(78, 'زهرا', 'بابه غنی', '0078', '', 'ولسوالی بلخ', 'مرد', 'غیرفعال', 'وفات', '2026-05-21', NULL, NULL, NULL, 1, 8, '2026-04-08 00:05:17', 1, 'بصیره حکیمی'),
(79, 'لیلماه', 'عبدالصمد ', '24236689', '0765029744', 'سمنگان', 'زن', 'فعال', NULL, NULL, NULL, NULL, NULL, 1, 8, '2026-05-10 08:45:49', 1, 'فرزانه جویا '),
(80, 'مرضیه ', 'رستم ', '25732729', '0780525138', 'ولسوالی سنچارک', 'زن', 'فعال', NULL, NULL, NULL, NULL, NULL, 2, 8, '2026-05-10 10:10:33', 1, 'فرزانه جویا '),
(81, 'خالده ', 'میر علم', '0081', '0774992891', 'بغلان ', 'زن', 'فعال', NULL, NULL, NULL, NULL, NULL, 3, 8, '2026-05-10 10:54:18', 1, 'فرزانه جویا '),
(82, 'عزیز خان ', 'صابر خان', '00085', '0765170093', 'دره صوف سمنگان', 'مرد', 'فعال', NULL, NULL, NULL, NULL, NULL, 3, 8, '2026-04-27 11:00:54', 1, 'آرین ادیب'),
(83, 'نصرالدین ', 'محمد یوسف ', '00086', '0783272610', 'مزار', 'مرد', 'فعال', NULL, NULL, NULL, NULL, NULL, 1, 8, '2026-05-13 11:08:00', 1, 'فرزانه جویا '),
(84, 'سبزه گل ', 'عهده ', '00087', '0705153748', 'ولسوالی کلدار ', 'زن', 'فعال', NULL, NULL, NULL, NULL, NULL, 0, 8, '2026-05-12 11:12:19', 1, 'بصیره حکیمی'),
(85, 'سید مکرم ', 'سید محمد ', '00000086', '0799121354', 'خراسان ', 'مرد', 'فعال', NULL, NULL, NULL, NULL, NULL, 3, 8, '2026-05-21 11:14:16', 1, 'آرین ادیب'),
(86, 'ببو جان ', 'معصوم ', '0000085', '', 'چمتال', 'زن', 'فعال', NULL, NULL, NULL, NULL, NULL, 2, 4, '2026-05-20 11:07:31', 1, 'تابش حمیدی '),
(87, 'محمد ', 'شاه محمد ', '6380115', '', 'جوک شمع ', 'مرد', 'فعال', NULL, NULL, NULL, NULL, NULL, 2, 4, '2026-05-21 11:29:08', 1, 'تابش حمیدی '),
(88, 'نور بی بی ', 'عبدالرووف ', '000000087', '0707688495', 'کوه البرز', 'زن', 'فعال', NULL, NULL, NULL, NULL, NULL, 2, 8, '2026-05-21 11:39:19', 1, 'آرین ادیب'),
(89, 'عبدالله ', 'عبدالمومن', '0089', '0792949565', 'کوچه قابله پروین ', 'مرد', 'فعال', NULL, NULL, NULL, NULL, NULL, 2, 4, '2026-05-31 07:50:48', 1, 'فرزانه جویا '),
(90, 'محمد سهراب ', 'میر امام الدین ', '22919999', '0794327026', 'پروژه خالد قسمت 4  ', 'مرد', 'فعال', NULL, NULL, NULL, NULL, NULL, 3, 8, '2026-05-31 07:55:23', 1, 'فرزانه جویا '),
(91, 'بی بی بانو ', 'رمضان ', '0090', '0771506763', 'نوشاد ', 'زن', 'فعال', NULL, NULL, NULL, NULL, NULL, 3, 8, '2026-06-01 10:28:26', 1, 'فرزانه جویا '),
(92, 'محمد حسین ', 'سید اسحق', '97182', '0796086851', 'مزارشریف ', 'مرد', 'فعال', NULL, NULL, NULL, NULL, NULL, 3, 8, '2026-06-01 10:33:08', 1, 'فرزانه جویا '),
(93, 'اسماعیل', 'محمد اسحق ', '0093', '0774864998', 'حسن آباد', 'مرد', 'فعال', NULL, NULL, NULL, NULL, NULL, 2, 4, '2026-06-02 10:37:46', 1, 'فرزانه جویا '),
(94, 'نور آغا ', 'امان الله ', '0091', '0799495986', 'مزار ', 'مرد', 'فعال', NULL, NULL, NULL, NULL, NULL, 3, 4, '2026-06-03 11:29:33', 1, 'فرزانه جویا '),
(95, 'شمس الله ', 'خدر ', '46922', '0778357063', 'نور خدا مزارشریف ', 'مرد', 'فعال', NULL, NULL, NULL, NULL, NULL, 2, 8, '2026-06-06 11:34:06', 1, 'فرزانه جویا '),
(96, 'شیلا', 'نوروز', '37023664', '0780781982', 'ولسوالی بلخ', 'زن', 'فعال', NULL, NULL, NULL, NULL, NULL, 2, 4, '2026-06-08 07:53:34', 1, 'آرین ادیب'),
(97, 'مریم - احمد نوید', 'احمد نوید', '0097', '0799548737', 'سرپل', 'زن', 'فعال', NULL, NULL, NULL, NULL, NULL, 1, 8, '2026-06-08 10:29:10', 1, 'آرین ادیب'),
(98, 'محمد عالم ', 'لعل محمد', '0098', '0781859000', 'کارته باختر ', 'مرد', 'فعال', NULL, NULL, NULL, NULL, NULL, 3, 4, '2026-06-08 10:50:37', 1, 'آرین ادیب'),
(99, 'رنگین ', 'برو خان ', '0099 ', '0772375951', 'چهاربولک', 'مرد', 'فعال', NULL, NULL, NULL, NULL, NULL, 2, 8, '2026-06-09 11:01:49', 1, 'آرین ادیب'),
(100, 'غلام رسول ', 'محمد خان ', '52910', '0784156289', '', 'مرد', 'فعال', NULL, NULL, NULL, NULL, NULL, 2, 4, '2026-06-08 11:07:55', 1, 'فرزانه جویا '),
(101, 'ساعت ملوک', 'خلیفه ', '47080', '', 'دهدادی', 'مرد', 'فعال', NULL, NULL, NULL, NULL, NULL, 2, 4, '2026-06-03 11:15:35', 1, 'فرزانه جویا '),
(102, 'رحیمه ', 'جمال الدین ', '89709', '0776081218', 'بغلان ', 'زن', 'فعال', NULL, NULL, NULL, NULL, NULL, 2, 8, '2026-06-10 09:18:18', 1, 'فرزانه جویا '),
(103, 'محمد عمر ', 'سید رحیم ', '83494', '0778501115', 'دهدادی', 'مرد', 'فعال', NULL, NULL, NULL, NULL, NULL, 3, 8, '2026-06-11 09:21:38', 1, 'فرزانه جویا '),
(104, 'زهرا ', 'مومن', '00103', '0728855377', 'دولت آباد ', 'زن', 'فعال', NULL, NULL, NULL, NULL, NULL, 3, 8, '2026-06-11 10:03:15', 1, 'فرزانه جویا '),
(105, 'محمد زلمی ', 'غلام سخی ', '12426', '0786451449', 'ولسوالی دهدادی', 'مرد', 'فعال', NULL, NULL, NULL, NULL, NULL, 2, 4, '2026-06-14 07:51:13', 1, 'فرزانه جویا '),
(106, 'ابراهیم ', 'عبدالقیوم ', '0010', '0782412950', 'خراسان ', 'مرد', 'فعال', NULL, NULL, NULL, NULL, NULL, 0, 4, '2026-06-13 08:14:25', 1, 'فرزانه جویا '),
(107, 'اسماعیل ', 'محمد یوسف ', '000121', 'ندارد ', 'ولسوالی آقچه ', 'مرد', 'فعال', NULL, NULL, NULL, NULL, NULL, 3, 4, '2026-06-13 08:18:59', 1, 'فرزانه جویا '),
(108, 'صنوبر ', 'حیدر ', 'ندارد 0', '0785841506', 'ولسوالی خواجه دو کوه جوزجان ', 'زن', 'فعال', NULL, NULL, NULL, NULL, NULL, 2, 4, '2026-06-17 10:39:57', 1, 'فرزانه جویا '),
(109, 'سهیلا  ', 'سیف الدین', '00109', '0767153606', 'سمنگان', 'مرد', 'فعال', NULL, NULL, NULL, NULL, NULL, 2, 4, '2026-06-17 10:52:26', 1, 'فرزانه جویا '),
(110, 'شیلا ', 'محمد هاشم ', '08687', '0798506615', 'گذر مارمل', 'زن', 'فعال', NULL, NULL, NULL, NULL, NULL, 2, 8, '2026-06-16 06:31:22', 1, 'فرزانه جویا '),
(111, 'محمد نبی ', 'غلام محمد ', '000108', '0783600170', '', 'مرد', 'فعال', NULL, NULL, NULL, NULL, NULL, 3, 4, '2026-06-15 08:46:52', 1, 'فرزانه جویا ');

-- --------------------------------------------------------

--
-- Table structure for table `purchases`
--

CREATE TABLE `purchases` (
  `id` int NOT NULL,
  `purchase_group_id` bigint DEFAULT NULL,
  `bill_no` varchar(50) CHARACTER SET utf8mb4 COLLATE utf8mb4_persian_ci NOT NULL,
  `purchase_date` date NOT NULL,
  `supplier` varchar(255) CHARACTER SET utf8mb4 COLLATE utf8mb4_persian_ci NOT NULL,
  `material_id` int NOT NULL,
  `qty` decimal(10,2) DEFAULT '0.00',
  `price` decimal(12,2) DEFAULT '0.00',
  `warehouse_id` int NOT NULL,
  `cash_id` int NOT NULL,
  `currency_id` int NOT NULL DEFAULT '1',
  `confirmed` int DEFAULT '0',
  `status` enum('pending','presidential_approved','final') COLLATE utf8mb4_persian_ci DEFAULT 'pending',
  `presidential_confirmed_by` int DEFAULT NULL,
  `presidential_confirmed_at` datetime DEFAULT NULL,
  `final_confirmed_by` int DEFAULT NULL,
  `final_confirmed_at` datetime DEFAULT NULL,
  `created_at` timestamp NULL DEFAULT CURRENT_TIMESTAMP,
  `updated_at` timestamp NULL DEFAULT CURRENT_TIMESTAMP ON UPDATE CURRENT_TIMESTAMP
) ENGINE=InnoDB DEFAULT CHARSET=utf8mb4 COLLATE=utf8mb4_persian_ci;

--
-- Dumping data for table `purchases`
--

INSERT INTO `purchases` (`id`, `purchase_group_id`, `bill_no`, `purchase_date`, `supplier`, `material_id`, `qty`, `price`, `warehouse_id`, `cash_id`, `currency_id`, `confirmed`, `status`, `presidential_confirmed_by`, `presidential_confirmed_at`, `final_confirmed_by`, `final_confirmed_at`, `created_at`, `updated_at`) VALUES
(1, 1779100765668, '151', '2026-02-05', '3', 2, 30.00, 500.00, 1, 1, 1, 0, 'final', 1, '2026-05-18 15:09:31', 5, '2026-06-14 15:07:09', '2026-05-18 10:39:25', '2026-06-14 10:37:09'),
(2, 1779100765668, '151', '2026-02-05', '3', 1, 30.00, 290.00, 1, 1, 1, 0, 'final', 1, '2026-05-18 15:09:31', 5, '2026-06-14 15:07:09', '2026-05-18 10:39:25', '2026-06-14 10:37:09'),
(3, 1779100765668, '151', '2026-02-05', '3', 3, 30.00, 290.00, 1, 1, 1, 0, 'final', 1, '2026-05-18 15:09:31', 5, '2026-06-14 15:07:09', '2026-05-18 10:39:25', '2026-06-14 10:37:09'),
(4, 1779100765668, '151', '2026-02-05', '3', 4, 30.00, 335.00, 1, 1, 1, 0, 'final', 1, '2026-05-18 15:09:31', 5, '2026-06-14 15:07:09', '2026-05-18 10:39:25', '2026-06-14 10:37:09'),
(5, 1779100765668, '151', '2026-02-05', '3', 5, 30.00, 35.00, 1, 1, 1, 0, 'final', 1, '2026-05-18 15:09:31', 5, '2026-06-14 15:07:09', '2026-05-18 10:39:25', '2026-06-14 10:37:09'),
(6, 1779100765668, '151', '2026-02-05', '3', 8, 15.00, 70.00, 1, 1, 1, 0, 'final', 1, '2026-05-18 15:09:31', 5, '2026-06-14 15:07:09', '2026-05-18 10:39:25', '2026-06-14 10:37:09'),
(7, 1779100906664, '152', '2026-02-07', '3', 2, 20.00, 500.00, 1, 1, 1, 0, 'presidential_approved', 1, '2026-05-18 15:11:49', NULL, NULL, '2026-05-18 10:41:46', '2026-05-18 10:41:49'),
(8, 1779100906664, '152', '2026-02-07', '3', 1, 20.00, 290.00, 1, 1, 1, 0, 'presidential_approved', 1, '2026-05-18 15:11:49', NULL, NULL, '2026-05-18 10:41:46', '2026-05-18 10:41:49'),
(9, 1779100906664, '152', '2026-02-07', '3', 3, 20.00, 290.00, 1, 1, 1, 0, 'presidential_approved', 1, '2026-05-18 15:11:49', NULL, NULL, '2026-05-18 10:41:46', '2026-05-18 10:41:49'),
(10, 1779100906664, '152', '2026-02-07', '3', 4, 20.00, 335.00, 1, 1, 1, 0, 'presidential_approved', 1, '2026-05-18 15:11:49', NULL, NULL, '2026-05-18 10:41:46', '2026-05-18 10:41:49'),
(11, 1779100906664, '152', '2026-02-07', '3', 5, 20.00, 35.00, 1, 1, 1, 0, 'presidential_approved', 1, '2026-05-18 15:11:49', NULL, NULL, '2026-05-18 10:41:46', '2026-05-18 10:41:49'),
(12, 1779100906664, '152', '2026-02-07', '3', 8, 10.00, 70.00, 1, 1, 1, 0, 'presidential_approved', 1, '2026-05-18 15:11:49', NULL, NULL, '2026-05-18 10:41:46', '2026-05-18 10:41:49'),
(13, 1779100906664, '152', '2026-02-07', '3', 7, 5.00, 1200.00, 1, 1, 1, 0, 'presidential_approved', 1, '2026-05-18 15:11:49', NULL, NULL, '2026-05-18 10:41:46', '2026-05-18 10:41:49'),
(20, 1779101721456, '81', '2026-03-10', '4', 2, 100.00, 500.00, 1, 1, 1, 0, 'presidential_approved', 1, '2026-05-18 15:25:28', NULL, NULL, '2026-05-18 10:55:21', '2026-05-18 10:55:28'),
(21, 1779101721456, '81', '2026-03-10', '4', 1, 100.00, 240.00, 1, 1, 1, 0, 'presidential_approved', 1, '2026-05-18 15:25:28', NULL, NULL, '2026-05-18 10:55:21', '2026-05-18 10:55:28'),
(22, 1779101721456, '81', '2026-03-10', '4', 3, 100.00, 250.00, 1, 1, 1, 0, 'presidential_approved', 1, '2026-05-18 15:25:28', NULL, NULL, '2026-05-18 10:55:21', '2026-05-18 10:55:28'),
(23, 1779101721456, '81', '2026-03-10', '4', 4, 100.00, 250.00, 1, 1, 1, 0, 'presidential_approved', 1, '2026-05-18 15:25:28', NULL, NULL, '2026-05-18 10:55:21', '2026-05-18 10:55:28'),
(24, 1779101721456, '81', '2026-03-10', '4', 5, 100.00, 40.00, 1, 1, 1, 0, 'presidential_approved', 1, '2026-05-18 15:25:28', NULL, NULL, '2026-05-18 10:55:21', '2026-05-18 10:55:28'),
(25, 1779101721456, '81', '2026-03-10', '4', 8, 100.00, 50.00, 1, 1, 1, 0, 'presidential_approved', 1, '2026-05-18 15:25:28', NULL, NULL, '2026-05-18 10:55:21', '2026-05-18 10:55:28'),
(31, 1779102014532, '62', '2026-04-29', '4', 2, 150.00, 500.00, 1, 1, 1, 0, 'final', 1, '2026-05-20 15:41:39', 1, '2026-05-20 15:41:45', '2026-05-20 11:11:23', '2026-05-20 11:11:45'),
(32, 1779102014532, '62', '2026-04-29', '4', 1, 150.00, 240.00, 1, 1, 1, 0, 'final', 1, '2026-05-20 15:41:39', 1, '2026-05-20 15:41:45', '2026-05-20 11:11:23', '2026-05-20 11:11:45'),
(33, 1779102014532, '62', '2026-04-29', '4', 3, 150.00, 250.00, 1, 1, 1, 0, 'final', 1, '2026-05-20 15:41:39', 1, '2026-05-20 15:41:45', '2026-05-20 11:11:23', '2026-05-20 11:11:45'),
(34, 1779102014532, '62', '2026-04-29', '4', 4, 150.00, 250.00, 1, 1, 1, 0, 'final', 1, '2026-05-20 15:41:39', 1, '2026-05-20 15:41:45', '2026-05-20 11:11:23', '2026-05-20 11:11:45'),
(35, 1779102014532, '62', '2026-04-29', '4', 5, 150.00, 50.00, 1, 1, 1, 0, 'final', 1, '2026-05-20 15:41:39', 1, '2026-05-20 15:41:45', '2026-05-20 11:11:23', '2026-05-20 11:11:45'),
(36, 1779102014532, '62', '2026-04-29', '4', 7, 5.00, 1000.00, 1, 1, 1, 0, 'final', 1, '2026-05-20 15:41:39', 1, '2026-05-20 15:41:45', '2026-05-20 11:11:23', '2026-05-20 11:11:45'),
(37, 1779101605700, '80', '2026-02-25', '4', 2, 7.00, 500.00, 1, 1, 1, 0, 'presidential_approved', 1, '2026-05-20 15:53:52', NULL, NULL, '2026-05-20 11:23:43', '2026-05-20 11:23:52'),
(38, 1779101605700, '80', '2026-02-25', '4', 1, 7.00, 240.00, 1, 1, 1, 0, 'presidential_approved', 1, '2026-05-20 15:53:52', NULL, NULL, '2026-05-20 11:23:43', '2026-05-20 11:23:52'),
(39, 1779101605700, '80', '2026-02-25', '4', 3, 7.00, 250.00, 1, 1, 1, 0, 'presidential_approved', 1, '2026-05-20 15:53:52', NULL, NULL, '2026-05-20 11:23:43', '2026-05-20 11:23:52'),
(40, 1779101605700, '80', '2026-02-25', '4', 4, 7.00, 250.00, 1, 1, 1, 0, 'presidential_approved', 1, '2026-05-20 15:53:52', NULL, NULL, '2026-05-20 11:23:43', '2026-05-20 11:23:52'),
(41, 1779101605700, '80', '2026-02-25', '4', 5, 7.00, 40.00, 1, 1, 1, 0, 'presidential_approved', 1, '2026-05-20 15:53:52', NULL, NULL, '2026-05-20 11:23:43', '2026-05-20 11:23:52'),
(42, 1779101605700, '80', '2026-02-25', '4', 8, 7.00, 50.00, 1, 1, 1, 0, 'presidential_approved', 1, '2026-05-20 15:53:52', NULL, NULL, '2026-05-20 11:23:43', '2026-05-20 11:23:52'),
(43, 1781691293512, '970 - 1178 - 202', '2026-02-05', '5', 10, 300.00, 7.33, 1, 1, 1, 0, 'final', 1, '2026-06-17 15:18:07', 1, '2026-06-17 16:13:54', '2026-06-17 10:14:53', '2026-06-17 11:43:54'),
(44, 1781691293512, '970 - 1178 - 202', '2026-02-05', '5', 11, 288.00, 8.55, 1, 1, 1, 0, 'final', 1, '2026-06-17 15:18:07', 1, '2026-06-17 16:13:54', '2026-06-17 10:14:53', '2026-06-17 11:43:54'),
(45, 1781691293512, '970 - 1178 - 202', '2026-02-05', '5', 12, 300.00, 3.75, 1, 1, 1, 0, 'final', 1, '2026-06-17 15:18:07', 1, '2026-06-17 16:13:54', '2026-06-17 10:14:53', '2026-06-17 11:43:54'),
(46, 1781691293512, '970 - 1178 - 202', '2026-02-05', '5', 15, 250.00, 6.00, 1, 1, 1, 0, 'final', 1, '2026-06-17 15:18:07', 1, '2026-06-17 16:13:54', '2026-06-17 10:14:53', '2026-06-17 11:43:54'),
(47, 1781691293512, '970 - 1178 - 202', '2026-02-05', '5', 16, 250.00, 4.00, 1, 1, 1, 0, 'final', 1, '2026-06-17 15:18:07', 1, '2026-06-17 16:13:54', '2026-06-17 10:14:53', '2026-06-17 11:43:54'),
(48, 1781691293512, '970 - 1178 - 202', '2026-02-05', '5', 17, 250.00, 0.60, 1, 1, 1, 0, 'final', 1, '2026-06-17 15:18:07', 1, '2026-06-17 16:13:54', '2026-06-17 10:14:53', '2026-06-17 11:43:54'),
(49, 1781691293512, '970 - 1178 - 202', '2026-02-05', '5', 13, 240.00, 9.00, 1, 1, 1, 0, 'final', 1, '2026-06-17 15:18:07', 1, '2026-06-17 16:13:54', '2026-06-17 10:14:53', '2026-06-17 11:43:54'),
(50, 1781691663886, '1411 - 233 - 1259', '2026-03-08', '5', 10, 150.00, 7.50, 1, 1, 1, 0, 'final', 1, '2026-06-17 15:18:15', 1, '2026-06-17 16:13:45', '2026-06-17 10:21:03', '2026-06-17 11:43:45'),
(51, 1781691663886, '1411 - 233 - 1259', '2026-03-08', '5', 11, 144.00, 8.54, 1, 1, 1, 0, 'final', 1, '2026-06-17 15:18:15', 1, '2026-06-17 16:13:45', '2026-06-17 10:21:03', '2026-06-17 11:43:45'),
(52, 1781691663886, '1411 - 233 - 1259', '2026-03-08', '5', 12, 120.00, 3.75, 1, 1, 1, 0, 'final', 1, '2026-06-17 15:18:15', 1, '2026-06-17 16:13:45', '2026-06-17 10:21:03', '2026-06-17 11:43:45'),
(53, 1781691663886, '1411 - 233 - 1259', '2026-03-08', '5', 13, 150.00, 9.00, 1, 1, 1, 0, 'final', 1, '2026-06-17 15:18:15', 1, '2026-06-17 16:13:45', '2026-06-17 10:21:03', '2026-06-17 11:43:45'),
(54, 1781691663886, '1411 - 233 - 1259', '2026-03-08', '5', 15, 150.00, 6.00, 1, 1, 1, 0, 'final', 1, '2026-06-17 15:18:15', 1, '2026-06-17 16:13:45', '2026-06-17 10:21:03', '2026-06-17 11:43:45'),
(55, 1781691663886, '1411 - 233 - 1259', '2026-03-08', '5', 16, 150.00, 4.00, 1, 1, 1, 0, 'final', 1, '2026-06-17 15:18:15', 1, '2026-06-17 16:13:45', '2026-06-17 10:21:03', '2026-06-17 11:43:45'),
(56, 1781691663886, '1411 - 233 - 1259', '2026-03-08', '5', 17, 150.00, 0.60, 1, 1, 1, 0, 'final', 1, '2026-06-17 15:18:15', 1, '2026-06-17 16:13:45', '2026-06-17 10:21:03', '2026-06-17 11:43:45'),
(57, 1781692222924, '704 - 1295 - 4459', '2026-04-11', '5', 10, 144.00, 7.09, 1, 1, 1, 0, 'final', 1, '2026-06-17 15:18:26', 1, '2026-06-17 16:13:36', '2026-06-17 10:30:22', '2026-06-17 11:43:36'),
(58, 1781692222924, '704 - 1295 - 4459', '2026-04-11', '5', 11, 144.00, 8.54, 1, 1, 1, 0, 'final', 1, '2026-06-17 15:18:26', 1, '2026-06-17 16:13:36', '2026-06-17 10:30:22', '2026-06-17 11:43:36'),
(59, 1781692222924, '704 - 1295 - 4459', '2026-04-11', '5', 12, 168.00, 4.56, 1, 1, 1, 0, 'final', 1, '2026-06-17 15:18:26', 1, '2026-06-17 16:13:36', '2026-06-17 10:30:22', '2026-06-17 11:43:36'),
(60, 1781692222924, '704 - 1295 - 4459', '2026-04-11', '5', 13, 150.00, 9.00, 1, 1, 1, 0, 'final', 1, '2026-06-17 15:18:26', 1, '2026-06-17 16:13:36', '2026-06-17 10:30:22', '2026-06-17 11:43:36'),
(61, 1781692222924, '704 - 1295 - 4459', '2026-04-11', '5', 15, 100.00, 6.00, 1, 1, 1, 0, 'final', 1, '2026-06-17 15:18:26', 1, '2026-06-17 16:13:36', '2026-06-17 10:30:22', '2026-06-17 11:43:36'),
(62, 1781692222924, '704 - 1295 - 4459', '2026-04-11', '5', 16, 100.00, 4.00, 1, 1, 1, 0, 'final', 1, '2026-06-17 15:18:26', 1, '2026-06-17 16:13:36', '2026-06-17 10:30:22', '2026-06-17 11:43:36'),
(63, 1781692222924, '704 - 1295 - 4459', '2026-04-11', '5', 17, 100.00, 0.60, 1, 1, 1, 0, 'final', 1, '2026-06-17 15:18:26', 1, '2026-06-17 16:13:36', '2026-06-17 10:30:22', '2026-06-17 11:43:36'),
(64, 1781692443175, '1', '2026-04-09', '6', 9, 474.00, 55.00, 1, 1, 1, 0, 'final', 1, '2026-06-17 15:18:35', 1, '2026-06-17 16:13:29', '2026-06-17 10:34:03', '2026-06-17 11:43:29'),
(65, 1781692850757, '20 - 445 -1211', '2026-04-26', '5', 10, 390.00, 8.00, 1, 1, 1, 0, 'final', 1, '2026-06-17 15:18:43', 1, '2026-06-17 16:13:17', '2026-06-17 10:40:50', '2026-06-17 11:43:17'),
(66, 1781692850757, '20 - 445 -1211', '2026-04-26', '5', 11, 384.00, 8.75, 1, 1, 1, 0, 'final', 1, '2026-06-17 15:18:43', 1, '2026-06-17 16:13:17', '2026-06-17 10:40:50', '2026-06-17 11:43:17'),
(67, 1781692850757, '20 - 445 -1211', '2026-04-26', '5', 12, 396.00, 4.59, 1, 1, 1, 0, 'final', 1, '2026-06-17 15:18:43', 1, '2026-06-17 16:13:17', '2026-06-17 10:40:50', '2026-06-17 11:43:17'),
(68, 1781692850757, '20 - 445 -1211', '2026-04-26', '5', 13, 400.00, 9.00, 1, 1, 1, 0, 'final', 1, '2026-06-17 15:18:43', 1, '2026-06-17 16:13:17', '2026-06-17 10:40:50', '2026-06-17 11:43:17'),
(69, 1781692850757, '20 - 445 -1211', '2026-04-26', '5', 15, 350.00, 6.00, 1, 1, 1, 0, 'final', 1, '2026-06-17 15:18:43', 1, '2026-06-17 16:13:17', '2026-06-17 10:40:50', '2026-06-17 11:43:17'),
(70, 1781692850757, '20 - 445 -1211', '2026-04-26', '5', 16, 350.00, 4.00, 1, 1, 1, 0, 'final', 1, '2026-06-17 15:18:43', 1, '2026-06-17 16:13:17', '2026-06-17 10:40:50', '2026-06-17 11:43:17'),
(71, 1781692850757, '20 - 445 -1211', '2026-04-26', '5', 17, 350.00, 0.60, 1, 1, 1, 0, 'final', 1, '2026-06-17 15:18:43', 1, '2026-06-17 16:13:17', '2026-06-17 10:40:50', '2026-06-17 11:43:17'),
(72, 1781692947353, '2', '2026-05-21', '6', 9, 510.00, 55.00, 1, 1, 1, 0, 'final', 1, '2026-06-17 15:18:51', 1, '2026-06-17 16:13:09', '2026-06-17 10:42:27', '2026-06-17 11:43:09'),
(73, 1781693272179, '898 - 2526 - 1413', '2026-06-08', '5', 10, 300.00, 8.17, 1, 1, 1, 0, 'final', 1, '2026-06-17 15:18:57', 1, '2026-06-17 16:13:03', '2026-06-17 10:47:52', '2026-06-17 11:43:03'),
(74, 1781693272179, '898 - 2526 - 1413', '2026-06-08', '5', 11, 312.00, 8.34, 1, 1, 1, 0, 'final', 1, '2026-06-17 15:18:57', 1, '2026-06-17 16:13:03', '2026-06-17 10:47:52', '2026-06-17 11:43:03'),
(75, 1781693272179, '898 - 2526 - 1413', '2026-06-08', '5', 12, 312.00, 4.59, 1, 1, 1, 0, 'final', 1, '2026-06-17 15:18:57', 1, '2026-06-17 16:13:03', '2026-06-17 10:47:52', '2026-06-17 11:43:03'),
(76, 1781693272179, '898 - 2526 - 1413', '2026-06-08', '5', 13, 300.00, 9.00, 1, 1, 1, 0, 'final', 1, '2026-06-17 15:18:57', 1, '2026-06-17 16:13:03', '2026-06-17 10:47:52', '2026-06-17 11:43:03'),
(77, 1781693272179, '898 - 2526 - 1413', '2026-06-08', '5', 15, 300.00, 6.00, 1, 1, 1, 0, 'final', 1, '2026-06-17 15:18:57', 1, '2026-06-17 16:13:03', '2026-06-17 10:47:52', '2026-06-17 11:43:03'),
(78, 1781693272179, '898 - 2526 - 1413', '2026-06-08', '5', 16, 300.00, 5.00, 1, 1, 1, 0, 'final', 1, '2026-06-17 15:18:57', 1, '2026-06-17 16:13:03', '2026-06-17 10:47:52', '2026-06-17 11:43:03'),
(79, 1781693272179, '898 - 2526 - 1413', '2026-06-08', '5', 17, 300.00, 0.60, 1, 1, 1, 0, 'final', 1, '2026-06-17 15:18:57', 1, '2026-06-17 16:13:03', '2026-06-17 10:47:52', '2026-06-17 11:43:03');

-- --------------------------------------------------------

--
-- Table structure for table `survey_forms`
--

CREATE TABLE `survey_forms` (
  `id` int NOT NULL,
  `name` varchar(255) CHARACTER SET utf8mb4 COLLATE utf8mb4_persian_ci NOT NULL,
  `description` text CHARACTER SET utf8mb4 COLLATE utf8mb4_persian_ci,
  `created_at` timestamp NULL DEFAULT CURRENT_TIMESTAMP
) ENGINE=InnoDB DEFAULT CHARSET=utf8mb4 COLLATE=utf8mb4_persian_ci;

--
-- Dumping data for table `survey_forms`
--

INSERT INTO `survey_forms` (`id`, `name`, `description`, `created_at`) VALUES
(1, 'فورم سروی بیماران دیالیز', 'فرم اختصاصی جهت ارزیابی وضعیت بیماران دیالیز', '2026-03-10 12:25:46');

-- --------------------------------------------------------

--
-- Table structure for table `survey_questions`
--

CREATE TABLE `survey_questions` (
  `id` int NOT NULL,
  `version_id` int NOT NULL,
  `question_text` text NOT NULL,
  `question_type` enum('number','option') DEFAULT 'option',
  `options_json` text,
  `sort_order` int DEFAULT '0'
) ENGINE=InnoDB DEFAULT CHARSET=utf8mb4 COLLATE=utf8mb4_0900_ai_ci;

--
-- Dumping data for table `survey_questions`
--

INSERT INTO `survey_questions` (`id`, `version_id`, `question_text`, `question_type`, `options_json`, `sort_order`) VALUES
(63, 38, 'نفقه آور خانواده کیست؟', 'option', '{\"options\":[{\"text\":\"\\u062e\\u0648\\u062f \\u0645\\u0631\\u06cc\\u0636\",\"score\":\"15\"},{\"text\":\"\\u067e\\u062f\\u0631 \\u06cc\\u0627 \\u0634\\u0648\\u0647\\u0631\",\"score\":\"10\"},{\"text\":\"\\u0628\\u0631\\u0627\\u062f\\u0631\\u060c \\u0641\\u0631\\u0632\\u0646\\u062f \\u06cc\\u0627 \\u0627\\u0642\\u0627\\u0631\\u0628\",\"score\":\"7\"}]}', 0),
(64, 38, 'سرپرست اصلی فامیل کیست؟', 'option', '{\"options\":[{\"text\":\"\\u062e\\u0648\\u062f \\u0645\\u0631\\u06cc\\u0636\",\"score\":\"5\"},{\"text\":\"\\u067e\\u062f\\u0631\\u060c \\u0634\\u0648\\u0647\\u0631 \\u06cc\\u0627 \\u0641\\u0631\\u0632\\u0646\\u062f\",\"score\":\"3\"},{\"text\":\"\\u062f\\u06cc\\u06af\\u0631 \\u0627\\u0639\\u0636\\u0627\\u06cc \\u0641\\u0627\\u0645\\u06cc\\u0644\",\"score\":\"2\"}]}', 0),
(65, 38, 'تعداد اعضای فامیل چند نفر است؟', 'option', '{\"options\":[{\"text\":\"7 \\u0646\\u0641\\u0631 \\u06cc\\u0627 \\u0628\\u06cc\\u0634\\u062a\\u0631\",\"score\":\"10\"},{\"text\":\"4 \\u062a\\u0627 6 \\u0646\\u0641\\u0631\",\"score\":\"7\"},{\"text\":\"1 \\u062a\\u0627 3 \\u0646\\u0641\\u0631\",\"score\":\"4\"}]}', 0),
(66, 38, 'آیا در فامیل افراد آسیب پذیر (اطفال، سالمندان، معلولین) وجود دارد؟', 'option', '{\"options\":[{\"text\":\"\\u062f\\u0627\\u0631\\u062f\",\"score\":\"10\"},{\"text\":\"\\u0646\\u062f\\u0627\\u0631\\u062f\",\"score\":\"0\"}]}', 0),
(67, 38, 'مدت دیالیز مریض چقدر است؟', 'option', '{\"options\":[{\"text\":\"\\u0628\\u06cc\\u0634\\u062a\\u0631 \\u0627\\u0632 3 \\u0633\\u0627\\u0644\",\"score\":\"10\"},{\"text\":\"1 \\u062a\\u0627 3 \\u0633\\u0627\\u0644\",\"score\":\"7\"},{\"text\":\"\\u06a9\\u0645\\u062a\\u0631 \\u0627\\u0632 1 \\u0633\\u0627\\u0644\",\"score\":\"4\"}]}', 0),
(68, 38, 'مریض در ماه چند جلسه دیالیز نیاز دارد؟', 'option', '{\"options\":[{\"text\":\"8 \\u062c\\u0644\\u0633\\u0647\",\"score\":\"5\"},{\"text\":\"4 \\u062c\\u0644\\u0633\\u0647\",\"score\":\"3\"}]}', 0),
(69, 38, 'عاید ماهانه فامیل چقدر است؟', 'option', '{\"options\":[{\"text\":\"5000 \\u0627\\u0641\\u063a\\u0627\\u0646\\u06cc \\u06cc\\u0627 \\u06a9\\u0645\\u062a\\u0631\",\"score\":\"10\"},{\"text\":\"7000 \\u0627\\u0641\\u063a\\u0627\\u0646\\u06cc \\u06cc\\u0627 \\u06a9\\u0645\\u062a\\u0631\",\"score\":\"7\"},{\"text\":\"\\u0628\\u06cc\\u0634\\u062a\\u0631 \\u0627\\u0632 10000 \\u0627\\u0641\\u063a\\u0627\\u0646\\u06cc\",\"score\":\"5\"}]}', 0),
(70, 38, 'توان خرید دوا چگونه است؟', 'option', '{\"options\":[{\"text\":\"\\u0647\\u06cc\\u0686 \\u062a\\u0648\\u0627\\u0646 \\u0646\\u062f\\u0627\\u0631\\u062f\",\"score\":\"10\"},{\"text\":\"\\u062a\\u0627 \\u062d\\u062f\\u06cc \\u062a\\u0648\\u0627\\u0646 \\u062f\\u0627\\u0631\\u062f\",\"score\":\"5\"},{\"text\":\"\\u062a\\u0648\\u0627\\u0646 \\u06a9\\u0627\\u0645\\u0644 \\u062f\\u0627\\u0631\\u062f\",\"score\":\"0\"}]}', 0),
(71, 38, 'محل سکونت مریض کجاست؟', 'option', '{\"options\":[{\"text\":\"\\u0648\\u0644\\u0627\\u06cc\\u0627\\u062a \\u062f\\u0648\\u0631\\u062f\\u0633\\u062a\",\"score\":\"7\"},{\"text\":\"\\u0648\\u0644\\u0633\\u0648\\u0627\\u0644\\u06cc\",\"score\":\"5\"},{\"text\":\"\\u0634\\u0647\\u0631 \\u0645\\u0632\\u0627\\u0631 \\u0634\\u0631\\u06cc\\u0641\",\"score\":\"3\"}]}', 0),
(72, 38, 'وضعیت مسکن چگونه است؟', 'option', '{\"options\":[{\"text\":\"\\u06a9\\u0631\\u0627\\u06cc\\u06cc \\u06cc\\u0627 \\u0628\\u062f\\u0648\\u0646 \\u0633\\u0631\\u067e\\u0646\\u0627\\u0647\",\"score\":\"10\"},{\"text\":\"\\u0631\\u0627\\u06cc\\u06af\\u0627\\u0646\",\"score\":\"7\"},{\"text\":\"\\u062e\\u0627\\u0646\\u0647 \\u0634\\u062e\\u0635\\u06cc\",\"score\":\"4\"}]}', 0),
(73, 38, 'آیا مریض بیماری های همراه دارد؟', 'option', '{\"options\":[{\"text\":\"\\u0647\\u067e\\u0627\\u062a\\u06cc\\u062a B \\u06cc\\u0627 C\",\"score\":\"10\"},{\"text\":\"\\u0628\\u06cc\\u0645\\u0627\\u0631\\u06cc \\u0647\\u0627\\u06cc \\u062f\\u06cc\\u06af\\u0631 (\\u0642\\u0644\\u0628\\u06cc\\u060c \\u0634\\u06a9\\u0631\\u060c \\u0641\\u0634\\u0627\\u0631 \\u062e\\u0648\\u0646)\",\"score\":\"7\"},{\"text\":\"\\u0647\\u06cc\\u0686 \\u0628\\u06cc\\u0645\\u0627\\u0631\\u06cc \\u0646\\u062f\\u0627\\u0631\\u062f\",\"score\":\"0\"}]}', 0),
(74, 38, 'ارزیابی نهایی سروی کننده از وضعیت مریض', 'option', '{\"options\":[{\"text\":\"\\u0646\\u06cc\\u0627\\u0632 \\u0634\\u062f\\u06cc\\u062f\",\"score\":\"20\"},{\"text\":\"\\u0646\\u06cc\\u0627\\u0632 \\u0645\\u062a\\u0648\\u0633\\u0637\",\"score\":\"5\"},{\"text\":\"\\u0646\\u06cc\\u0627\\u0632 \\u06a9\\u0645\",\"score\":\"0\"}]}', 0);

-- --------------------------------------------------------

--
-- Table structure for table `survey_results`
--

CREATE TABLE `survey_results` (
  `id` int NOT NULL,
  `patient_id` int NOT NULL,
  `version_id` int NOT NULL,
  `responses_json` text NOT NULL,
  `total_score` int DEFAULT '0',
  `earned_credit` int DEFAULT '0',
  `is_verified` tinyint(1) DEFAULT '0',
  `status` varchar(50) DEFAULT 'pending',
  `created_at` timestamp NULL DEFAULT CURRENT_TIMESTAMP
) ENGINE=InnoDB DEFAULT CHARSET=utf8mb4 COLLATE=utf8mb4_0900_ai_ci;

--
-- Dumping data for table `survey_results`
--

INSERT INTO `survey_results` (`id`, `patient_id`, `version_id`, `responses_json`, `total_score`, `earned_credit`, `is_verified`, `status`, `created_at`) VALUES
(10, 1, 38, '{\"63\":10,\"64\":3,\"65\":10,\"66\":0,\"67\":10,\"68\":5,\"69\":7,\"70\":5,\"71\":3,\"72\":10,\"73\":10,\"74\":20}', 93, 3, 1, 'pending', '2026-04-15 10:25:25'),
(16, 2, 38, '{\"63\":10,\"64\":3,\"65\":10,\"66\":0,\"67\":7,\"68\":5,\"69\":10,\"70\":5,\"71\":3,\"72\":4,\"73\":10,\"74\":20}', 87, 3, 1, 'pending', '2026-04-15 10:51:49'),
(17, 3, 38, '{\"63\":7,\"64\":2,\"65\":10,\"66\":10,\"67\":4,\"68\":3,\"69\":5,\"70\":10,\"71\":5,\"72\":4,\"73\":0,\"74\":5}', 65, 1, 1, 'pending', '2026-04-15 11:05:59'),
(20, 4, 38, '{\"63\":10,\"64\":3,\"65\":10,\"66\":10,\"67\":4,\"68\":5,\"69\":5,\"70\":5,\"71\":5,\"72\":4,\"73\":7,\"74\":5}', 73, 2, 1, 'pending', '2026-04-18 07:18:03'),
(21, 5, 38, '{\"63\":15,\"64\":5,\"65\":10,\"66\":10,\"67\":10,\"68\":5,\"69\":10,\"70\":10,\"71\":5,\"72\":4,\"73\":10,\"74\":20}', 114, 3, 1, 'pending', '2026-04-18 07:33:46'),
(22, 6, 38, '{\"63\":7,\"64\":3,\"65\":10,\"66\":0,\"67\":4,\"68\":3,\"69\":5,\"70\":10,\"71\":5,\"72\":4,\"73\":10,\"74\":5}', 66, 1, 1, 'pending', '2026-04-18 07:49:52'),
(24, 7, 38, '{\"63\":10,\"64\":3,\"65\":10,\"66\":10,\"67\":10,\"68\":3,\"69\":10,\"70\":10,\"71\":5,\"72\":4,\"73\":7,\"74\":5}', 87, 2, 1, 'pending', '2026-04-18 08:01:56'),
(25, 8, 38, '{\"63\":10,\"64\":3,\"65\":10,\"66\":10,\"67\":4,\"68\":5,\"69\":7,\"70\":5,\"71\":3,\"72\":4,\"73\":0,\"74\":20}', 81, 3, 1, 'pending', '2026-04-18 08:09:36'),
(26, 9, 38, '{\"63\":10,\"64\":3,\"65\":7,\"66\":10,\"67\":7,\"68\":5,\"69\":7,\"70\":10,\"71\":3,\"72\":7,\"73\":10,\"74\":5}', 84, 3, 1, 'pending', '2026-04-18 08:19:58'),
(27, 10, 38, '{\"63\":7,\"64\":3,\"65\":4,\"66\":0,\"67\":4,\"68\":5,\"69\":5,\"70\":5,\"71\":3,\"72\":4,\"73\":10,\"74\":5}', 55, 1, 1, 'pending', '2026-04-18 08:33:36'),
(28, 11, 38, '{\"63\":7,\"64\":2,\"65\":7,\"66\":10,\"67\":7,\"68\":5,\"69\":10,\"70\":5,\"71\":3,\"72\":10,\"73\":10,\"74\":5}', 81, 3, 1, 'pending', '2026-04-18 09:52:22'),
(29, 12, 38, '{\"63\":7,\"64\":2,\"65\":7,\"66\":0,\"67\":7,\"68\":5,\"69\":5,\"70\":5,\"71\":3,\"72\":4,\"73\":7,\"74\":5}', 57, 1, 1, 'pending', '2026-04-18 10:24:01'),
(36, 13, 38, '{\"63\":7,\"64\":2,\"65\":7,\"66\":0,\"67\":7,\"68\":5,\"69\":7,\"70\":10,\"71\":7,\"72\":4,\"73\":7,\"74\":20}', 83, 3, 1, 'pending', '2026-04-19 08:33:47'),
(38, 14, 38, '{\"63\":7,\"64\":2,\"65\":10,\"66\":10,\"67\":4,\"68\":5,\"69\":5,\"70\":10,\"71\":3,\"72\":4,\"73\":10,\"74\":20}', 90, 3, 1, 'pending', '2026-04-19 08:50:54'),
(39, 15, 38, '{\"63\":15,\"64\":5,\"65\":10,\"66\":0,\"67\":7,\"68\":5,\"69\":5,\"70\":10,\"71\":7,\"72\":10,\"73\":7,\"74\":20}', 101, 3, 1, 'pending', '2026-04-19 08:56:43'),
(40, 16, 38, '{\"63\":10,\"64\":3,\"65\":10,\"66\":0,\"67\":10,\"68\":5,\"69\":5,\"70\":5,\"71\":3,\"72\":4,\"73\":10,\"74\":0}', 65, 1, 1, 'pending', '2026-04-19 09:02:37'),
(41, 17, 38, '{\"63\":7,\"64\":3,\"65\":7,\"66\":0,\"67\":4,\"68\":3,\"69\":7,\"70\":10,\"71\":3,\"72\":10,\"73\":10,\"74\":5}', 69, 1, 1, 'pending', '2026-04-19 10:02:21'),
(42, 18, 38, '{\"63\":7,\"64\":3,\"65\":10,\"66\":0,\"67\":7,\"68\":5,\"69\":10,\"70\":10,\"71\":3,\"72\":4,\"73\":0,\"74\":20}', 79, 2, 1, 'pending', '2026-04-19 10:07:18'),
(44, 19, 38, '{\"63\":10,\"64\":3,\"65\":10,\"66\":0,\"67\":7,\"68\":3,\"69\":7,\"70\":10,\"71\":7,\"72\":4,\"73\":0,\"74\":5}', 66, 1, 1, 'pending', '2026-04-19 10:15:58'),
(45, 20, 38, '{\"63\":15,\"64\":5,\"65\":10,\"66\":0,\"67\":7,\"68\":3,\"69\":10,\"70\":10,\"71\":3,\"72\":10,\"73\":0,\"74\":20}', 93, 3, 1, 'pending', '2026-04-19 10:50:51'),
(46, 21, 38, '{\"63\":15,\"64\":2,\"65\":7,\"66\":0,\"67\":4,\"68\":3,\"69\":10,\"70\":10,\"71\":3,\"72\":10,\"73\":7,\"74\":5}', 76, 2, 1, 'pending', '2026-04-19 11:01:14'),
(47, 22, 38, '{\"63\":7,\"64\":3,\"65\":10,\"66\":0,\"67\":10,\"68\":5,\"69\":5,\"70\":5,\"71\":3,\"72\":10,\"73\":10,\"74\":5}', 73, 2, 1, 'pending', '2026-04-19 11:13:30'),
(49, 23, 38, '{\"63\":15,\"64\":3,\"65\":10,\"66\":0,\"67\":7,\"68\":3,\"69\":10,\"70\":10,\"71\":7,\"72\":4,\"73\":7,\"74\":5}', 81, 2, 1, 'pending', '2026-04-19 11:40:47'),
(50, 24, 38, '{\"63\":10,\"64\":3,\"65\":7,\"66\":0,\"67\":10,\"68\":5,\"69\":7,\"70\":5,\"71\":3,\"72\":10,\"73\":10,\"74\":5}', 75, 2, 1, 'pending', '2026-04-21 07:50:19'),
(51, 25, 38, '{\"63\":15,\"64\":5,\"65\":10,\"66\":10,\"67\":10,\"68\":5,\"69\":5,\"70\":10,\"71\":7,\"72\":10,\"73\":10,\"74\":20}', 117, 3, 1, 'pending', '2026-04-21 07:58:23'),
(52, 26, 38, '{\"63\":7,\"64\":3,\"65\":4,\"66\":0,\"67\":7,\"68\":5,\"69\":7,\"70\":10,\"71\":3,\"72\":10,\"73\":0,\"74\":20}', 76, 2, 1, 'pending', '2026-04-21 08:06:57'),
(53, 27, 38, '{\"63\":10,\"64\":3,\"65\":10,\"66\":0,\"67\":7,\"68\":5,\"69\":5,\"70\":5,\"71\":3,\"72\":4,\"73\":10,\"74\":5}', 67, 1, 1, 'pending', '2026-04-21 08:12:29'),
(54, 28, 38, '{\"63\":7,\"64\":3,\"65\":7,\"66\":0,\"67\":10,\"68\":5,\"69\":5,\"70\":5,\"71\":3,\"72\":4,\"73\":10,\"74\":5}', 64, 1, 1, 'pending', '2026-04-21 08:21:05'),
(56, 29, 38, '{\"63\":10,\"64\":3,\"65\":10,\"66\":0,\"67\":4,\"68\":5,\"69\":7,\"70\":10,\"71\":3,\"72\":4,\"73\":0,\"74\":20}', 76, 2, 1, 'pending', '2026-04-21 08:38:37'),
(57, 30, 38, '{\"63\":15,\"64\":5,\"65\":7,\"66\":0,\"67\":10,\"68\":5,\"69\":7,\"70\":5,\"71\":7,\"72\":10,\"73\":0,\"74\":5}', 76, 2, 1, 'pending', '2026-04-21 08:44:48'),
(58, 31, 38, '{\"63\":15,\"64\":5,\"65\":7,\"66\":10,\"67\":4,\"68\":5,\"69\":10,\"70\":10,\"71\":3,\"72\":4,\"73\":7,\"74\":20}', 100, 3, 1, 'pending', '2026-04-21 09:04:31'),
(59, 32, 38, '{\"63\":7,\"64\":3,\"65\":7,\"66\":10,\"67\":7,\"68\":3,\"69\":5,\"70\":5,\"71\":7,\"72\":4,\"73\":7,\"74\":5}', 70, 2, 1, 'pending', '2026-04-21 09:39:12'),
(60, 33, 38, '{\"63\":15,\"64\":5,\"65\":7,\"66\":0,\"67\":4,\"68\":5,\"69\":7,\"70\":10,\"71\":3,\"72\":4,\"73\":10,\"74\":20}', 90, 3, 1, 'pending', '2026-04-21 09:51:11'),
(62, 35, 38, '{\"63\":10,\"64\":3,\"65\":7,\"66\":0,\"67\":10,\"68\":5,\"69\":5,\"70\":10,\"71\":3,\"72\":4,\"73\":10,\"74\":20}', 87, 3, 1, 'pending', '2026-04-21 10:02:36'),
(63, 34, 38, '{\"63\":7,\"64\":3,\"65\":10,\"66\":0,\"67\":4,\"68\":3,\"69\":10,\"70\":10,\"71\":7,\"72\":4,\"73\":0,\"74\":20}', 78, 2, 1, 'pending', '2026-04-21 10:13:19'),
(64, 36, 38, '{\"63\":7,\"64\":2,\"65\":7,\"66\":10,\"67\":10,\"68\":5,\"69\":10,\"70\":10,\"71\":3,\"72\":10,\"73\":10,\"74\":20}', 104, 3, 1, 'pending', '2026-04-21 10:24:00'),
(65, 37, 38, '{\"63\":10,\"64\":3,\"65\":7,\"66\":0,\"67\":4,\"68\":5,\"69\":7,\"70\":10,\"71\":7,\"72\":10,\"73\":10,\"74\":20}', 93, 3, 1, 'pending', '2026-04-21 10:42:31'),
(66, 38, 38, '{\"63\":7,\"64\":2,\"65\":10,\"66\":0,\"67\":10,\"68\":5,\"69\":7,\"70\":10,\"71\":3,\"72\":10,\"73\":10,\"74\":5}', 79, 2, 1, 'pending', '2026-04-21 10:59:46'),
(67, 39, 38, '{\"63\":10,\"64\":3,\"65\":10,\"66\":0,\"67\":4,\"68\":5,\"69\":7,\"70\":10,\"71\":5,\"72\":4,\"73\":0,\"74\":20}', 78, 2, 1, 'pending', '2026-04-21 11:10:57'),
(68, 40, 38, '{\"63\":10,\"64\":3,\"65\":10,\"66\":0,\"67\":4,\"68\":3,\"69\":10,\"70\":10,\"71\":3,\"72\":4,\"73\":10,\"74\":20}', 87, 2, 1, 'pending', '2026-04-21 11:22:21'),
(70, 41, 38, '{\"63\":7,\"64\":3,\"65\":10,\"66\":0,\"67\":4,\"68\":3,\"69\":10,\"70\":10,\"71\":3,\"72\":7,\"73\":10,\"74\":5}', 72, 2, 1, 'pending', '2026-04-21 11:35:13'),
(71, 42, 38, '{\"63\":7,\"64\":3,\"65\":7,\"66\":0,\"67\":4,\"68\":3,\"69\":7,\"70\":10,\"71\":3,\"72\":10,\"73\":0,\"74\":20}', 74, 2, 1, 'pending', '2026-04-21 11:43:41'),
(72, 43, 38, '{\"63\":7,\"64\":2,\"65\":10,\"66\":0,\"67\":4,\"68\":5,\"69\":7,\"70\":10,\"71\":5,\"72\":4,\"73\":0,\"74\":20}', 74, 2, 1, 'pending', '2026-04-21 11:50:21'),
(73, 44, 38, '{\"63\":10,\"64\":3,\"65\":10,\"66\":0,\"67\":7,\"68\":5,\"69\":5,\"70\":5,\"71\":3,\"72\":4,\"73\":10,\"74\":5}', 67, 1, 1, 'pending', '2026-04-21 12:06:18'),
(74, 45, 38, '{\"63\":10,\"64\":3,\"65\":10,\"66\":10,\"67\":10,\"68\":5,\"69\":5,\"70\":10,\"71\":3,\"72\":10,\"73\":10,\"74\":20}', 106, 3, 1, 'pending', '2026-04-21 12:14:26'),
(75, 46, 38, '{\"63\":10,\"64\":3,\"65\":10,\"66\":0,\"67\":7,\"68\":5,\"69\":7,\"70\":10,\"71\":3,\"72\":10,\"73\":10,\"74\":20}', 95, 3, 1, 'pending', '2026-04-21 12:22:14'),
(76, 47, 38, '{\"63\":10,\"64\":2,\"65\":10,\"66\":0,\"67\":10,\"68\":5,\"69\":10,\"70\":10,\"71\":3,\"72\":10,\"73\":10,\"74\":20}', 100, 3, 1, 'pending', '2026-04-21 12:27:53'),
(78, 48, 38, '{\"63\":15,\"64\":5,\"65\":7,\"66\":0,\"67\":10,\"68\":5,\"69\":5,\"70\":5,\"71\":3,\"72\":4,\"73\":10,\"74\":5}', 74, 2, 1, 'pending', '2026-04-21 12:45:12'),
(80, 49, 38, '{\"63\":10,\"64\":3,\"65\":7,\"66\":10,\"67\":4,\"68\":3,\"69\":10,\"70\":5,\"71\":5,\"72\":4,\"73\":7,\"74\":5}', 73, 2, 1, 'pending', '2026-04-21 12:56:33'),
(81, 50, 38, '{\"63\":10,\"64\":3,\"65\":10,\"66\":10,\"67\":4,\"68\":3,\"69\":10,\"70\":10,\"71\":7,\"72\":7,\"73\":0,\"74\":20}', 94, 3, 1, 'pending', '2026-04-21 13:01:23'),
(82, 51, 38, '{\"63\":15,\"64\":5,\"65\":10,\"66\":10,\"67\":7,\"68\":5,\"69\":10,\"70\":10,\"71\":3,\"72\":4,\"73\":10,\"74\":20}', 109, 3, 1, 'pending', '2026-04-22 06:52:52'),
(83, 52, 38, '{\"63\":10,\"64\":3,\"65\":10,\"66\":0,\"67\":4,\"68\":5,\"69\":7,\"70\":10,\"71\":3,\"72\":7,\"73\":0,\"74\":20}', 79, 2, 1, 'pending', '2026-04-22 06:58:25'),
(85, 53, 38, '{\"63\":7,\"64\":2,\"65\":10,\"66\":0,\"67\":4,\"68\":5,\"69\":10,\"70\":10,\"71\":5,\"72\":4,\"73\":10,\"74\":5}', 72, 2, 1, 'pending', '2026-04-22 07:17:41'),
(86, 54, 38, '{\"63\":7,\"64\":2,\"65\":10,\"66\":0,\"67\":4,\"68\":5,\"69\":10,\"70\":10,\"71\":3,\"72\":7,\"73\":7,\"74\":20}', 85, 3, 1, 'pending', '2026-04-22 07:34:40'),
(87, 55, 38, '{\"63\":7,\"64\":2,\"65\":10,\"66\":10,\"67\":7,\"68\":5,\"69\":7,\"70\":5,\"71\":3,\"72\":10,\"73\":10,\"74\":20}', 96, 3, 1, 'pending', '2026-04-22 11:04:51'),
(88, 56, 38, '{\"63\":10,\"64\":3,\"65\":10,\"66\":0,\"67\":10,\"68\":5,\"69\":10,\"70\":10,\"71\":3,\"72\":10,\"73\":10,\"74\":20}', 101, 3, 1, 'pending', '2026-04-22 11:09:56'),
(89, 57, 38, '{\"63\":10,\"64\":3,\"65\":7,\"66\":10,\"67\":7,\"68\":5,\"69\":10,\"70\":10,\"71\":3,\"72\":10,\"73\":7,\"74\":20}', 102, 3, 1, 'pending', '2026-04-22 11:17:48'),
(91, 58, 38, '{\"63\":7,\"64\":2,\"65\":7,\"66\":10,\"67\":4,\"68\":3,\"69\":10,\"70\":10,\"71\":3,\"72\":10,\"73\":7,\"74\":20}', 93, 3, 1, 'pending', '2026-04-22 11:37:06'),
(92, 59, 38, '{\"63\":10,\"64\":3,\"65\":10,\"66\":0,\"67\":7,\"68\":3,\"69\":10,\"70\":5,\"71\":3,\"72\":4,\"73\":7,\"74\":5}', 67, 1, 1, 'pending', '2026-04-22 11:41:20'),
(93, 60, 38, '{\"63\":15,\"64\":2,\"65\":10,\"66\":0,\"67\":4,\"68\":3,\"69\":10,\"70\":5,\"71\":5,\"72\":4,\"73\":7,\"74\":5}', 70, 2, 1, 'pending', '2026-04-22 11:46:16'),
(95, 61, 38, '{\"63\":10,\"64\":3,\"65\":7,\"66\":10,\"67\":4,\"68\":5,\"69\":5,\"70\":5,\"71\":7,\"72\":4,\"73\":7,\"74\":5}', 72, 2, 1, 'pending', '2026-04-22 11:54:46'),
(96, 62, 38, '{\"63\":7,\"64\":3,\"65\":10,\"66\":0,\"67\":7,\"68\":5,\"69\":5,\"70\":5,\"71\":5,\"72\":10,\"73\":10,\"74\":5}', 72, 2, 1, 'pending', '2026-04-22 12:03:18'),
(97, 63, 38, '{\"63\":15,\"64\":5,\"65\":10,\"66\":0,\"67\":4,\"68\":5,\"69\":10,\"70\":10,\"71\":3,\"72\":4,\"73\":7,\"74\":20}', 93, 3, 1, 'pending', '2026-04-22 12:06:25'),
(98, 64, 38, '{\"63\":15,\"64\":5,\"65\":10,\"66\":0,\"67\":7,\"68\":5,\"69\":10,\"70\":10,\"71\":5,\"72\":10,\"73\":7,\"74\":20}', 104, 3, 1, 'pending', '2026-04-22 12:09:30'),
(99, 65, 38, '{\"63\":10,\"64\":3,\"65\":10,\"66\":0,\"67\":4,\"68\":5,\"69\":10,\"70\":10,\"71\":7,\"72\":10,\"73\":7,\"74\":20}', 96, 3, 1, 'pending', '2026-04-22 12:12:38'),
(101, 66, 38, '{\"63\":10,\"64\":3,\"65\":7,\"66\":0,\"67\":7,\"68\":5,\"69\":10,\"70\":5,\"71\":7,\"72\":4,\"73\":7,\"74\":5}', 70, 2, 1, 'pending', '2026-04-22 12:20:17'),
(102, 72, 38, '{\"63\":10,\"64\":3,\"65\":10,\"66\":10,\"67\":4,\"68\":5,\"69\":10,\"70\":10,\"71\":7,\"72\":7,\"73\":0,\"74\":20}', 96, 3, 1, 'pending', '2026-05-04 11:17:01'),
(103, 73, 38, '{\"63\":15,\"64\":5,\"65\":10,\"66\":10,\"67\":4,\"68\":5,\"69\":10,\"70\":10,\"71\":7,\"72\":10,\"73\":0,\"74\":20}', 106, 3, 1, 'pending', '2026-05-04 11:21:16'),
(104, 74, 38, '{\"63\":10,\"64\":3,\"65\":7,\"66\":0,\"67\":7,\"68\":5,\"69\":10,\"70\":5,\"71\":7,\"72\":10,\"73\":10,\"74\":5}', 79, 2, 1, 'pending', '2026-05-04 11:26:20'),
(105, 75, 38, '{\"63\":10,\"64\":3,\"65\":7,\"66\":0,\"67\":4,\"68\":5,\"69\":10,\"70\":10,\"71\":3,\"72\":10,\"73\":0,\"74\":20}', 82, 3, 1, 'pending', '2026-05-04 11:34:52'),
(106, 76, 38, '{\"63\":10,\"64\":3,\"65\":10,\"66\":0,\"67\":4,\"68\":5,\"69\":7,\"70\":5,\"71\":3,\"72\":7,\"73\":0,\"74\":20}', 74, 2, 1, 'pending', '2026-05-04 11:43:01'),
(107, 77, 38, '{\"63\":7,\"64\":5,\"65\":7,\"66\":0,\"67\":4,\"68\":3,\"69\":10,\"70\":5,\"71\":5,\"72\":4,\"73\":0,\"74\":5}', 55, 0, 1, 'pending', '2026-05-04 11:48:25'),
(108, 79, 38, '{\"63\":10,\"64\":3,\"65\":10,\"66\":0,\"67\":4,\"68\":5,\"69\":5,\"70\":5,\"71\":7,\"72\":4,\"73\":0,\"74\":5}', 58, 1, 1, 'pending', '2026-05-19 08:45:49'),
(110, 80, 38, '{\"63\":10,\"64\":3,\"65\":10,\"66\":0,\"67\":4,\"68\":5,\"69\":10,\"70\":5,\"71\":7,\"72\":4,\"73\":7,\"74\":5}', 70, 2, 1, 'pending', '2026-05-19 10:10:33'),
(112, 81, 38, '{\"63\":10,\"64\":3,\"65\":10,\"66\":10,\"67\":4,\"68\":5,\"69\":10,\"70\":5,\"71\":7,\"72\":4,\"73\":7,\"74\":20}', 95, 3, 1, 'pending', '2026-05-19 10:54:18'),
(113, 82, 38, '{\"63\":15,\"64\":2,\"65\":10,\"66\":0,\"67\":10,\"68\":5,\"69\":10,\"70\":10,\"71\":7,\"72\":10,\"73\":7,\"74\":20}', 106, 3, 1, 'pending', '2026-05-19 11:00:54'),
(114, 83, 38, '{\"63\":7,\"64\":3,\"65\":10,\"66\":0,\"67\":10,\"68\":5,\"69\":10,\"70\":5,\"71\":3,\"72\":10,\"73\":0,\"74\":5}', 68, 1, 1, 'pending', '2026-05-19 11:08:00'),
(115, 84, 38, '{\"63\":10,\"64\":3,\"65\":7,\"66\":0,\"67\":4,\"68\":3,\"69\":10,\"70\":5,\"71\":5,\"72\":4,\"73\":0,\"74\":5}', 56, 0, 1, 'pending', '2026-05-19 11:12:19'),
(117, 86, 38, '{\"63\":10,\"64\":3,\"65\":7,\"66\":10,\"67\":4,\"68\":3,\"69\":10,\"70\":10,\"71\":5,\"72\":4,\"73\":0,\"74\":20}', 86, 2, 1, 'pending', '2026-05-21 11:07:31'),
(118, 85, 38, '{\"63\":7,\"64\":5,\"65\":10,\"66\":0,\"67\":7,\"68\":5,\"69\":10,\"70\":10,\"71\":3,\"72\":4,\"73\":7,\"74\":20}', 88, 3, 1, 'pending', '2026-05-21 11:14:16'),
(120, 87, 38, '{\"63\":7,\"64\":3,\"65\":7,\"66\":0,\"67\":7,\"68\":3,\"69\":10,\"70\":5,\"71\":3,\"72\":10,\"73\":10,\"74\":5}', 70, 2, 1, 'pending', '2026-05-21 11:29:08'),
(121, 88, 38, '{\"63\":10,\"64\":3,\"65\":7,\"66\":0,\"67\":4,\"68\":5,\"69\":10,\"70\":10,\"71\":5,\"72\":4,\"73\":0,\"74\":20}', 78, 2, 1, 'pending', '2026-05-21 11:39:19'),
(122, 89, 38, '{\"63\":7,\"64\":3,\"65\":10,\"66\":0,\"67\":4,\"68\":3,\"69\":10,\"70\":10,\"71\":3,\"72\":4,\"73\":0,\"74\":20}', 74, 2, 1, 'pending', '2026-05-31 07:50:48'),
(123, 90, 38, '{\"63\":10,\"64\":3,\"65\":10,\"66\":0,\"67\":10,\"68\":5,\"69\":10,\"70\":10,\"72\":10,\"73\":0,\"74\":20}', 88, 3, 1, 'pending', '2026-05-31 07:55:23'),
(124, 91, 38, '{\"63\":7,\"64\":3,\"65\":10,\"66\":10,\"67\":7,\"68\":5,\"69\":10,\"70\":10,\"71\":3,\"72\":10,\"73\":0,\"74\":20}', 95, 3, 1, 'pending', '2026-06-02 10:28:26'),
(125, 92, 38, '{\"63\":15,\"64\":5,\"65\":10,\"66\":0,\"67\":4,\"68\":5,\"69\":10,\"70\":10,\"71\":3,\"72\":7,\"73\":0,\"74\":20}', 89, 3, 1, 'pending', '2026-06-02 10:33:08'),
(126, 93, 38, '{\"63\":10,\"64\":3,\"65\":10,\"66\":0,\"67\":4,\"68\":3,\"69\":10,\"70\":10,\"71\":3,\"72\":10,\"73\":0,\"74\":20}', 83, 2, 1, 'pending', '2026-06-02 10:37:46'),
(127, 94, 38, '{\"63\":15,\"64\":5,\"65\":7,\"66\":10,\"67\":7,\"68\":3,\"69\":10,\"70\":10,\"71\":3,\"72\":10,\"73\":7,\"74\":20}', 107, 3, 1, 'pending', '2026-06-07 11:29:33'),
(128, 95, 38, '{\"63\":7,\"64\":5,\"65\":10,\"66\":10,\"67\":4,\"68\":5,\"69\":10,\"70\":5,\"71\":3,\"72\":7,\"73\":0,\"74\":5}', 71, 2, 1, 'pending', '2026-06-07 11:34:06'),
(129, 96, 38, '{\"63\":10,\"64\":3,\"65\":7,\"66\":10,\"67\":4,\"68\":3,\"69\":10,\"70\":10,\"71\":5,\"72\":4,\"73\":0,\"74\":20}', 86, 2, 1, 'pending', '2026-06-09 10:41:49'),
(130, 97, 38, '{\"63\":10,\"64\":3,\"65\":7,\"66\":0,\"67\":4,\"68\":5,\"69\":7,\"70\":5,\"71\":7,\"72\":4,\"73\":0,\"74\":5}', 57, 1, 1, 'pending', '2026-06-09 10:45:55'),
(131, 98, 38, '{\"63\":15,\"64\":2,\"65\":7,\"66\":10,\"67\":7,\"68\":3,\"69\":10,\"70\":10,\"71\":3,\"72\":7,\"73\":10,\"74\":20}', 104, 3, 1, 'pending', '2026-06-09 10:50:37'),
(132, 99, 38, '{\"63\":7,\"64\":3,\"65\":10,\"66\":10,\"67\":4,\"68\":5,\"69\":7,\"70\":5,\"71\":5,\"72\":4,\"73\":7,\"74\":5}', 72, 2, 1, 'pending', '2026-06-09 11:01:49'),
(133, 100, 38, '{\"63\":7,\"64\":3,\"65\":10,\"66\":10,\"67\":4,\"68\":3,\"69\":10,\"70\":5,\"71\":5,\"72\":7,\"73\":0,\"74\":20}', 84, 2, 1, 'pending', '2026-06-09 11:07:55'),
(134, 101, 38, '{\"63\":7,\"64\":3,\"65\":10,\"66\":10,\"67\":4,\"68\":3,\"69\":10,\"70\":5,\"71\":5,\"72\":7,\"73\":0,\"74\":20}', 84, 2, 1, 'pending', '2026-06-09 11:15:35'),
(135, 102, 38, '{\"63\":10,\"64\":3,\"65\":7,\"66\":0,\"67\":7,\"68\":5,\"69\":10,\"70\":5,\"71\":7,\"72\":7,\"73\":10,\"74\":5}', 76, 2, 1, 'pending', '2026-06-11 09:18:18'),
(136, 103, 38, '{\"63\":10,\"64\":3,\"65\":10,\"66\":0,\"67\":10,\"68\":5,\"69\":10,\"70\":10,\"71\":5,\"72\":4,\"73\":0,\"74\":20}', 87, 3, 1, 'pending', '2026-06-11 09:21:38'),
(137, 104, 38, '{\"63\":10,\"64\":3,\"65\":7,\"66\":10,\"67\":4,\"68\":5,\"69\":10,\"70\":5,\"71\":5,\"72\":4,\"73\":0,\"74\":20}', 83, 3, 1, 'pending', '2026-06-11 10:03:15'),
(138, 105, 38, '{\"63\":15,\"64\":5,\"65\":10,\"66\":10,\"67\":4,\"68\":3,\"69\":10,\"70\":5,\"71\":5,\"72\":10,\"73\":0,\"74\":5}', 82, 2, 1, 'pending', '2026-06-14 07:51:13'),
(139, 106, 38, '{\"63\":7,\"64\":3,\"65\":7,\"66\":0,\"67\":4,\"68\":3,\"69\":10,\"70\":5,\"71\":3,\"72\":10,\"73\":0,\"74\":5}', 57, 0, 1, 'pending', '2026-06-14 08:14:25'),
(140, 107, 38, '{\"63\":15,\"64\":5,\"65\":7,\"66\":0,\"67\":4,\"68\":3,\"69\":10,\"70\":10,\"71\":7,\"72\":4,\"73\":7,\"74\":20}', 92, 3, 1, 'pending', '2026-06-14 08:18:59'),
(141, 108, 38, '{\"63\":7,\"64\":3,\"65\":10,\"66\":0,\"67\":4,\"68\":3,\"69\":10,\"70\":10,\"71\":7,\"72\":4,\"73\":0,\"74\":20}', 78, 2, 1, 'pending', '2026-06-17 10:39:57'),
(143, 109, 38, '{\"63\":7,\"64\":2,\"65\":7,\"66\":10,\"67\":7,\"68\":3,\"69\":10,\"70\":10,\"71\":7,\"72\":4,\"73\":7,\"74\":5}', 79, 2, 1, 'pending', '2026-06-17 10:52:26'),
(144, 110, 38, '{\"63\":7,\"64\":3,\"65\":7,\"66\":0,\"67\":7,\"68\":5,\"69\":10,\"70\":5,\"71\":3,\"72\":10,\"73\":10,\"74\":5}', 72, 2, 1, 'pending', '2026-06-18 06:31:22'),
(145, 111, 38, '{\"63\":7,\"64\":3,\"65\":10,\"66\":10,\"67\":4,\"68\":3,\"69\":10,\"70\":10,\"71\":7,\"72\":7,\"73\":7,\"74\":20}', 98, 3, 1, 'pending', '2026-06-20 08:46:52');

-- --------------------------------------------------------

--
-- Table structure for table `survey_rules`
--

CREATE TABLE `survey_rules` (
  `id` int NOT NULL,
  `version_id` int NOT NULL,
  `rule_json` text CHARACTER SET utf8mb4 COLLATE utf8mb4_persian_ci NOT NULL,
  `credit_value` int NOT NULL
) ENGINE=InnoDB DEFAULT CHARSET=utf8mb4 COLLATE=utf8mb4_persian_ci;

--
-- Dumping data for table `survey_rules`
--

INSERT INTO `survey_rules` (`id`, `version_id`, `rule_json`, `credit_value`) VALUES
(34, 38, '{\"score_condition\":{\"op\":\">=\",\"val\":\"90\"},\"question_conditions\":[{\"q_text\":\"\\u0645\\u0631\\u06cc\\u0636 \\u062f\\u0631 \\u0645\\u0627\\u0647 \\u0686\\u0646\\u062f \\u062c\\u0644\\u0633\\u0647 \\u062f\\u06cc\\u0627\\u0644\\u06cc\\u0632 \\u0646\\u06cc\\u0627\\u0632 \\u062f\\u0627\\u0631\\u062f\\u061f\",\"op\":\"==\",\"val\":\"4 \\u062c\\u0644\\u0633\\u0647\"}],\"credit\":\"3\"}', 3),
(35, 38, '{\"score_condition\":{\"op\":\">=\",\"val\":\"70\"},\"question_conditions\":[{\"q_text\":\"\\u0645\\u0631\\u06cc\\u0636 \\u062f\\u0631 \\u0645\\u0627\\u0647 \\u0686\\u0646\\u062f \\u062c\\u0644\\u0633\\u0647 \\u062f\\u06cc\\u0627\\u0644\\u06cc\\u0632 \\u0646\\u06cc\\u0627\\u0632 \\u062f\\u0627\\u0631\\u062f\\u061f\",\"op\":\"==\",\"val\":\"4 \\u062c\\u0644\\u0633\\u0647\"}],\"credit\":\"2\"}', 2),
(36, 38, '{\"score_condition\":{\"op\":\">=\",\"val\":\"60\"},\"question_conditions\":[{\"q_text\":\"\\u0645\\u0631\\u06cc\\u0636 \\u062f\\u0631 \\u0645\\u0627\\u0647 \\u0686\\u0646\\u062f \\u062c\\u0644\\u0633\\u0647 \\u062f\\u06cc\\u0627\\u0644\\u06cc\\u0632 \\u0646\\u06cc\\u0627\\u0632 \\u062f\\u0627\\u0631\\u062f\\u061f\",\"op\":\"==\",\"val\":\"4 \\u062c\\u0644\\u0633\\u0647\"}],\"credit\":\"1\"}', 1),
(37, 38, '{\"score_condition\":{\"op\":\"<\",\"val\":\"60\"},\"question_conditions\":[{\"q_text\":\"\\u0645\\u0631\\u06cc\\u0636 \\u062f\\u0631 \\u0645\\u0627\\u0647 \\u0686\\u0646\\u062f \\u062c\\u0644\\u0633\\u0647 \\u062f\\u06cc\\u0627\\u0644\\u06cc\\u0632 \\u0646\\u06cc\\u0627\\u0632 \\u062f\\u0627\\u0631\\u062f\\u061f\",\"op\":\"==\",\"val\":\"4 \\u062c\\u0644\\u0633\\u0647\"}],\"credit\":\"0\"}', 0),
(38, 38, '{\"score_condition\":{\"op\":\">=\",\"val\":\"80\"},\"question_conditions\":[{\"q_text\":\"\\u0645\\u0631\\u06cc\\u0636 \\u062f\\u0631 \\u0645\\u0627\\u0647 \\u0686\\u0646\\u062f \\u062c\\u0644\\u0633\\u0647 \\u062f\\u06cc\\u0627\\u0644\\u06cc\\u0632 \\u0646\\u06cc\\u0627\\u0632 \\u062f\\u0627\\u0631\\u062f\\u061f\",\"op\":\"==\",\"val\":\"8 \\u062c\\u0644\\u0633\\u0647\"}],\"credit\":\"3\"}', 3),
(39, 38, '{\"score_condition\":{\"op\":\">=\",\"val\":\"70\"},\"question_conditions\":[{\"q_text\":\"\\u0645\\u0631\\u06cc\\u0636 \\u062f\\u0631 \\u0645\\u0627\\u0647 \\u0686\\u0646\\u062f \\u062c\\u0644\\u0633\\u0647 \\u062f\\u06cc\\u0627\\u0644\\u06cc\\u0632 \\u0646\\u06cc\\u0627\\u0632 \\u062f\\u0627\\u0631\\u062f\\u061f\",\"op\":\"==\",\"val\":\"8 \\u062c\\u0644\\u0633\\u0647\"}],\"credit\":\"2\"}', 2),
(40, 38, '{\"score_condition\":{\"op\":\">=\",\"val\":\"55\"},\"question_conditions\":[{\"q_text\":\"\\u0645\\u0631\\u06cc\\u0636 \\u062f\\u0631 \\u0645\\u0627\\u0647 \\u0686\\u0646\\u062f \\u062c\\u0644\\u0633\\u0647 \\u062f\\u06cc\\u0627\\u0644\\u06cc\\u0632 \\u0646\\u06cc\\u0627\\u0632 \\u062f\\u0627\\u0631\\u062f\\u061f\",\"op\":\"==\",\"val\":\"8 \\u062c\\u0644\\u0633\\u0647\"}],\"credit\":\"1\"}', 1),
(41, 38, '{\"score_condition\":{\"op\":\"<\",\"val\":\"55\"},\"question_conditions\":[{\"q_text\":\"\\u0645\\u0631\\u06cc\\u0636 \\u062f\\u0631 \\u0645\\u0627\\u0647 \\u0686\\u0646\\u062f \\u062c\\u0644\\u0633\\u0647 \\u062f\\u06cc\\u0627\\u0644\\u06cc\\u0632 \\u0646\\u06cc\\u0627\\u0632 \\u062f\\u0627\\u0631\\u062f\\u061f\",\"op\":\"==\",\"val\":\"8 \\u062c\\u0644\\u0633\\u0647\"}],\"credit\":\"0\"}', 0);

-- --------------------------------------------------------

--
-- Table structure for table `survey_versions`
--

CREATE TABLE `survey_versions` (
  `id` int NOT NULL,
  `version_name` varchar(100) NOT NULL,
  `is_active` tinyint(1) DEFAULT '0',
  `created_at` timestamp NULL DEFAULT CURRENT_TIMESTAMP,
  `survey_id` int NOT NULL
) ENGINE=InnoDB DEFAULT CHARSET=utf8mb4 COLLATE=utf8mb4_0900_ai_ci;

--
-- Dumping data for table `survey_versions`
--

INSERT INTO `survey_versions` (`id`, `version_name`, `is_active`, `created_at`, `survey_id`) VALUES
(38, 'نسخه 1', 1, '2026-03-29 09:24:25', 1);

-- --------------------------------------------------------

--
-- Table structure for table `users`
--

CREATE TABLE `users` (
  `id` int NOT NULL,
  `full_name` varchar(100) CHARACTER SET utf8mb4 COLLATE utf8mb4_persian_ci NOT NULL,
  `username` varchar(50) CHARACTER SET utf8mb4 COLLATE utf8mb4_persian_ci NOT NULL,
  `password` varchar(255) CHARACTER SET utf8mb4 COLLATE utf8mb4_persian_ci NOT NULL,
  `role` enum('admin','data_entry','finance','viewer') CHARACTER SET utf8mb4 COLLATE utf8mb4_persian_ci DEFAULT 'data_entry',
  `status` tinyint(1) DEFAULT '1',
  `created_at` timestamp NULL DEFAULT CURRENT_TIMESTAMP
) ENGINE=InnoDB DEFAULT CHARSET=utf8mb4 COLLATE=utf8mb4_persian_ci;

--
-- Dumping data for table `users`
--

INSERT INTO `users` (`id`, `full_name`, `username`, `password`, `role`, `status`, `created_at`) VALUES
(1, 'Admin User', 'admin', 'admin123', 'admin', 1, '2026-03-09 12:15:15'),
(2, 'Data Entry Staff', 'data1', 'pass123', 'data_entry', 1, '2026-03-09 12:15:15'),
(5, 'بصیره حکیمی', 'ِDialize Kit distributor', '41605960', 'admin', 1, '2026-04-15 07:22:11'),
(6, 'تابش حمیدی', 'Financial Manger', 'Tabish123', 'finance', 1, '2026-04-28 09:13:37');

-- --------------------------------------------------------

--
-- Table structure for table `user_offices`
--

CREATE TABLE `user_offices` (
  `id` int NOT NULL,
  `user_id` int NOT NULL,
  `office_id` int NOT NULL,
  `created_at` timestamp NULL DEFAULT CURRENT_TIMESTAMP
) ENGINE=InnoDB DEFAULT CHARSET=utf8mb4 COLLATE=utf8mb4_persian_ci;

--
-- Dumping data for table `user_offices`
--

INSERT INTO `user_offices` (`id`, `user_id`, `office_id`, `created_at`) VALUES
(1, 2, 2, '2026-04-06 19:05:32'),
(2, 2, 1, '2026-04-06 19:05:32'),
(6, 1, 2, '2026-04-06 21:11:41'),
(7, 1, 1, '2026-04-06 21:11:41'),
(8, 5, 1, '2026-04-15 07:22:11'),
(10, 6, 1, '2026-05-21 10:02:39');

-- --------------------------------------------------------

--
-- Table structure for table `user_operation_access`
--

CREATE TABLE `user_operation_access` (
  `id` int NOT NULL,
  `user_id` int NOT NULL,
  `operation_key` varchar(120) NOT NULL
) ENGINE=InnoDB DEFAULT CHARSET=utf8mb4 COLLATE=utf8mb4_0900_ai_ci;

--
-- Dumping data for table `user_operation_access`
--

INSERT INTO `user_operation_access` (`id`, `user_id`, `operation_key`) VALUES
(4, 1, 'distribution_delete'),
(11, 1, 'finance_account_delete'),
(9, 1, 'handover_confirm_giver'),
(10, 1, 'handover_confirm_receiver'),
(3, 1, 'patient_deactivate'),
(6, 1, 'purchase_approve_final'),
(5, 1, 'purchase_approve_presidential'),
(8, 1, 'purchase_delete'),
(7, 1, 'purchase_reject_final'),
(2, 1, 'survey_delete'),
(14, 1, 'transaction_approve_final'),
(12, 1, 'transaction_approve_presidential'),
(16, 1, 'transaction_delete'),
(15, 1, 'transaction_reject_final'),
(13, 1, 'transaction_reject_presidential'),
(1, 1, 'users_delete'),
(22, 5, 'distribution_delete'),
(25, 5, 'handover_confirm_receiver'),
(21, 5, 'patient_deactivate'),
(23, 5, 'purchase_approve_final'),
(24, 5, 'purchase_delete'),
(20, 5, 'survey_delete'),
(19, 6, 'handover_confirm_giver');

-- --------------------------------------------------------

--
-- Table structure for table `user_page_access`
--

CREATE TABLE `user_page_access` (
  `id` int NOT NULL,
  `user_id` int NOT NULL,
  `href` varchar(255) CHARACTER SET utf8mb4 COLLATE utf8mb4_persian_ci NOT NULL,
  `created_at` timestamp NULL DEFAULT CURRENT_TIMESTAMP
) ENGINE=InnoDB DEFAULT CHARSET=utf8mb4 COLLATE=utf8mb4_persian_ci;

--
-- Dumping data for table `user_page_access`
--

INSERT INTO `user_page_access` (`id`, `user_id`, `href`, `created_at`) VALUES
(141, 5, 'survey_runner.php', '2026-04-21 08:23:26'),
(142, 5, 'survey_results.php', '2026-04-21 08:23:26'),
(143, 5, 'credit_processor.php', '2026-04-21 08:23:26'),
(144, 5, 'patients_manager.php', '2026-04-21 08:23:26'),
(145, 5, 'monthly_beneficiaries.php', '2026-04-21 08:23:27'),
(146, 5, 'distribution_entry.php', '2026-04-21 08:23:27'),
(147, 5, 'distribution_reports.php', '2026-04-21 08:23:27'),
(148, 5, 'helped_patients_list.php', '2026-04-21 08:23:27'),
(149, 5, 'purchase_entry.php', '2026-04-21 08:23:27'),
(150, 5, 'handover_entry.php', '2026-04-21 08:23:27'),
(151, 5, 'inventory_reports.php', '2026-04-21 08:23:27'),
(152, 5, 'request.php', '2026-04-21 08:23:27'),
(153, 5, 'offices.php', '2026-04-21 08:23:27'),
(154, 5, 'warehouses.php', '2026-04-21 08:23:27'),
(155, 5, 'material_categories.php', '2026-04-21 08:23:27'),
(156, 5, 'materials.php', '2026-04-21 08:23:27'),
(157, 5, 'survey_setup.php', '2026-04-21 08:23:27'),
(158, 5, 'users_crud.php', '2026-04-21 08:23:27'),
(159, 5, 'user_page_access.php', '2026-04-21 08:23:27'),
(160, 5, 'operation_access.php', '2026-04-21 08:23:27'),
(161, 1, 'survey_runner.php', '2026-04-21 08:28:31'),
(162, 1, 'survey_results.php', '2026-04-21 08:28:31'),
(163, 1, 'credit_processor.php', '2026-04-21 08:28:31'),
(164, 1, 'patients_manager.php', '2026-04-21 08:28:31'),
(165, 1, 'monthly_beneficiaries.php', '2026-04-21 08:28:31'),
(166, 1, 'distribution_entry.php', '2026-04-21 08:28:31'),
(167, 1, 'distribution_reports.php', '2026-04-21 08:28:31'),
(168, 1, 'helped_patients_list.php', '2026-04-21 08:28:31'),
(169, 1, 'purchase_entry.php', '2026-04-21 08:28:31'),
(170, 1, 'handover_entry.php', '2026-04-21 08:28:31'),
(171, 1, 'inventory_reports.php', '2026-04-21 08:28:31'),
(172, 1, 'request.php', '2026-04-21 08:28:31'),
(173, 1, 'finance_accounts.php', '2026-04-21 08:28:31'),
(174, 1, 'transaction_entry.php', '2026-04-21 08:28:31'),
(175, 1, 'finance_reports.php', '2026-04-21 08:28:31'),
(176, 1, 'offices.php', '2026-04-21 08:28:31'),
(177, 1, 'warehouses.php', '2026-04-21 08:28:31'),
(178, 1, 'material_categories.php', '2026-04-21 08:28:31'),
(179, 1, 'materials.php', '2026-04-21 08:28:31'),
(180, 1, 'survey_setup.php', '2026-04-21 08:28:31'),
(181, 1, 'users_crud.php', '2026-04-21 08:28:31'),
(182, 1, 'user_page_access.php', '2026-04-21 08:28:31'),
(183, 1, 'operation_access.php', '2026-04-21 08:28:31'),
(194, 6, 'purchase_entry.php', '2026-04-28 09:55:49'),
(195, 6, 'handover_entry.php', '2026-04-28 09:55:49'),
(196, 6, 'inventory_reports.php', '2026-04-28 09:55:49'),
(197, 6, 'request.php', '2026-04-28 09:55:49'),
(198, 6, 'finance_accounts.php', '2026-04-28 09:55:49'),
(199, 6, 'transaction_entry.php', '2026-04-28 09:55:49'),
(200, 6, 'finance_reports.php', '2026-04-28 09:55:49'),
(201, 6, 'warehouses.php', '2026-04-28 09:55:49'),
(202, 6, 'material_categories.php', '2026-04-28 09:55:49'),
(203, 6, 'materials.php', '2026-04-28 09:55:49');

-- --------------------------------------------------------

--
-- Table structure for table `warehouses`
--

CREATE TABLE `warehouses` (
  `id` int NOT NULL,
  `name` varchar(255) CHARACTER SET utf8mb4 COLLATE utf8mb4_persian_ci NOT NULL,
  `location` varchar(255) CHARACTER SET utf8mb4 COLLATE utf8mb4_persian_ci DEFAULT NULL,
  `manager_name` varchar(255) CHARACTER SET utf8mb4 COLLATE utf8mb4_persian_ci DEFAULT NULL,
  `manager_contact` varchar(50) CHARACTER SET utf8mb4 COLLATE utf8mb4_persian_ci DEFAULT NULL,
  `office_id` int NOT NULL
) ENGINE=InnoDB DEFAULT CHARSET=utf8mb4 COLLATE=utf8mb4_persian_ci;

--
-- Dumping data for table `warehouses`
--

INSERT INTO `warehouses` (`id`, `name`, `location`, `manager_name`, `manager_contact`, `office_id`) VALUES
(1, 'انبار بنیاد در شفاخانه ملکی آمریت دیالیز', 'مزارشریف', 'بصیره حکیمی', '0728777050', 1);

--
-- Indexes for dumped tables
--

--
-- Indexes for table `distributions`
--
ALTER TABLE `distributions`
  ADD PRIMARY KEY (`id`);

--
-- Indexes for table `distribution_general_recipients`
--
ALTER TABLE `distribution_general_recipients`
  ADD PRIMARY KEY (`id`),
  ADD UNIQUE KEY `uniq_register_no` (`register_no`),
  ADD KEY `idx_distribution_id` (`distribution_id`);

--
-- Indexes for table `distribution_items`
--
ALTER TABLE `distribution_items`
  ADD PRIMARY KEY (`id`);

--
-- Indexes for table `financial_accounts`
--
ALTER TABLE `financial_accounts`
  ADD PRIMARY KEY (`id`),
  ADD KEY `office_id` (`office_id`),
  ADD KEY `type` (`type`),
  ADD KEY `status` (`status`),
  ADD KEY `idx_financial_accounts_office_status` (`office_id`,`status`);

--
-- Indexes for table `financial_transactions`
--
ALTER TABLE `financial_transactions`
  ADD PRIMARY KEY (`id`);

--
-- Indexes for table `materials`
--
ALTER TABLE `materials`
  ADD PRIMARY KEY (`id`);

--
-- Indexes for table `material_categories`
--
ALTER TABLE `material_categories`
  ADD PRIMARY KEY (`id`);

--
-- Indexes for table `material_handovers`
--
ALTER TABLE `material_handovers`
  ADD PRIMARY KEY (`id`),
  ADD KEY `idx_handover_date` (`handover_date`),
  ADD KEY `idx_handover_warehouse` (`warehouse_id`),
  ADD KEY `idx_handover_giver` (`giver_user_id`),
  ADD KEY `idx_handover_receiver` (`receiver_user_id`);

--
-- Indexes for table `material_handover_items`
--
ALTER TABLE `material_handover_items`
  ADD PRIMARY KEY (`id`),
  ADD KEY `idx_handover_items_handover` (`handover_id`),
  ADD KEY `idx_handover_items_material` (`material_id`);

--
-- Indexes for table `material_offices`
--
ALTER TABLE `material_offices`
  ADD PRIMARY KEY (`material_id`,`office_id`);

--
-- Indexes for table `offices`
--
ALTER TABLE `offices`
  ADD PRIMARY KEY (`id`);

--
-- Indexes for table `patients`
--
ALTER TABLE `patients`
  ADD PRIMARY KEY (`id`);

--
-- Indexes for table `purchases`
--
ALTER TABLE `purchases`
  ADD PRIMARY KEY (`id`),
  ADD KEY `idx_purchase_group` (`purchase_group_id`),
  ADD KEY `idx_purchase_material_warehouse_date` (`material_id`,`warehouse_id`,`purchase_date`);

--
-- Indexes for table `survey_forms`
--
ALTER TABLE `survey_forms`
  ADD PRIMARY KEY (`id`);

--
-- Indexes for table `survey_questions`
--
ALTER TABLE `survey_questions`
  ADD PRIMARY KEY (`id`);

--
-- Indexes for table `survey_results`
--
ALTER TABLE `survey_results`
  ADD PRIMARY KEY (`id`),
  ADD KEY `patient_id` (`patient_id`);

--
-- Indexes for table `survey_rules`
--
ALTER TABLE `survey_rules`
  ADD PRIMARY KEY (`id`);

--
-- Indexes for table `survey_versions`
--
ALTER TABLE `survey_versions`
  ADD PRIMARY KEY (`id`);

--
-- Indexes for table `users`
--
ALTER TABLE `users`
  ADD PRIMARY KEY (`id`),
  ADD UNIQUE KEY `username` (`username`);

--
-- Indexes for table `user_offices`
--
ALTER TABLE `user_offices`
  ADD PRIMARY KEY (`id`),
  ADD UNIQUE KEY `uniq_user_office` (`user_id`,`office_id`),
  ADD KEY `idx_user_offices_user` (`user_id`),
  ADD KEY `idx_user_offices_office` (`office_id`);

--
-- Indexes for table `user_operation_access`
--
ALTER TABLE `user_operation_access`
  ADD PRIMARY KEY (`id`),
  ADD UNIQUE KEY `uq_user_operation` (`user_id`,`operation_key`);

--
-- Indexes for table `user_page_access`
--
ALTER TABLE `user_page_access`
  ADD PRIMARY KEY (`id`),
  ADD UNIQUE KEY `uniq_user_href` (`user_id`,`href`),
  ADD KEY `idx_user_page_access_user` (`user_id`),
  ADD KEY `idx_user_page_access_href` (`href`);

--
-- Indexes for table `warehouses`
--
ALTER TABLE `warehouses`
  ADD PRIMARY KEY (`id`),
  ADD KEY `office_id` (`office_id`);

--
-- AUTO_INCREMENT for dumped tables
--

--
-- AUTO_INCREMENT for table `distributions`
--
ALTER TABLE `distributions`
  MODIFY `id` int NOT NULL AUTO_INCREMENT, AUTO_INCREMENT=707;

--
-- AUTO_INCREMENT for table `distribution_general_recipients`
--
ALTER TABLE `distribution_general_recipients`
  MODIFY `id` int NOT NULL AUTO_INCREMENT, AUTO_INCREMENT=176;

--
-- AUTO_INCREMENT for table `distribution_items`
--
ALTER TABLE `distribution_items`
  MODIFY `id` int NOT NULL AUTO_INCREMENT, AUTO_INCREMENT=11214;

--
-- AUTO_INCREMENT for table `financial_accounts`
--
ALTER TABLE `financial_accounts`
  MODIFY `id` int NOT NULL AUTO_INCREMENT, AUTO_INCREMENT=7;

--
-- AUTO_INCREMENT for table `financial_transactions`
--
ALTER TABLE `financial_transactions`
  MODIFY `id` int NOT NULL AUTO_INCREMENT, AUTO_INCREMENT=2;

--
-- AUTO_INCREMENT for table `materials`
--
ALTER TABLE `materials`
  MODIFY `id` int NOT NULL AUTO_INCREMENT, AUTO_INCREMENT=18;

--
-- AUTO_INCREMENT for table `material_categories`
--
ALTER TABLE `material_categories`
  MODIFY `id` int NOT NULL AUTO_INCREMENT, AUTO_INCREMENT=5;

--
-- AUTO_INCREMENT for table `material_handovers`
--
ALTER TABLE `material_handovers`
  MODIFY `id` int NOT NULL AUTO_INCREMENT, AUTO_INCREMENT=16;

--
-- AUTO_INCREMENT for table `material_handover_items`
--
ALTER TABLE `material_handover_items`
  MODIFY `id` int NOT NULL AUTO_INCREMENT, AUTO_INCREMENT=108;

--
-- AUTO_INCREMENT for table `offices`
--
ALTER TABLE `offices`
  MODIFY `id` int NOT NULL AUTO_INCREMENT, AUTO_INCREMENT=5;

--
-- AUTO_INCREMENT for table `patients`
--
ALTER TABLE `patients`
  MODIFY `id` int NOT NULL AUTO_INCREMENT, AUTO_INCREMENT=112;

--
-- AUTO_INCREMENT for table `purchases`
--
ALTER TABLE `purchases`
  MODIFY `id` int NOT NULL AUTO_INCREMENT, AUTO_INCREMENT=80;

--
-- AUTO_INCREMENT for table `survey_forms`
--
ALTER TABLE `survey_forms`
  MODIFY `id` int NOT NULL AUTO_INCREMENT, AUTO_INCREMENT=2;

--
-- AUTO_INCREMENT for table `survey_questions`
--
ALTER TABLE `survey_questions`
  MODIFY `id` int NOT NULL AUTO_INCREMENT, AUTO_INCREMENT=87;

--
-- AUTO_INCREMENT for table `survey_results`
--
ALTER TABLE `survey_results`
  MODIFY `id` int NOT NULL AUTO_INCREMENT, AUTO_INCREMENT=146;

--
-- AUTO_INCREMENT for table `survey_rules`
--
ALTER TABLE `survey_rules`
  MODIFY `id` int NOT NULL AUTO_INCREMENT, AUTO_INCREMENT=42;

--
-- AUTO_INCREMENT for table `survey_versions`
--
ALTER TABLE `survey_versions`
  MODIFY `id` int NOT NULL AUTO_INCREMENT, AUTO_INCREMENT=40;

--
-- AUTO_INCREMENT for table `users`
--
ALTER TABLE `users`
  MODIFY `id` int NOT NULL AUTO_INCREMENT, AUTO_INCREMENT=7;

--
-- AUTO_INCREMENT for table `user_offices`
--
ALTER TABLE `user_offices`
  MODIFY `id` int NOT NULL AUTO_INCREMENT, AUTO_INCREMENT=11;

--
-- AUTO_INCREMENT for table `user_operation_access`
--
ALTER TABLE `user_operation_access`
  MODIFY `id` int NOT NULL AUTO_INCREMENT, AUTO_INCREMENT=26;

--
-- AUTO_INCREMENT for table `user_page_access`
--
ALTER TABLE `user_page_access`
  MODIFY `id` int NOT NULL AUTO_INCREMENT, AUTO_INCREMENT=204;

--
-- AUTO_INCREMENT for table `warehouses`
--
ALTER TABLE `warehouses`
  MODIFY `id` int NOT NULL AUTO_INCREMENT, AUTO_INCREMENT=2;

--
-- Constraints for dumped tables
--

--
-- Constraints for table `financial_accounts`
--
ALTER TABLE `financial_accounts`
  ADD CONSTRAINT `financial_accounts_ibfk_1` FOREIGN KEY (`office_id`) REFERENCES `offices` (`id`);

--
-- Constraints for table `warehouses`
--
ALTER TABLE `warehouses`
  ADD CONSTRAINT `warehouses_ibfk_1` FOREIGN KEY (`office_id`) REFERENCES `offices` (`id`);
COMMIT;

/*!40101 SET CHARACTER_SET_CLIENT=@OLD_CHARACTER_SET_CLIENT */;
/*!40101 SET CHARACTER_SET_RESULTS=@OLD_CHARACTER_SET_RESULTS */;
/*!40101 SET COLLATION_CONNECTION=@OLD_COLLATION_CONNECTION */;
